Date,DayOfWeek,Month,Season,Weekend,Holiday,Ramadan,Promotion,NearbyEvent,TemperatureC,RainfallMM,FootTraffic,AvgOrderValue,TopSellingProduct,WorkingHours,DailyRevenue
2023-01-01,Sunday,1,Winter,1,0,0,0,0,17,0.6,207,7.21,Tea,11,1580.95
2023-01-02,Monday,1,Winter,0,0,0,1,0,9,8.4,163,9.01,Cappuccino,10,1624.06
2023-01-03,Tuesday,1,Winter,0,0,0,0,0,14,0.0,137,7.55,Espresso,10,905.79
2023-01-04,Wednesday,1,Winter,0,0,0,1,0,6,0.0,163,8.83,Pastry,10,1655.59
2023-01-05,Thursday,1,Winter,0,0,0,0,1,13,1.5,177,5.4,Espresso,10,979.45
2023-01-06,Friday,1,Winter,0,0,0,0,0,12,0.9,151,8.81,Espresso,10,1442.56
2023-01-07,Saturday,1,Winter,1,0,0,1,1,7,1.2,324,6.0,Sandwich,11,2154.06
2023-01-08,Sunday,1,Winter,1,0,0,0,0,8,8.5,211,7.63,Latte,11,1583.79
2023-01-09,Monday,1,Winter,0,0,0,1,0,5,8.2,146,5.23,Tea,10,677.94
2023-01-10,Tuesday,1,Winter,0,0,0,0,0,15,7.2,135,6.34,Mocha,10,759.18
2023-01-11,Wednesday,1,Winter,0,0,0,1,1,6,2.2,231,7.32,Tea,10,1892.75
2023-01-12,Thursday,1,Winter,0,0,0,1,0,16,4.4,197,7.43,Sandwich,10,1477.53
2023-01-13,Friday,1,Winter,0,0,0,1,0,17,0.2,192,9.94,Latte,10,1960.61
2023-01-14,Saturday,1,Winter,1,0,0,1,0,8,2.8,227,6.65,Americano,11,1519.28
2023-01-15,Sunday,1,Winter,1,0,0,0,0,8,0.0,190,4.65,Americano,11,937.72
2023-01-16,Monday,1,Winter,0,0,0,0,0,5,0.0,153,8.09,Latte,10,1192.85
2023-01-17,Tuesday,1,Winter,0,1,0,1,0,11,0.8,178,8.5,Americano,10,1729.8
2023-01-18,Wednesday,1,Winter,0,0,0,0,0,14,0.8,127,7.0,Espresso,10,961.69
2023-01-19,Thursday,1,Winter,0,0,0,1,0,15,6.9,147,5.64,Espresso,10,960.19
2023-01-20,Friday,1,Winter,0,0,0,1,0,11,2.6,163,9.8,Sandwich,10,1757.35
2023-01-21,Saturday,1,Winter,1,0,0,0,0,15,1.4,220,7.35,Sandwich,11,1673.77
2023-01-22,Sunday,1,Winter,1,0,0,0,0,8,7.0,217,7.4,Pastry,11,1596.72
2023-01-23,Monday,1,Winter,0,0,0,0,0,17,3.7,155,10.02,Pastry,10,1652.88
2023-01-24,Tuesday,1,Winter,0,0,0,0,0,7,3.2,133,7.89,Pastry,10,1178.98
2023-01-25,Wednesday,1,Winter,0,0,0,0,0,9,8.5,111,5.59,Americano,10,523.75
2023-01-26,Thursday,1,Winter,0,0,0,0,0,15,0.0,116,9.25,Sandwich,10,972.7
2023-01-27,Friday,1,Winter,0,0,0,1,0,17,0.0,192,8.21,Americano,10,1671.5
2023-01-28,Saturday,1,Winter,1,0,0,0,0,13,6.1,186,6.6,Tea,11,1271.24
2023-01-29,Sunday,1,Winter,1,0,0,1,0,5,2.9,227,10.11,Mocha,11,2416.76
2023-01-30,Monday,1,Winter,0,0,0,1,0,17,5.8,180,8.42,Cappuccino,10,1743.76
2023-01-31,Tuesday,1,Winter,0,0,0,0,0,14,0.0,120,8.03,Mocha,10,910.84
2023-02-01,Wednesday,2,Winter,0,0,0,0,0,14,0.0,133,5.95,Latte,10,700.68
2023-02-02,Thursday,2,Winter,0,0,0,0,0,15,1.9,154,7.6,Cappuccino,10,1136.15
2023-02-03,Friday,2,Winter,0,0,0,0,0,15,3.1,123,5.39,Sandwich,10,630.93
2023-02-04,Saturday,2,Winter,1,0,0,1,0,5,0.0,231,9.49,Latte,11,2453.18
2023-02-05,Sunday,2,Winter,1,0,0,0,0,18,0.0,195,10.02,Cappuccino,11,2053.54
2023-02-06,Monday,2,Winter,0,0,0,0,1,10,5.4,182,8.14,Sandwich,10,1595.81
2023-02-07,Tuesday,2,Winter,0,0,0,0,0,8,0.0,137,5.45,Espresso,10,726.49
2023-02-08,Wednesday,2,Winter,0,0,0,0,0,14,4.6,149,5.38,Tea,10,688.59
2023-02-09,Thursday,2,Winter,0,0,0,1,0,5,10.1,187,4.92,Americano,10,861.89
2023-02-10,Friday,2,Winter,0,0,0,0,0,14,5.1,153,7.25,Espresso,10,1228.67
2023-02-11,Saturday,2,Winter,1,1,0,1,0,6,1.5,224,9.39,Sandwich,11,2272.24
2023-02-12,Sunday,2,Winter,1,0,0,0,0,17,0.0,222,7.21,Latte,11,1558.62
2023-02-13,Monday,2,Winter,0,0,0,0,0,18,2.6,123,8.74,Tea,10,1036.71
2023-02-14,Tuesday,2,Winter,0,0,0,1,0,14,9.7,156,7.87,Latte,10,1221.87
2023-02-15,Wednesday,2,Winter,0,0,0,0,0,12,4.6,153,7.98,Espresso,10,1165.42
2023-02-16,Thursday,2,Winter,0,0,0,0,0,12,3.6,147,4.55,Americano,10,744.25
2023-02-17,Friday,2,Winter,0,0,0,1,0,10,0.9,195,10.29,Mocha,10,2284.09
2023-02-18,Saturday,2,Winter,1,0,0,0,0,18,0.0,189,7.82,Sandwich,11,1336.85
2023-02-19,Sunday,2,Winter,1,0,0,0,0,17,3.5,202,9.49,Espresso,11,1906.02
2023-02-20,Monday,2,Winter,0,0,0,0,0,11,5.7,143,6.41,Tea,10,771.49
2023-02-21,Tuesday,2,Winter,0,0,0,1,0,13,1.5,184,8.74,Espresso,10,1702.77
2023-02-22,Wednesday,2,Winter,0,0,0,0,0,6,0.0,125,7.95,Mocha,10,963.72
2023-02-23,Thursday,2,Winter,0,0,0,0,0,11,2.6,111,6.05,Mocha,10,695.69
2023-02-24,Friday,2,Winter,0,0,0,1,0,15,2.9,205,5.11,Tea,10,1090.94
2023-02-25,Saturday,2,Winter,1,0,0,1,0,12,5.9,257,7.98,Mocha,11,2347.82
2023-02-26,Sunday,2,Winter,1,0,0,0,0,14,0.0,187,7.82,Espresso,11,1354.65
2023-02-27,Monday,2,Winter,0,0,0,1,0,11,3.9,185,8.54,Americano,10,1794.36
2023-02-28,Tuesday,2,Winter,0,0,0,0,0,7,5.4,147,4.59,Pastry,10,540.88
2023-03-01,Wednesday,3,Spring,0,0,1,0,0,21,8.8,103,4.72,Americano,10,513.42
2023-03-02,Thursday,3,Spring,0,0,0,0,1,30,9.3,202,7.48,Tea,10,1677.88
2023-03-03,Friday,3,Spring,0,1,0,0,0,22,3.5,110,4.57,Tea,10,528.19
2023-03-04,Saturday,3,Spring,1,0,0,0,0,27,3.0,182,7.89,Pastry,11,1475.25
2023-03-05,Sunday,3,Spring,1,0,1,0,0,20,5.4,188,7.89,Latte,11,1545.11
2023-03-06,Monday,3,Spring,0,0,1,0,0,27,5.4,120,7.2,Sandwich,10,875.79
2023-03-07,Tuesday,3,Spring,0,0,1,1,0,19,0.0,173,10.16,Sandwich,10,2035.35
2023-03-08,Wednesday,3,Spring,0,0,1,0,0,21,3.6,98,5.87,Tea,10,467.45
2023-03-09,Thursday,3,Spring,0,1,1,0,0,28,5.3,113,9.24,Latte,10,955.11
2023-03-10,Friday,3,Spring,0,0,0,1,0,20,1.8,166,7.07,Espresso,10,1310.64
2023-03-11,Saturday,3,Spring,1,0,0,0,0,26,2.2,217,9.4,Americano,11,2142.87
2023-03-12,Sunday,3,Spring,1,0,0,1,1,24,3.8,305,8.6,Sandwich,11,3153.04
2023-03-13,Monday,3,Spring,0,0,1,1,1,21,7.3,211,7.44,Pastry,10,1737.12
2023-03-14,Tuesday,3,Spring,0,0,0,0,0,19,4.2,113,7.29,Espresso,10,819.61
2023-03-15,Wednesday,3,Spring,0,0,1,1,0,25,1.4,160,7.84,Espresso,10,1272.76
2023-03-16,Thursday,3,Spring,0,0,0,0,0,26,1.1,122,4.86,Pastry,10,701.68
2023-03-17,Friday,3,Spring,0,0,1,0,1,27,2.9,180,5.58,Cappuccino,10,1010.18
2023-03-18,Saturday,3,Spring,1,0,1,1,0,27,0.8,259,10.34,Latte,11,2843.6
2023-03-19,Sunday,3,Spring,1,0,1,1,0,29,0.6,221,5.33,Pastry,11,1212.13
2023-03-20,Monday,3,Spring,0,1,1,0,0,30,4.1,103,5.62,Mocha,10,507.49
2023-03-21,Tuesday,3,Spring,0,0,0,1,0,30,0.0,199,6.81,Mocha,10,1477.5
2023-03-22,Wednesday,3,Spring,0,0,1,0,1,26,2.9,185,7.79,Pastry,10,1627.14
2023-03-23,Thursday,3,Spring,0,0,1,0,1,23,3.1,150,10.39,Latte,10,1574.9
2023-03-24,Friday,3,Spring,0,0,0,0,0,21,0.2,157,8.42,Americano,10,1439.28
2023-03-25,Saturday,3,Spring,1,0,1,1,1,28,0.7,281,7.16,Pastry,11,2183.07
2023-03-26,Sunday,3,Spring,1,1,1,1,0,23,4.9,226,8.15,Tea,11,2026.17
2023-03-27,Monday,3,Spring,0,0,1,0,0,27,8.5,83,7.35,Cappuccino,10,530.49
2023-03-28,Tuesday,3,Spring,0,0,1,1,0,21,2.7,155,5.55,Mocha,10,959.4
2023-03-29,Wednesday,3,Spring,0,0,0,0,0,25,6.3,105,7.74,Cappuccino,10,941.24
2023-03-30,Thursday,3,Spring,0,0,1,1,0,21,1.1,172,6.62,Tea,10,1261.61
2023-03-31,Friday,3,Spring,0,0,1,0,0,22,3.2,95,4.83,Espresso,10,402.88
2023-04-01,Saturday,4,Spring,1,0,0,0,0,29,4.9,206,7.62,Tea,11,1590.94
2023-04-02,Sunday,4,Spring,1,0,1,0,0,20,4.8,171,5.91,Cappuccino,11,984.11
2023-04-03,Monday,4,Spring,0,0,0,0,0,19,9.5,143,9.79,Pastry,10,1286.04
2023-04-04,Tuesday,4,Spring,0,0,0,1,1,28,0.4,261,5.94,Tea,10,1766.44
2023-04-05,Wednesday,4,Spring,0,0,0,1,0,23,3.2,186,6.74,Tea,10,1523.62
2023-04-06,Thursday,4,Spring,0,0,1,0,0,18,4.3,105,9.82,Latte,10,1019.19
2023-04-07,Friday,4,Spring,0,0,1,0,1,26,1.2,165,9.45,Sandwich,10,1518.86
2023-04-08,Saturday,4,Spring,1,0,1,0,0,23,0.0,217,9.68,Americano,11,2185.22
2023-04-09,Sunday,4,Spring,1,0,1,0,0,29,2.9,211,7.87,Latte,11,1520.8
2023-04-10,Monday,4,Spring,0,0,0,0,0,21,6.4,116,8.51,Sandwich,10,923.93
2023-04-11,Tuesday,4,Spring,0,0,1,0,1,28,5.0,155,5.73,Pastry,10,836.27
2023-04-12,Wednesday,4,Spring,0,0,1,0,1,19,0.1,165,8.83,Latte,10,1583.87
2023-04-13,Thursday,4,Spring,0,0,1,0,0,23,5.2,118,7.23,Americano,10,755.74
2023-04-14,Friday,4,Spring,0,0,0,0,0,19,3.6,139,8.28,Latte,10,1243.42
2023-04-15,Saturday,4,Spring,1,0,1,0,1,19,3.2,265,7.52,Pastry,11,1981.35
2023-04-16,Sunday,4,Spring,1,0,0,1,1,19,3.7,306,5.79,Espresso,11,1940.23
2023-04-17,Monday,4,Spring,0,0,1,1,0,25,1.7,175,6.69,Americano,10,1384.07
2023-04-18,Tuesday,4,Spring,0,0,0,0,0,29,2.0,137,8.81,Cappuccino,10,1149.71
2023-04-19,Wednesday,4,Spring,0,0,0,1,0,25,4.2,168,8.33,Cappuccino,10,1422.59
2023-04-20,Thursday,4,Spring,0,0,1,0,0,21,5.2,98,7.84,Pastry,10,733.32
2023-04-21,Friday,4,Spring,0,0,1,1,0,18,1.3,164,9.34,Latte,10,1646.21
2023-04-22,Saturday,4,Spring,1,0,1,0,0,29,5.8,201,9.62,Mocha,11,1804.05
2023-04-23,Sunday,4,Spring,1,0,0,1,1,23,3.6,310,7.56,Cappuccino,11,2837.01
2023-04-24,Monday,4,Spring,0,0,0,1,0,19,0.0,176,5.65,Pastry,10,1092.88
2023-04-25,Tuesday,4,Spring,0,0,1,1,0,29,5.2,159,6.38,Latte,10,988.68
2023-04-26,Wednesday,4,Spring,0,0,1,0,0,18,2.8,111,8.42,Sandwich,10,1009.15
2023-04-27,Thursday,4,Spring,0,0,1,1,0,26,6.6,141,6.41,Cappuccino,10,1120.17
2023-04-28,Friday,4,Spring,0,0,0,0,1,24,5.1,198,10.02,Espresso,10,2168.93
2023-04-29,Saturday,4,Spring,1,0,0,1,0,25,4.1,238,5.39,Americano,11,1519.65
2023-04-30,Sunday,4,Spring,1,0,1,0,0,27,8.1,198,9.15,Mocha,11,1642.21
2023-05-01,Monday,5,Spring,0,0,0,0,1,22,0.0,215,6.52,Cappuccino,10,1451.49
2023-05-02,Tuesday,5,Spring,0,0,0,1,0,20,1.8,180,8.81,Tea,10,1683.65
2023-05-03,Wednesday,5,Spring,0,0,0,0,0,20,3.7,121,7.61,Mocha,10,885.56
2023-05-04,Thursday,5,Spring,0,0,0,0,0,20,2.4,117,8.5,Espresso,10,964.35
2023-05-05,Friday,5,Spring,0,0,0,1,0,20,0.6,190,7.44,Cappuccino,10,1599.47
2023-05-06,Saturday,5,Spring,1,0,0,1,0,19,5.2,235,5.22,Tea,11,1272.82
2023-05-07,Sunday,5,Spring,1,0,0,0,1,23,6.1,263,8.17,Americano,11,2144.48
2023-05-08,Monday,5,Spring,0,0,0,0,0,19,7.2,148,6.62,Mocha,10,940.33
2023-05-09,Tuesday,5,Spring,0,0,0,1,0,28,7.1,173,9.61,Espresso,10,1917.65
2023-05-10,Wednesday,5,Spring,0,0,0,0,0,28,4.8,152,6.05,Americano,10,796.39
2023-05-11,Thursday,5,Spring,0,0,0,0,0,28,0.6,151,7.8,Sandwich,10,1081.6
2023-05-12,Friday,5,Spring,0,0,0,1,0,19,6.5,193,7.42,Espresso,10,1451.31
2023-05-13,Saturday,5,Spring,1,0,0,0,0,26,4.4,225,7.3,Latte,11,1678.66
2023-05-14,Sunday,5,Spring,1,0,0,0,0,22,0.4,221,9.67,Cappuccino,11,2164.77
2023-05-15,Monday,5,Spring,0,0,0,0,0,25,2.5,116,6.09,Tea,10,797.88
2023-05-16,Tuesday,5,Spring,0,0,0,0,0,20,7.8,123,5.27,Latte,10,769.93
2023-05-17,Wednesday,5,Spring,0,0,0,0,0,30,6.2,153,8.48,Tea,10,1247.07
2023-05-18,Thursday,5,Spring,0,0,0,0,0,26,6.2,128,6.2,Cappuccino,10,736.64
2023-05-19,Friday,5,Spring,0,0,0,1,1,27,1.0,243,5.84,Mocha,10,1523.74
2023-05-20,Saturday,5,Spring,1,0,0,0,0,29,6.4,217,7.75,Espresso,11,1615.71
2023-05-21,Sunday,5,Spring,1,0,0,1,0,21,5.0,256,6.13,Americano,11,1602.72
2023-05-22,Monday,5,Spring,0,0,0,0,1,28,8.7,155,8.2,Americano,10,1199.2
2023-05-23,Tuesday,5,Spring,0,0,0,0,1,25,10.0,187,10.27,Sandwich,10,1823.7
2023-05-24,Wednesday,5,Spring,0,0,0,0,0,24,4.9,107,6.66,Sandwich,10,712.25
2023-05-25,Thursday,5,Spring,0,0,0,0,0,23,4.8,145,6.01,Tea,10,823.12
2023-05-26,Friday,5,Spring,0,0,0,1,0,21,1.0,206,8.15,Espresso,10,1933.31
2023-05-27,Saturday,5,Spring,1,0,0,0,1,26,6.3,261,7.38,Latte,11,2170.01
2023-05-28,Sunday,5,Spring,1,0,0,0,0,30,4.9,219,9.42,Sandwich,11,1996.93
2023-05-29,Monday,5,Spring,0,0,0,0,1,26,11.2,164,4.93,Americano,10,788.1
2023-05-30,Tuesday,5,Spring,0,0,0,0,0,30,2.3,141,7.42,Latte,10,1055.4
2023-05-31,Wednesday,5,Spring,0,0,0,0,0,20,3.1,153,8.53,Espresso,10,1341.3
2023-06-01,Thursday,6,Summer,0,0,0,0,0,40,4.1,120,8.26,Cappuccino,10,972.84
2023-06-02,Friday,6,Summer,0,0,0,1,0,33,0.0,198,5.25,Americano,10,1248.91
2023-06-03,Saturday,6,Summer,1,0,0,0,0,36,0.0,225,5.39,Sandwich,11,1151.89
2023-06-04,Sunday,6,Summer,1,0,0,0,0,42,0.0,213,4.67,Cappuccino,11,896.11
2023-06-05,Monday,6,Summer,0,0,0,0,0,35,0.5,163,9.17,Tea,10,1424.71
2023-06-06,Tuesday,6,Summer,0,0,0,0,0,41,1.2,137,5.87,Tea,10,923.97
2023-06-07,Wednesday,6,Summer,0,0,0,0,0,42,0.8,140,7.32,Cappuccino,10,902.34
2023-06-08,Thursday,6,Summer,0,0,0,0,1,39,1.8,200,10.1,Mocha,10,2009.91
2023-06-09,Friday,6,Summer,0,0,0,1,0,32,0.0,187,9.7,Mocha,10,1906.64
2023-06-10,Saturday,6,Summer,1,0,0,0,0,29,0.5,231,9.57,Americano,11,2257.11
2023-06-11,Sunday,6,Summer,1,0,0,1,1,28,5.1,286,10.23,Pastry,11,3474.93
2023-06-12,Monday,6,Summer,0,0,0,1,0,40,1.6,200,7.59,Cappuccino,10,1774.51
2023-06-13,Tuesday,6,Summer,0,0,0,0,0,29,5.8,138,5.23,Sandwich,10,576.95
2023-06-14,Wednesday,6,Summer,0,0,0,0,0,41,0.0,157,10.46,Espresso,10,1531.06
2023-06-15,Thursday,6,Summer,0,0,0,0,0,30,1.6,132,9.63,Espresso,10,1250.22
2023-06-16,Friday,6,Summer,0,0,0,1,0,41,4.1,169,6.74,Espresso,10,1376.58
2023-06-17,Saturday,6,Summer,1,0,0,1,0,39,1.4,266,5.37,Pastry,11,1506.54
2023-06-18,Sunday,6,Summer,1,0,0,0,0,39,4.2,195,7.87,Espresso,11,1432.29
2023-06-19,Monday,6,Summer,0,0,0,0,0,33,0.0,147,6.57,Tea,10,866.49
2023-06-20,Tuesday,6,Summer,0,0,0,1,0,31,3.8,197,9.55,Sandwich,10,1948.22
2023-06-21,Wednesday,6,Summer,0,0,0,0,0,41,1.2,154,9.3,Pastry,10,1369.72
2023-06-22,Thursday,6,Summer,0,0,0,0,0,41,0.1,163,7.47,Americano,10,1143.47
2023-06-23,Friday,6,Summer,0,0,0,0,0,38,2.4,139,8.79,Americano,10,1079.0
2023-06-24,Saturday,6,Summer,1,0,0,0,0,29,8.0,202,8.85,Cappuccino,11,1887.67
2023-06-25,Sunday,6,Summer,1,0,0,1,0,33,0.0,264,9.17,Sandwich,11,2779.94
2023-06-26,Monday,6,Summer,0,0,0,0,0,36,1.5,115,6.68,Pastry,10,755.7
2023-06-27,Tuesday,6,Summer,0,0,0,0,0,39,1.2,131,9.68,Sandwich,10,1286.16
2023-06-28,Wednesday,6,Summer,0,0,0,0,0,29,3.7,153,7.56,Tea,10,1160.59
2023-06-29,Thursday,6,Summer,0,0,0,0,0,29,0.0,133,10.13,Americano,10,1370.18
2023-06-30,Friday,6,Summer,0,0,0,0,0,40,0.3,120,9.19,Mocha,10,957.82
2023-07-01,Saturday,7,Summer,1,0,0,1,0,35,1.4,269,6.46,Pastry,11,1769.99
2023-07-02,Sunday,7,Summer,1,0,0,0,0,35,0.0,217,9.0,Pastry,11,2032.46
2023-07-03,Monday,7,Summer,0,0,0,0,0,30,1.5,119,6.57,Latte,10,828.94
2023-07-04,Tuesday,7,Summer,0,0,0,1,0,33,4.6,189,10.31,Espresso,10,2194.2
2023-07-05,Wednesday,7,Summer,0,0,0,1,0,33,0.8,185,9.04,Cappuccino,10,1711.35
2023-07-06,Thursday,7,Summer,0,0,0,0,0,34,0.0,152,9.98,Mocha,10,1489.63
2023-07-07,Friday,7,Summer,0,0,0,1,0,30,0.0,177,9.03,Espresso,10,1903.88
2023-07-08,Saturday,7,Summer,1,0,0,0,0,29,3.6,189,9.11,Tea,11,1801.65
2023-07-09,Sunday,7,Summer,1,0,0,0,1,29,2.2,248,7.66,Espresso,11,1951.85
2023-07-10,Monday,7,Summer,0,0,0,0,0,42,0.0,121,8.33,Cappuccino,10,911.44
2023-07-11,Tuesday,7,Summer,0,0,0,0,0,40,6.3,122,6.19,Mocha,10,641.1
2023-07-12,Wednesday,7,Summer,0,0,0,0,0,30,3.7,113,9.5,Pastry,10,1128.53
2023-07-13,Thursday,7,Summer,0,0,0,0,0,38,3.5,108,8.15,Tea,10,1011.81
2023-07-14,Friday,7,Summer,0,0,0,0,0,37,3.6,143,8.06,Mocha,10,1056.8
2023-07-15,Saturday,7,Summer,1,0,0,0,1,34,1.9,238,5.63,Mocha,11,1279.07
2023-07-16,Sunday,7,Summer,1,0,0,0,0,33,4.6,183,6.41,Espresso,11,1289.49
2023-07-17,Monday,7,Summer,0,0,0,0,0,42,1.3,155,5.51,Tea,10,829.03
2023-07-18,Tuesday,7,Summer,0,1,0,0,1,32,4.6,184,9.57,Latte,10,1972.98
2023-07-19,Wednesday,7,Summer,0,0,0,0,0,30,1.6,134,6.04,Sandwich,10,936.89
2023-07-20,Thursday,7,Summer,0,0,0,0,1,40,0.9,212,5.66,Mocha,10,1268.38
2023-07-21,Friday,7,Summer,0,0,0,0,0,29,0.0,115,8.59,Mocha,10,937.52
2023-07-22,Saturday,7,Summer,1,0,0,0,0,39,2.2,213,7.69,Tea,11,1538.59
2023-07-23,Sunday,7,Summer,1,0,0,0,0,37,1.5,183,6.47,Pastry,11,1040.12
2023-07-24,Monday,7,Summer,0,1,0,0,0,29,4.5,109,6.13,Tea,10,739.93
2023-07-25,Tuesday,7,Summer,0,0,0,0,0,35,2.1,148,10.08,Espresso,10,1360.42
2023-07-26,Wednesday,7,Summer,0,0,0,0,0,41,0.0,161,4.53,Latte,10,722.6
2023-07-27,Thursday,7,Summer,0,0,0,1,0,33,0.0,162,5.99,Pastry,10,989.66
2023-07-28,Friday,7,Summer,0,0,0,0,0,37,0.1,125,6.28,Espresso,10,795.47
2023-07-29,Saturday,7,Summer,1,0,0,0,0,42,8.4,175,9.03,Americano,11,1474.05
2023-07-30,Sunday,7,Summer,1,0,0,1,1,37,4.5,303,5.75,Americano,11,1948.96
2023-07-31,Monday,7,Summer,0,1,0,0,0,29,2.7,150,6.81,Mocha,10,960.83
2023-08-01,Tuesday,8,Summer,0,0,0,0,0,40,6.9,150,4.97,Sandwich,10,863.65
2023-08-02,Wednesday,8,Summer,0,0,0,1,0,28,1.0,162,8.28,Espresso,10,1585.86
2023-08-03,Thursday,8,Summer,0,0,0,0,0,28,0.8,150,5.04,Espresso,10,720.51
2023-08-04,Friday,8,Summer,0,0,0,0,0,31,2.6,134,5.11,Latte,10,701.32
2023-08-05,Saturday,8,Summer,1,0,0,1,0,34,6.3,252,5.19,Espresso,11,1560.43
2023-08-06,Sunday,8,Summer,1,0,0,0,0,37,0.0,197,9.58,Sandwich,11,1906.78
2023-08-07,Monday,8,Summer,0,0,0,1,0,30,0.8,209,10.13,Pastry,10,2206.24
2023-08-08,Tuesday,8,Summer,0,0,0,0,0,42,0.0,143,6.8,Latte,10,1059.65
2023-08-09,Wednesday,8,Summer,0,0,0,0,0,33,6.3,140,6.62,Tea,10,795.85
2023-08-10,Thursday,8,Summer,0,0,0,0,0,32,2.4,119,4.84,Americano,10,714.93
2023-08-11,Friday,8,Summer,0,0,0,0,0,42,0.0,157,8.42,Americano,10,1443.24
2023-08-12,Saturday,8,Summer,1,0,0,1,0,33,0.0,257,9.33,Tea,11,2669.69
2023-08-13,Sunday,8,Summer,1,0,0,0,0,35,0.0,220,9.66,Americano,11,2000.48
2023-08-14,Monday,8,Summer,0,0,0,1,1,32,1.5,223,8.65,Tea,10,2131.54
2023-08-15,Tuesday,8,Summer,0,0,0,1,0,31,2.1,180,5.12,Espresso,10,975.55
2023-08-16,Wednesday,8,Summer,0,0,0,0,0,34,2.1,126,8.72,Mocha,10,1130.61
2023-08-17,Thursday,8,Summer,0,0,0,1,0,40,2.8,185,4.74,Mocha,10,880.65
2023-08-18,Friday,8,Summer,0,1,0,1,0,41,3.6,181,9.92,Mocha,10,1855.86
2023-08-19,Saturday,8,Summer,1,0,0,1,0,29,0.0,251,6.95,Cappuccino,11,2057.15
2023-08-20,Sunday,8,Summer,1,0,0,0,0,39,0.0,229,4.93,Latte,11,1143.95
2023-08-21,Monday,8,Summer,0,0,0,0,0,28,0.0,161,10.02,Latte,10,1596.8
2023-08-22,Tuesday,8,Summer,0,0,0,0,0,35,3.2,149,6.99,Espresso,10,1117.07
2023-08-23,Wednesday,8,Summer,0,0,0,0,1,42,3.6,197,7.13,Tea,10,1544.51
2023-08-24,Thursday,8,Summer,0,0,0,0,0,40,4.9,155,9.02,Tea,10,1463.71
2023-08-25,Friday,8,Summer,0,0,0,0,0,35,1.0,119,6.31,Mocha,10,795.5
2023-08-26,Saturday,8,Summer,1,0,0,0,0,35,0.0,222,8.58,Pastry,11,1979.52
2023-08-27,Sunday,8,Summer,1,0,0,0,0,42,0.0,200,7.2,Americano,11,1445.86
2023-08-28,Monday,8,Summer,0,0,0,0,0,35,8.8,134,6.13,Sandwich,10,901.39
2023-08-29,Tuesday,8,Summer,0,0,0,0,0,41,4.1,122,9.38,Sandwich,10,1270.98
2023-08-30,Wednesday,8,Summer,0,0,0,0,1,40,0.0,219,7.92,Americano,10,1755.31
2023-08-31,Thursday,8,Summer,0,0,0,1,0,35,1.2,167,9.48,Espresso,10,1791.74
2023-09-01,Friday,9,Autumn,0,1,0,1,0,18,1.4,169,6.77,Sandwich,10,1188.08
2023-09-02,Saturday,9,Autumn,1,0,0,1,0,30,5.8,247,7.89,Mocha,11,2081.01
2023-09-03,Sunday,9,Autumn,1,0,0,1,0,28,7.3,232,8.92,Latte,11,2195.04
2023-09-04,Monday,9,Autumn,0,0,0,0,0,27,3.3,152,5.0,Latte,10,760.47
2023-09-05,Tuesday,9,Autumn,0,0,0,0,0,21,0.0,147,4.87,Tea,10,854.64
2023-09-06,Wednesday,9,Autumn,0,0,0,1,0,24,4.0,157,8.58,Latte,10,1500.93
2023-09-07,Thursday,9,Autumn,0,0,0,1,0,27,0.2,164,7.97,Sandwich,10,1381.94
2023-09-08,Friday,9,Autumn,0,0,0,0,0,29,1.6,148,8.97,Cappuccino,10,1454.1
2023-09-09,Saturday,9,Autumn,1,0,0,1,0,18,3.6,232,8.85,Cappuccino,11,2322.51
2023-09-10,Sunday,9,Autumn,1,0,0,0,0,22,2.0,196,6.18,Sandwich,11,1148.19
2023-09-11,Monday,9,Autumn,0,0,0,0,1,24,4.8,192,10.44,Cappuccino,10,2137.88
2023-09-12,Tuesday,9,Autumn,0,0,0,0,0,30,4.8,132,4.84,Mocha,10,664.59
2023-09-13,Wednesday,9,Autumn,0,0,0,0,0,19,0.2,135,4.75,Espresso,10,605.46
2023-09-14,Thursday,9,Autumn,0,0,0,1,0,21,1.4,190,5.62,Pastry,10,1077.03
2023-09-15,Friday,9,Autumn,0,0,0,0,0,30,1.1,121,7.83,Sandwich,10,838.62
2023-09-16,Saturday,9,Autumn,1,0,0,0,0,29,0.0,215,8.69,Pastry,11,1938.88
2023-09-17,Sunday,9,Autumn,1,0,0,0,1,19,3.7,271,6.35,Tea,11,1747.24
2023-09-18,Monday,9,Autumn,0,0,0,1,0,21,5.3,175,5.47,Pastry,10,1169.89
2023-09-19,Tuesday,9,Autumn,0,0,0,0,1,18,8.6,161,6.78,Americano,10,1188.48
2023-09-20,Wednesday,9,Autumn,0,0,0,0,0,21,2.9,121,5.48,Cappuccino,10,753.62
2023-09-21,Thursday,9,Autumn,0,0,0,0,0,21,12.4,101,5.37,Espresso,10,540.21
2023-09-22,Friday,9,Autumn,0,0,0,1,0,19,0.1,176,9.01,Tea,10,1877.17
2023-09-23,Saturday,9,Autumn,1,0,0,0,0,26,0.0,214,6.19,Cappuccino,11,1267.69
2023-09-24,Sunday,9,Autumn,1,0,0,0,0,22,0.9,197,4.68,Latte,11,840.56
2023-09-25,Monday,9,Autumn,0,1,0,0,0,20,0.8,122,7.22,Sandwich,10,734.74
2023-09-26,Tuesday,9,Autumn,0,0,0,0,0,22,1.8,121,7.06,Americano,10,968.21
2023-09-27,Wednesday,9,Autumn,0,0,0,0,0,25,0.1,165,6.89,Latte,10,1195.44
2023-09-28,Thursday,9,Autumn,0,0,0,0,0,19,8.0,105,8.79,Americano,10,790.24
2023-09-29,Friday,9,Autumn,0,0,0,1,1,20,4.1,251,5.58,Cappuccino,10,1637.28
2023-09-30,Saturday,9,Autumn,1,0,0,1,0,18,9.1,236,6.76,Cappuccino,11,1646.68
2023-10-01,Sunday,10,Autumn,1,0,0,0,0,25,2.6,222,10.16,Americano,11,2266.65
2023-10-02,Monday,10,Autumn,0,0,0,1,0,28,4.7,178,8.32,Mocha,10,1682.54
2023-10-03,Tuesday,10,Autumn,0,0,0,0,0,21,7.8,144,8.05,Tea,10,1300.52
2023-10-04,Wednesday,10,Autumn,0,0,0,0,0,24,1.7,148,4.96,Pastry,10,849.4
2023-10-05,Thursday,10,Autumn,0,0,0,1,0,28,0.3,197,7.64,Espresso,10,1694.32
2023-10-06,Friday,10,Autumn,0,0,0,0,0,25,3.2,138,8.32,Americano,10,1174.76
2023-10-07,Saturday,10,Autumn,1,0,0,0,0,21,6.0,207,9.12,Americano,11,1974.22
2023-10-08,Sunday,10,Autumn,1,0,0,1,1,22,1.3,311,5.14,Americano,11,1732.38
2023-10-09,Monday,10,Autumn,0,0,0,0,0,29,9.2,108,5.61,Sandwich,10,443.77
2023-10-10,Tuesday,10,Autumn,0,0,0,1,0,19,1.7,193,7.63,Pastry,10,1716.38
2023-10-11,Wednesday,10,Autumn,0,0,0,0,0,25,0.0,139,7.16,Cappuccino,10,1028.02
2023-10-12,Thursday,10,Autumn,0,0,0,1,0,26,5.9,173,8.23,Espresso,10,1591.8
2023-10-13,Friday,10,Autumn,0,0,0,1,0,25,4.2,196,6.85,Cappuccino,10,1404.19
2023-10-14,Saturday,10,Autumn,1,0,0,1,0,19,0.3,259,7.96,Pastry,11,2274.8
2023-10-15,Sunday,10,Autumn,1,0,0,1,1,27,2.3,316,4.99,Sandwich,11,1695.29
2023-10-16,Monday,10,Autumn,0,0,0,1,1,19,2.9,228,4.83,Tea,10,1301.03
2023-10-17,Tuesday,10,Autumn,0,0,0,0,0,18,10.0,118,4.82,Americano,10,448.34
2023-10-18,Wednesday,10,Autumn,0,0,0,1,0,23,1.7,204,6.91,Tea,10,1416.17
2023-10-19,Thursday,10,Autumn,0,0,0,0,0,26,3.5,140,5.23,Espresso,10,856.23
2023-10-20,Friday,10,Autumn,0,0,0,1,0,20,2.8,186,7.74,Espresso,10,1604.71
2023-10-21,Saturday,10,Autumn,1,0,0,0,0,25,4.0,217,7.98,Tea,11,1839.25
2023-10-22,Sunday,10,Autumn,1,0,0,1,0,19,4.9,230,10.25,Tea,11,2727.13
2023-10-23,Monday,10,Autumn,0,0,0,0,0,28,1.2,162,5.04,Sandwich,10,762.21
2023-10-24,Tuesday,10,Autumn,0,0,0,0,0,29,3.9,109,6.17,Latte,10,743.34
2023-10-25,Wednesday,10,Autumn,0,0,0,1,0,22,4.1,176,6.71,Sandwich,10,1241.86
2023-10-26,Thursday,10,Autumn,0,0,0,1,1,26,5.4,206,4.72,Mocha,10,1035.23
2023-10-27,Friday,10,Autumn,0,0,0,0,0,24,3.2,156,7.11,Cappuccino,10,1082.16
2023-10-28,Saturday,10,Autumn,1,0,0,0,1,22,6.1,232,8.37,Mocha,11,2054.09
2023-10-29,Sunday,10,Autumn,1,0,0,1,0,29,0.4,271,6.0,Espresso,11,1810.27
2023-10-30,Monday,10,Autumn,0,0,0,0,0,26,3.9,130,7.54,Mocha,10,1050.82
2023-10-31,Tuesday,10,Autumn,0,0,0,1,0,23,2.4,174,4.86,Pastry,10,840.44
2023-11-01,Wednesday,11,Autumn,0,0,0,0,0,24,7.9,133,4.95,Sandwich,10,643.73
2023-11-02,Thursday,11,Autumn,0,0,0,1,1,30,6.6,242,9.17,Sandwich,10,2515.26
2023-11-03,Friday,11,Autumn,0,0,0,0,0,29,2.0,153,5.6,Sandwich,10,823.37
2023-11-04,Saturday,11,Autumn,1,0,0,0,0,23,0.0,197,7.0,Americano,11,1308.71
2023-11-05,Sunday,11,Autumn,1,0,0,0,1,19,2.9,260,6.0,Espresso,11,1588.34
2023-11-06,Monday,11,Autumn,0,0,0,0,0,23,6.7,144,5.71,Americano,10,743.23
2023-11-07,Tuesday,11,Autumn,0,0,0,0,0,29,9.8,121,8.96,Americano,10,1187.87
2023-11-08,Wednesday,11,Autumn,0,0,0,0,0,26,4.4,124,8.16,Cappuccino,10,1097.24
2023-11-09,Thursday,11,Autumn,0,0,0,0,0,24,4.7,113,6.07,Cappuccino,10,711.85
2023-11-10,Friday,11,Autumn,0,0,0,1,0,23,4.6,179,8.06,Pastry,10,1482.19
2023-11-11,Saturday,11,Autumn,1,0,0,1,0,22,0.8,273,9.28,Pastry,11,2639.87
2023-11-12,Sunday,11,Autumn,1,0,0,1,0,27,0.7,252,5.49,Tea,11,1621.31
2023-11-13,Monday,11,Autumn,0,0,0,1,0,27,0.4,171,8.76,Tea,10,1592.52
2023-11-14,Tuesday,11,Autumn,0,0,0,0,1,18,0.0,207,6.05,Tea,10,1207.3
2023-11-15,Wednesday,11,Autumn,0,0,0,0,0,18,0.0,140,10.21,Sandwich,10,1494.64
2023-11-16,Thursday,11,Autumn,0,0,0,0,0,20,0.0,127,10.09,Mocha,10,1131.99
2023-11-17,Friday,11,Autumn,0,0,0,0,0,27,1.9,131,6.45,Tea,10,859.84
2023-11-18,Saturday,11,Autumn,1,0,0,0,0,24,2.7,192,6.15,Pastry,11,1136.21
2023-11-19,Sunday,11,Autumn,1,0,0,1,0,20,0.0,247,9.61,Pastry,11,2682.49
2023-11-20,Monday,11,Autumn,0,0,0,0,0,28,3.1,124,5.07,Pastry,10,553.19
2023-11-21,Tuesday,11,Autumn,0,0,0,1,0,19,9.4,192,7.28,Americano,10,1617.96
2023-11-22,Wednesday,11,Autumn,0,0,0,1,1,27,1.8,239,10.17,Espresso,10,2855.44
2023-11-23,Thursday,11,Autumn,0,1,0,0,0,19,4.1,103,7.36,Cappuccino,10,647.6
2023-11-24,Friday,11,Autumn,0,0,0,1,0,20,1.4,198,5.83,Americano,10,1321.4
2023-11-25,Saturday,11,Autumn,1,0,0,1,0,18,1.1,239,5.94,Americano,11,1677.48
2023-11-26,Sunday,11,Autumn,1,0,0,1,0,23,8.1,219,10.18,Latte,11,2405.33
2023-11-27,Monday,11,Autumn,0,0,0,1,0,30,3.3,168,8.38,Espresso,10,1655.61
2023-11-28,Tuesday,11,Autumn,0,0,0,0,0,25,3.8,140,9.38,Tea,10,1382.03
2023-11-29,Wednesday,11,Autumn,0,0,0,1,0,24,0.0,195,9.16,Mocha,10,1855.49
2023-11-30,Thursday,11,Autumn,0,0,0,0,0,18,3.3,136,7.69,Cappuccino,10,1165.79
2023-12-01,Friday,12,Winter,0,0,0,1,0,13,3.3,167,5.94,Americano,10,1165.38
2023-12-02,Saturday,12,Winter,1,0,0,0,0,18,3.1,202,10.03,Latte,11,2129.91
2023-12-03,Sunday,12,Winter,1,0,0,0,1,5,0.0,241,5.39,Cappuccino,11,1479.11
2023-12-04,Monday,12,Winter,0,0,0,0,0,6,0.0,160,8.14,Latte,10,1155.59
2023-12-05,Tuesday,12,Winter,0,1,0,1,0,13,2.2,181,4.71,Tea,10,909.41
2023-12-06,Wednesday,12,Winter,0,0,0,0,0,7,2.4,143,7.41,Tea,10,1109.37
2023-12-07,Thursday,12,Winter,0,0,0,0,0,10,4.2,119,8.38,Americano,10,1122.46
2023-12-08,Friday,12,Winter,0,0,0,0,0,5,2.5,126,7.55,Latte,10,1000.67
2023-12-09,Saturday,12,Winter,1,0,0,0,0,17,2.4,194,6.13,Mocha,11,1250.7
2023-12-10,Sunday,12,Winter,1,0,0,0,0,11,1.1,216,7.48,Pastry,11,1522.47
2023-12-11,Monday,12,Winter,0,0,0,0,0,6,3.8,150,4.83,Latte,10,845.13
2023-12-12,Tuesday,12,Winter,0,0,0,0,0,6,5.0,152,7.12,Pastry,10,1121.75
2023-12-13,Wednesday,12,Winter,0,0,0,0,0,6,3.2,121,5.33,Mocha,10,541.83
2023-12-14,Thursday,12,Winter,0,0,0,0,0,8,7.4,144,9.14,Tea,10,1353.48
2023-12-15,Friday,12,Winter,0,0,0,0,0,13,1.8,159,9.36,Pastry,10,1631.2
2023-12-16,Saturday,12,Winter,1,0,0,1,0,13,1.4,232,10.37,Espresso,11,2759.88
2023-12-17,Sunday,12,Winter,1,0,0,0,0,16,7.3,178,8.21,Cappuccino,11,1392.0
2023-12-18,Monday,12,Winter,0,0,0,0,0,11,2.9,139,8.2,Tea,10,1037.8
2023-12-19,Tuesday,12,Winter,0,0,0,0,0,8,2.1,124,6.54,Sandwich,10,705.06
2023-12-20,Wednesday,12,Winter,0,1,0,0,0,17,2.2,132,7.43,Sandwich,10,849.17
2023-12-21,Thursday,12,Winter,0,0,0,1,1,10,6.2,224,6.21,Mocha,10,1656.92
2023-12-22,Friday,12,Winter,0,0,0,0,0,5,0.0,134,4.6,Americano,10,517.47
2023-12-23,Saturday,12,Winter,1,0,0,0,0,13,3.6,187,5.39,Americano,11,1000.97
2023-12-24,Sunday,12,Winter,1,0,0,0,0,15,0.0,203,9.76,Tea,11,1890.97
2023-12-25,Monday,12,Winter,0,0,0,1,1,13,2.0,223,5.49,Tea,10,1291.33
2023-12-26,Tuesday,12,Winter,0,0,0,0,0,13,3.7,123,8.81,Mocha,10,1109.5
2023-12-27,Wednesday,12,Winter,0,0,0,0,0,12,4.4,110,6.22,Pastry,10,583.15
2023-12-28,Thursday,12,Winter,0,0,0,0,0,16,3.2,129,10.44,Espresso,10,1381.55
2023-12-29,Friday,12,Winter,0,0,0,0,0,12,5.5,110,4.83,Americano,10,520.51
2023-12-30,Saturday,12,Winter,1,0,0,0,0,11,0.0,211,4.67,Cappuccino,11,1120.86
2023-12-31,Sunday,12,Winter,1,0,0,0,0,11,0.7,209,4.71,Mocha,11,1125.38
2024-01-01,Monday,1,Winter,0,0,0,0,1,10,4.8,175,7.77,Mocha,10,1556.85
2024-01-02,Tuesday,1,Winter,0,0,0,0,1,6,0.2,205,4.59,Cappuccino,10,1013.65
2024-01-03,Wednesday,1,Winter,0,0,0,1,0,16,7.6,164,4.97,Pastry,10,963.63
2024-01-04,Thursday,1,Winter,0,0,0,0,0,7,2.6,146,7.14,Americano,10,1087.94
2024-01-05,Friday,1,Winter,0,0,0,0,0,14,3.2,151,5.63,Tea,10,871.82
2024-01-06,Saturday,1,Winter,1,0,0,1,0,6,0.0,273,5.65,Espresso,11,1794.73
2024-01-07,Sunday,1,Winter,1,0,0,0,1,10,2.7,275,9.04,Mocha,11,2504.78
2024-01-08,Monday,1,Winter,0,0,0,0,1,16,0.0,195,8.53,Sandwich,10,1705.69
2024-01-09,Tuesday,1,Winter,0,0,0,0,0,10,7.9,137,6.71,Latte,10,939.16
2024-01-10,Wednesday,1,Winter,0,0,0,0,0,14,0.0,136,7.58,Latte,10,1089.1
2024-01-11,Thursday,1,Winter,0,0,0,0,0,16,2.9,147,5.8,Latte,10,721.65
2024-01-12,Friday,1,Winter,0,0,0,1,0,9,0.0,161,8.85,Americano,10,1613.32
2024-01-13,Saturday,1,Winter,1,0,0,0,1,9,2.2,265,9.61,Cappuccino,11,2610.32
2024-01-14,Sunday,1,Winter,1,0,0,0,0,9,6.1,194,8.32,Americano,11,1646.82
2024-01-15,Monday,1,Winter,0,0,0,0,0,12,1.8,113,4.71,Latte,10,606.72
2024-01-16,Tuesday,1,Winter,0,0,0,0,0,5,0.5,118,9.42,Americano,10,1143.1
2024-01-17,Wednesday,1,Winter,0,0,0,0,0,6,4.4,110,8.29,Sandwich,10,768.07
2024-01-18,Thursday,1,Winter,0,0,0,1,1,10,3.8,227,6.36,Latte,10,1574.93
2024-01-19,Friday,1,Winter,0,0,0,0,0,7,3.5,127,8.56,Cappuccino,10,1086.69
2024-01-20,Saturday,1,Winter,1,0,0,0,0,11,0.0,214,8.16,Sandwich,11,1755.56
2024-01-21,Sunday,1,Winter,1,0,0,0,0,13,3.2,185,4.7,Cappuccino,11,976.62
2024-01-22,Monday,1,Winter,0,0,0,0,0,18,0.0,133,5.43,Cappuccino,10,825.33
2024-01-23,Tuesday,1,Winter,0,0,0,0,0,5,3.9,138,4.61,Sandwich,10,529.86
2024-01-24,Wednesday,1,Winter,0,0,0,0,0,5,0.0,145,5.79,Sandwich,10,939.18
2024-01-25,Thursday,1,Winter,0,1,0,1,0,10,3.0,159,6.17,Espresso,10,1047.41
2024-01-26,Friday,1,Winter,0,0,0,0,0,13,4.2,143,10.49,Espresso,10,1429.92
2024-01-27,Saturday,1,Winter,1,0,0,0,0,12,2.1,218,5.49,Latte,11,1238.39
2024-01-28,Sunday,1,Winter,1,0,0,0,0,9,0.0,197,10.15,Cappuccino,11,1928.46
2024-01-29,Monday,1,Winter,0,0,0,0,0,16,5.2,117,5.23,Cappuccino,10,746.15
2024-01-30,Tuesday,1,Winter,0,0,0,0,0,12,1.9,154,4.81,Sandwich,10,819.24
2024-01-31,Wednesday,1,Winter,0,0,0,1,0,16,0.0,165,7.11,Pastry,10,1426.86
2024-02-01,Thursday,2,Winter,0,0,0,0,0,5,4.9,107,6.02,Tea,10,748.39
2024-02-02,Friday,2,Winter,0,0,0,0,0,7,5.5,151,8.88,Americano,10,1219.87
2024-02-03,Saturday,2,Winter,1,0,0,0,0,11,7.7,205,9.21,Sandwich,11,1781.74
2024-02-04,Sunday,2,Winter,1,0,0,0,1,18,5.4,250,9.13,Cappuccino,11,2513.48
2024-02-05,Monday,2,Winter,0,0,0,0,0,14,0.3,158,10.19,Espresso,10,1696.78
2024-02-06,Tuesday,2,Winter,0,0,0,0,0,9,2.3,150,6.92,Cappuccino,10,991.01
2024-02-07,Wednesday,2,Winter,0,0,0,0,0,17,4.2,128,10.39,Latte,10,1296.6
2024-02-08,Thursday,2,Winter,0,0,0,0,0,16,0.7,139,8.95,Latte,10,1343.55
2024-02-09,Friday,2,Winter,0,0,0,0,0,13,1.8,133,8.64,Cappuccino,10,1266.13
2024-02-10,Saturday,2,Winter,1,0,0,0,1,16,1.8,264,5.88,Espresso,11,1602.62
2024-02-11,Sunday,2,Winter,1,0,0,0,0,7,3.0,193,9.29,Americano,11,1891.05
2024-02-12,Monday,2,Winter,0,1,0,1,1,11,1.8,225,7.71,Latte,10,2010.49
2024-02-13,Tuesday,2,Winter,0,0,0,0,0,12,0.0,164,9.93,Cappuccino,10,1614.83
2024-02-14,Wednesday,2,Winter,0,0,0,1,0,9,6.5,186,5.74,Tea,10,1087.8
2024-02-15,Thursday,2,Winter,0,0,0,0,0,18,3.3,154,7.94,Espresso,10,1364.43
2024-02-16,Friday,2,Winter,0,0,0,0,0,12,0.0,140,8.36,Americano,10,1181.94
2024-02-17,Saturday,2,Winter,1,0,0,1,0,18,3.7,252,7.64,Sandwich,11,1991.57
2024-02-18,Sunday,2,Winter,1,0,0,0,0,16,3.6,198,6.36,Espresso,11,1204.39
2024-02-19,Monday,2,Winter,0,0,0,1,0,14,2.6,168,6.55,Cappuccino,10,1177.66
2024-02-20,Tuesday,2,Winter,0,0,0,0,0,9,2.8,149,8.8,Americano,10,1415.03
2024-02-21,Wednesday,2,Winter,0,0,0,0,0,17,1.9,154,7.31,Tea,10,998.08
2024-02-22,Thursday,2,Winter,0,0,0,0,0,14,6.4,114,7.36,Mocha,10,835.52
2024-02-23,Friday,2,Winter,0,0,0,1,1,14,2.7,245,9.38,Latte,10,2739.49
2024-02-24,Saturday,2,Winter,1,0,0,0,0,17,4.9,182,5.32,Sandwich,11,942.63
2024-02-25,Sunday,2,Winter,1,0,0,1,1,5,2.4,318,6.2,Cappuccino,11,2327.55
2024-02-26,Monday,2,Winter,0,0,0,0,0,8,0.0,164,7.52,Sandwich,10,1251.17
2024-02-27,Tuesday,2,Winter,0,0,0,0,0,9,0.0,134,6.76,Cappuccino,10,1024.9
2024-02-28,Wednesday,2,Winter,0,0,0,0,0,13,0.0,122,5.18,Cappuccino,10,625.09
2024-02-29,Thursday,2,Winter,0,0,0,0,0,15,2.7,146,5.94,Tea,10,824.78
2024-03-01,Friday,3,Spring,0,1,0,1,0,21,4.5,147,10.31,Latte,10,1778.43
2024-03-02,Saturday,3,Spring,1,0,1,0,0,27,5.0,182,7.38,Mocha,11,1476.77
2024-03-03,Sunday,3,Spring,1,0,1,0,1,26,6.3,232,7.29,Mocha,11,1636.81
2024-03-04,Monday,3,Spring,0,0,1,0,0,26,1.7,101,9.36,Latte,10,846.66
2024-03-05,Tuesday,3,Spring,0,0,1,0,0,21,5.7,127,7.45,Mocha,10,872.71
2024-03-06,Wednesday,3,Spring,0,0,1,0,0,25,0.7,132,7.53,Tea,10,1006.07
2024-03-07,Thursday,3,Spring,0,0,0,0,0,27,0.1,164,7.07,Espresso,10,1101.18
2024-03-08,Friday,3,Spring,0,0,0,0,0,27,1.4,123,7.62,Mocha,10,1051.76
2024-03-09,Saturday,3,Spring,1,0,1,1,0,30,5.8,215,9.46,Americano,11,2298.38
2024-03-10,Sunday,3,Spring,1,0,0,1,0,21,6.4,235,5.64,Pastry,11,1516.19
2024-03-11,Monday,3,Spring,0,0,1,1,0,30,3.2,141,10.43,Americano,10,1555.91
2024-03-12,Tuesday,3,Spring,0,0,1,0,0,29,1.3,125,10.14,Tea,10,1184.53
2024-03-13,Wednesday,3,Spring,0,0,0,0,0,21,2.7,121,5.64,Mocha,10,689.89
2024-03-14,Thursday,3,Spring,0,0,0,1,0,18,2.4,169,6.07,Pastry,10,1067.71
2024-03-15,Friday,3,Spring,0,0,1,0,0,23,3.7,109,10.12,Sandwich,10,1107.54
2024-03-16,Saturday,3,Spring,1,0,1,0,0,30,0.0,171,7.56,Mocha,11,1414.04
2024-03-17,Sunday,3,Spring,1,0,0,0,1,23,0.8,244,9.95,Sandwich,11,2681.7
2024-03-18,Monday,3,Spring,0,0,1,0,0,29,0.0,118,4.89,Latte,10,562.92
2024-03-19,Tuesday,3,Spring,0,1,1,1,0,18,0.0,170,8.77,Mocha,10,1687.6
2024-03-20,Wednesday,3,Spring,0,0,1,0,1,29,5.5,166,6.31,Latte,10,1011.3
2024-03-21,Thursday,3,Spring,0,1,0,0,0,22,5.3,130,7.41,Americano,10,906.77
2024-03-22,Friday,3,Spring,0,0,1,0,0,25,7.0,121,8.88,Espresso,10,1048.25
2024-03-23,Saturday,3,Spring,1,0,0,0,0,26,0.9,222,10.06,Espresso,11,2149.92
2024-03-24,Sunday,3,Spring,1,0,1,1,0,27,6.8,242,8.28,Cappuccino,11,2143.42
2024-03-25,Monday,3,Spring,0,0,1,0,0,29,4.5,94,8.72,Mocha,10,894.32
2024-03-26,Tuesday,3,Spring,0,0,1,0,0,21,8.3,110,6.87,Sandwich,10,821.64
2024-03-27,Wednesday,3,Spring,0,0,0,1,0,24,5.1,151,8.27,Sandwich,10,1444.76
2024-03-28,Thursday,3,Spring,0,0,1,0,0,27,6.9,95,6.67,Americano,10,690.66
2024-03-29,Friday,3,Spring,0,0,0,0,0,20,3.8,119,7.38,Americano,10,834.56
2024-03-30,Saturday,3,Spring,1,0,1,0,0,22,7.1,180,8.06,Tea,11,1398.22
2024-03-31,Sunday,3,Spring,1,0,0,0,1,27,9.3,231,7.4,Tea,11,1805.63
2024-04-01,Monday,4,Spring,0,0,1,0,0,18,3.6,135,5.28,Mocha,10,749.5
2024-04-02,Tuesday,4,Spring,0,0,1,0,0,27,3.1,117,9.43,Latte,10,1006.51
2024-04-03,Wednesday,4,Spring,0,0,1,0,0,22,6.8,108,9.38,Mocha,10,936.21
2024-04-04,Thursday,4,Spring,0,0,1,1,1,28,0.0,237,7.42,Latte,10,1966.55
2024-04-05,Friday,4,Spring,0,0,1,0,0,18,3.7,97,10.07,Cappuccino,10,847.02
2024-04-06,Saturday,4,Spring,1,0,1,0,0,24,1.0,186,9.16,Tea,11,1782.27
2024-04-07,Sunday,4,Spring,1,0,0,1,0,24,6.7,259,5.25,Espresso,11,1643.06
2024-04-08,Monday,4,Spring,0,0,1,0,0,19,0.0,126,10.41,Espresso,10,1308.12
2024-04-09,Tuesday,4,Spring,0,0,1,0,0,21,2.2,104,6.58,Americano,10,757.37
2024-04-10,Wednesday,4,Spring,0,0,1,1,0,21,5.3,156,6.91,Latte,10,1312.4
2024-04-11,Thursday,4,Spring,0,0,1,1,0,30,2.0,190,9.05,Americano,10,1789.47
2024-04-12,Friday,4,Spring,0,0,0,0,0,30,8.0,115,9.87,Espresso,10,1265.63
2024-04-13,Saturday,4,Spring,1,0,1,0,0,20,0.7,216,5.24,Pastry,11,1134.99
2024-04-14,Sunday,4,Spring,1,0,1,0,0,29,3.2,202,5.5,Tea,11,1003.73
2024-04-15,Monday,4,Spring,0,1,0,0,1,30,4.1,195,8.94,Pastry,10,1807.24
2024-04-16,Tuesday,4,Spring,0,0,0,1,0,23,1.3,159,7.34,Sandwich,10,1343.8
2024-04-17,Wednesday,4,Spring,0,0,1,0,0,26,4.1,107,4.98,Espresso,10,397.56
2024-04-18,Thursday,4,Spring,0,0,1,0,0,26,6.4,130,4.69,Cappuccino,10,621.75
2024-04-19,Friday,4,Spring,0,0,1,0,0,26,4.1,101,4.58,Tea,10,608.34
2024-04-20,Saturday,4,Spring,1,0,1,0,1,23,4.1,229,7.49,Sandwich,11,1717.74
2024-04-21,Sunday,4,Spring,1,0,0,0,0,18,0.9,205,5.48,Sandwich,11,1071.54
2024-04-22,Monday,4,Spring,0,0,0,0,0,26,1.8,139,5.93,Sandwich,10,926.06
2024-04-23,Tuesday,4,Spring,0,1,1,1,0,19,0.0,161,6.69,Mocha,10,1104.62
2024-04-24,Wednesday,4,Spring,0,0,1,0,0,21,5.0,106,6.08,Latte,10,707.08
2024-04-25,Thursday,4,Spring,0,0,1,0,0,29,3.7,138,10.29,Espresso,10,1523.67
2024-04-26,Friday,4,Spring,0,0,1,0,0,27,4.3,139,8.59,Sandwich,10,1284.84
2024-04-27,Saturday,4,Spring,1,1,1,1,0,26,4.0,218,8.31,Espresso,11,1845.09
2024-04-28,Sunday,4,Spring,1,0,0,0,0,19,0.0,211,9.09,Mocha,11,2035.74
2024-04-29,Monday,4,Spring,0,0,0,0,0,28,2.5,116,6.81,Americano,10,696.06
2024-04-30,Tuesday,4,Spring,0,0,1,0,0,21,10.5,89,5.23,Americano,10,395.02
2024-05-01,Wednesday,5,Spring,0,0,0,1,0,25,5.7,172,5.51,Mocha,10,972.08
2024-05-02,Thursday,5,Spring,0,0,0,0,1,29,5.4,210,5.73,Latte,10,1344.35
2024-05-03,Friday,5,Spring,0,0,0,0,0,18,0.0,122,7.23,Tea,10,911.17
2024-05-04,Saturday,5,Spring,1,0,0,1,0,20,2.6,225,6.65,Mocha,11,1625.38
2024-05-05,Sunday,5,Spring,1,0,0,1,0,23,3.4,251,6.51,Espresso,11,1834.44
2024-05-06,Monday,5,Spring,0,0,0,1,0,18,0.0,179,8.2,Sandwich,10,1599.52
2024-05-07,Tuesday,5,Spring,0,0,0,0,0,28,4.7,121,7.77,Pastry,10,1067.53
2024-05-08,Wednesday,5,Spring,0,0,0,0,0,26,4.8,122,5.73,Sandwich,10,753.81
2024-05-09,Thursday,5,Spring,0,0,0,1,0,19,7.8,145,9.43,Latte,10,1554.95
2024-05-10,Friday,5,Spring,0,0,0,0,0,24,4.2,129,9.85,Pastry,10,1228.49
2024-05-11,Saturday,5,Spring,1,0,0,0,0,23,3.0,187,7.04,Pastry,11,1400.45
2024-05-12,Sunday,5,Spring,1,0,0,0,0,24,7.5,213,8.16,Mocha,11,1845.04
2024-05-13,Monday,5,Spring,0,0,0,0,0,27,0.0,148,6.8,Latte,10,1020.11
2024-05-14,Tuesday,5,Spring,0,0,0,0,0,26,2.0,120,5.1,Mocha,10,513.6
2024-05-15,Wednesday,5,Spring,0,0,0,0,0,27,0.0,125,7.04,Americano,10,732.12
2024-05-16,Thursday,5,Spring,0,0,0,1,0,23,1.5,197,10.09,Sandwich,10,2268.11
2024-05-17,Friday,5,Spring,0,0,0,1,0,25,4.5,186,6.36,Pastry,10,1413.66
2024-05-18,Saturday,5,Spring,1,0,0,1,0,28,6.7,250,8.39,Pastry,11,2328.55
2024-05-19,Sunday,5,Spring,1,0,0,0,0,30,2.5,191,7.83,Sandwich,11,1368.18
2024-05-20,Monday,5,Spring,0,0,0,0,0,26,2.9,149,5.81,Americano,10,795.68
2024-05-21,Tuesday,5,Spring,0,0,0,1,0,20,2.2,206,6.23,Cappuccino,10,1331.16
2024-05-22,Wednesday,5,Spring,0,0,0,0,1,23,0.9,186,5.16,Latte,10,1082.22
2024-05-23,Thursday,5,Spring,0,0,0,1,1,18,1.7,219,9.32,Espresso,10,2237.88
2024-05-24,Friday,5,Spring,0,0,0,0,0,21,1.3,147,6.19,Tea,10,931.48
2024-05-25,Saturday,5,Spring,1,0,0,0,0,21,5.6,183,9.2,Mocha,11,1694.87
2024-05-26,Sunday,5,Spring,1,0,0,0,0,20,6.5,190,9.82,Mocha,11,1909.98
2024-05-27,Monday,5,Spring,0,0,0,0,1,30,1.3,198,9.88,Pastry,10,2159.48
2024-05-28,Tuesday,5,Spring,0,0,0,0,1,26,1.4,183,9.81,Mocha,10,1905.72
2024-05-29,Wednesday,5,Spring,0,0,0,0,0,30,0.2,125,8.82,Tea,10,1029.67
2024-05-30,Thursday,5,Spring,0,0,0,0,0,26,6.5,129,5.77,Tea,10,647.25
2024-05-31,Friday,5,Spring,0,0,0,0,0,18,4.6,132,5.14,Mocha,10,730.48
2024-06-01,Saturday,6,Summer,1,0,0,0,1,29,4.2,240,4.66,Americano,11,1072.72
2024-06-02,Sunday,6,Summer,1,0,0,0,0,28,2.7,226,9.21,Americano,11,2139.14
2024-06-03,Monday,6,Summer,0,0,0,0,0,38,0.0,138,8.79,Tea,10,1130.95
2024-06-04,Tuesday,6,Summer,0,0,0,1,0,35,4.2,162,4.64,Sandwich,10,817.02
2024-06-05,Wednesday,6,Summer,0,0,0,0,0,35,0.0,149,5.52,Latte,10,865.73
2024-06-06,Thursday,6,Summer,0,0,0,0,0,40,3.1,150,5.41,Sandwich,10,666.45
2024-06-07,Friday,6,Summer,0,0,0,0,0,37,0.0,165,5.75,Tea,10,912.79
2024-06-08,Saturday,6,Summer,1,0,0,0,0,39,0.2,207,7.82,Sandwich,11,1561.6
2024-06-09,Sunday,6,Summer,1,0,0,0,0,33,1.0,231,10.4,Latte,11,2450.26
2024-06-10,Monday,6,Summer,0,0,0,0,0,39,0.9,132,5.78,Sandwich,10,839.04
2024-06-11,Tuesday,6,Summer,0,0,0,0,0,29,4.9,119,9.14,Tea,10,1001.72
2024-06-12,Wednesday,6,Summer,0,0,0,0,1,39,2.0,181,4.62,Latte,10,891.35
2024-06-13,Thursday,6,Summer,0,0,0,0,0,38,0.0,147,6.88,Tea,10,1157.09
2024-06-14,Friday,6,Summer,0,0,0,0,1,32,0.0,218,10.31,Americano,10,2484.79
2024-06-15,Saturday,6,Summer,1,0,0,1,1,31,0.0,301,5.16,Latte,11,1866.27
2024-06-16,Sunday,6,Summer,1,0,0,0,0,35,1.5,230,7.11,Espresso,11,1616.75
2024-06-17,Monday,6,Summer,0,0,0,0,0,32,1.5,135,4.8,Espresso,10,590.54
2024-06-18,Tuesday,6,Summer,0,0,0,0,1,29,4.2,187,6.05,Mocha,10,1118.47
2024-06-19,Wednesday,6,Summer,0,0,0,0,0,31,5.7,139,9.32,Cappuccino,10,1232.15
2024-06-20,Thursday,6,Summer,0,0,0,0,0,32,1.1,115,7.84,Cappuccino,10,969.11
2024-06-21,Friday,6,Summer,0,0,0,0,0,33,0.0,132,9.34,Sandwich,10,1262.55
2024-06-22,Saturday,6,Summer,1,0,0,0,0,29,5.0,201,6.36,Mocha,11,1336.7
2024-06-23,Sunday,6,Summer,1,0,0,0,0,36,4.6,184,4.83,Mocha,11,832.9
2024-06-24,Monday,6,Summer,0,0,0,0,1,38,0.0,178,7.67,Mocha,10,1419.02
2024-06-25,Tuesday,6,Summer,0,0,0,1,0,36,1.5,189,5.35,Sandwich,10,1136.78
2024-06-26,Wednesday,6,Summer,0,0,0,0,0,35,0.0,119,10.32,Mocha,10,1189.65
2024-06-27,Thursday,6,Summer,0,0,0,0,0,36,0.0,146,7.93,Espresso,10,1278.05
2024-06-28,Friday,6,Summer,0,0,0,0,0,32,3.1,111,7.67,Tea,10,795.13
2024-06-29,Saturday,6,Summer,1,0,0,0,0,39,2.5,207,6.25,Cappuccino,11,1215.83
2024-06-30,Sunday,6,Summer,1,0,0,0,0,36,0.0,227,7.28,Pastry,11,1747.53
2024-07-01,Monday,7,Summer,0,0,0,0,0,30,3.8,112,6.22,Mocha,10,576.66
2024-07-02,Tuesday,7,Summer,0,0,0,0,1,37,6.1,208,9.71,Tea,10,2256.48
2024-07-03,Wednesday,7,Summer,0,0,0,0,0,32,0.0,145,8.1,Tea,10,1150.39
2024-07-04,Thursday,7,Summer,0,0,0,0,0,40,0.0,146,8.79,Espresso,10,1424.9
2024-07-05,Friday,7,Summer,0,0,0,1,0,41,0.0,198,4.91,Cappuccino,10,980.17
2024-07-06,Saturday,7,Summer,1,0,0,1,0,28,7.4,266,9.09,Mocha,11,2780.8
2024-07-07,Sunday,7,Summer,1,0,0,0,0,39,0.0,199,8.8,Espresso,11,1695.65
2024-07-08,Monday,7,Summer,0,0,0,0,0,37,0.0,135,8.73,Americano,10,1029.12
2024-07-09,Tuesday,7,Summer,0,0,0,1,0,34,0.0,191,10.12,Sandwich,10,2141.33
2024-07-10,Wednesday,7,Summer,0,0,0,0,0,34,0.0,140,6.27,Tea,10,900.73
2024-07-11,Thursday,7,Summer,0,0,0,1,0,34,1.1,199,7.72,Sandwich,10,1636.02
2024-07-12,Friday,7,Summer,0,0,0,0,0,42,0.0,136,5.36,Sandwich,10,787.28
2024-07-13,Saturday,7,Summer,1,0,0,0,0,28,0.0,197,5.79,Espresso,11,1191.92
2024-07-14,Sunday,7,Summer,1,0,0,0,0,31,0.0,199,6.38,Mocha,11,1200.61
2024-07-15,Monday,7,Summer,0,1,0,0,1,38,0.9,165,4.56,Latte,10,843.17
2024-07-16,Tuesday,7,Summer,0,0,0,0,0,28,0.0,135,9.05,Sandwich,10,1270.37
2024-07-17,Wednesday,7,Summer,0,0,0,1,1,35,0.0,244,10.3,Pastry,10,2764.52
2024-07-18,Thursday,7,Summer,0,0,0,1,1,32,0.0,218,8.77,Espresso,10,2108.13
2024-07-19,Friday,7,Summer,0,0,0,0,0,35,0.9,129,9.13,Espresso,10,1121.19
2024-07-20,Saturday,7,Summer,1,0,0,0,0,30,4.7,219,8.44,Pastry,11,1795.3
2024-07-21,Sunday,7,Summer,1,0,0,0,0,42,2.2,216,6.42,Americano,11,1271.64
2024-07-22,Monday,7,Summer,0,0,0,1,0,33,2.9,161,6.51,Mocha,10,1043.64
2024-07-23,Tuesday,7,Summer,0,0,0,0,0,39,2.2,127,6.17,Americano,10,657.82
2024-07-24,Wednesday,7,Summer,0,0,0,0,0,37,0.6,131,8.15,Cappuccino,10,1122.11
2024-07-25,Thursday,7,Summer,0,0,0,0,0,29,4.0,118,8.23,Sandwich,10,898.03
2024-07-26,Friday,7,Summer,0,0,0,0,0,29,0.0,141,6.84,Americano,10,1029.52
2024-07-27,Saturday,7,Summer,1,0,0,0,0,32,1.6,195,8.88,Sandwich,11,1589.91
2024-07-28,Sunday,7,Summer,1,0,0,1,1,31,0.0,299,10.35,Americano,11,3706.95
2024-07-29,Monday,7,Summer,0,0,0,0,0,42,0.0,130,4.65,Espresso,10,729.85
2024-07-30,Tuesday,7,Summer,0,0,0,0,0,32,0.0,154,7.18,Pastry,10,1091.9
2024-07-31,Wednesday,7,Summer,0,0,0,1,0,30,2.1,171,8.11,Tea,10,1653.32
2024-08-01,Thursday,8,Summer,0,0,0,1,0,31,0.0,183,9.85,Cappuccino,10,1933.68
2024-08-02,Friday,8,Summer,0,0,0,0,0,34,4.3,128,8.61,Pastry,10,997.12
2024-08-03,Saturday,8,Summer,1,0,0,0,1,30,0.0,240,8.18,Cappuccino,11,2026.46
2024-08-04,Sunday,8,Summer,1,0,0,1,1,30,0.0,303,5.87,Sandwich,11,1936.46
2024-08-05,Monday,8,Summer,0,0,0,0,0,42,0.4,143,10.07,Pastry,10,1537.63
2024-08-06,Tuesday,8,Summer,0,0,0,0,0,28,4.8,114,9.15,Latte,10,957.7
2024-08-07,Wednesday,8,Summer,0,0,0,0,0,33,2.3,135,9.73,Tea,10,1314.25
2024-08-08,Thursday,8,Summer,0,1,0,1,0,42,0.0,174,7.44,Tea,10,1291.12
2024-08-09,Friday,8,Summer,0,0,0,0,0,30,0.0,151,6.8,Espresso,10,999.14
2024-08-10,Saturday,8,Summer,1,0,0,1,0,36,0.3,262,9.84,Sandwich,11,2860.11
2024-08-11,Sunday,8,Summer,1,0,0,0,0,33,3.3,211,6.74,Latte,11,1441.86
2024-08-12,Monday,8,Summer,0,0,0,0,0,33,1.4,141,8.77,Latte,10,1248.71
2024-08-13,Tuesday,8,Summer,0,0,0,1,1,36,0.0,242,8.13,Pastry,10,2248.22
2024-08-14,Wednesday,8,Summer,0,0,0,0,0,39,4.4,110,9.36,Pastry,10,895.58
2024-08-15,Thursday,8,Summer,0,1,0,0,0,33,2.0,148,10.31,Mocha,10,1431.16
2024-08-16,Friday,8,Summer,0,0,0,1,0,32,0.7,160,9.91,Sandwich,10,1610.88
2024-08-17,Saturday,8,Summer,1,0,0,0,1,31,2.4,240,5.95,Pastry,11,1642.31
2024-08-18,Sunday,8,Summer,1,0,0,0,1,34,0.5,279,8.33,Mocha,11,2449.78
2024-08-19,Monday,8,Summer,0,0,0,0,0,34,0.0,121,8.4,Pastry,10,998.75
2024-08-20,Tuesday,8,Summer,0,0,0,0,0,30,0.0,153,9.42,Espresso,10,1474.51
2024-08-21,Wednesday,8,Summer,0,0,0,0,0,33,0.0,143,5.4,Tea,10,902.05
2024-08-22,Thursday,8,Summer,0,0,0,0,0,28,0.0,119,6.8,Sandwich,10,673.64
2024-08-23,Friday,8,Summer,0,0,0,1,0,35,0.0,202,8.89,Espresso,10,1972.56
2024-08-24,Saturday,8,Summer,1,0,0,0,0,30,2.5,216,10.27,Latte,11,2266.13
2024-08-25,Sunday,8,Summer,1,0,0,1,0,42,0.5,229,8.49,Tea,11,2085.4
2024-08-26,Monday,8,Summer,0,0,0,1,0,37,5.2,194,7.26,Espresso,10,1414.28
2024-08-27,Tuesday,8,Summer,0,0,0,1,0,35,0.0,197,10.05,Latte,10,2123.62
2024-08-28,Wednesday,8,Summer,0,1,0,1,0,39,0.0,185,5.32,Americano,10,971.58
2024-08-29,Thursday,8,Summer,0,0,0,1,0,33,0.0,182,9.83,Espresso,10,1957.39
2024-08-30,Friday,8,Summer,0,0,0,0,0,37,3.6,121,9.17,Mocha,10,1099.89
2024-08-31,Saturday,8,Summer,1,0,0,1,0,35,0.0,268,8.93,Espresso,11,2641.15
2024-09-01,Sunday,9,Autumn,1,0,0,0,0,22,0.0,195,6.72,Americano,11,1230.61
2024-09-02,Monday,9,Autumn,0,0,0,0,0,25,3.6,127,7.64,Pastry,10,1087.96
2024-09-03,Tuesday,9,Autumn,0,0,0,1,0,18,0.0,193,7.08,Sandwich,10,1572.52
2024-09-04,Wednesday,9,Autumn,0,0,0,1,0,19,4.0,198,9.44,Pastry,10,2023.39
2024-09-05,Thursday,9,Autumn,0,0,0,0,0,28,6.8,142,8.57,Cappuccino,10,1262.03
2024-09-06,Friday,9,Autumn,0,0,0,0,1,23,0.8,197,7.05,Americano,10,1608.09
2024-09-07,Saturday,9,Autumn,1,0,0,0,1,23,5.0,274,6.98,Tea,11,1866.18
2024-09-08,Sunday,9,Autumn,1,0,0,1,0,25,0.0,278,6.48,Mocha,11,2019.32
2024-09-09,Monday,9,Autumn,0,0,0,1,0,21,0.9,205,5.34,Mocha,10,1321.5
2024-09-10,Tuesday,9,Autumn,0,0,0,0,0,18,0.0,144,6.84,Pastry,10,1007.46
2024-09-11,Wednesday,9,Autumn,0,0,0,0,1,26,4.2,186,5.31,Pastry,10,946.64
2024-09-12,Thursday,9,Autumn,0,1,0,0,0,28,1.3,120,5.46,Pastry,10,643.27
2024-09-13,Friday,9,Autumn,0,0,0,1,0,27,4.0,174,9.41,Sandwich,10,1878.69
2024-09-14,Saturday,9,Autumn,1,0,0,0,0,28,5.7,212,8.24,Americano,11,1708.09
2024-09-15,Sunday,9,Autumn,1,0,0,1,0,25,1.5,264,9.54,Mocha,11,2749.48
2024-09-16,Monday,9,Autumn,0,0,0,0,0,24,3.9,156,7.79,Tea,10,1308.43
2024-09-17,Tuesday,9,Autumn,0,0,0,0,0,21,4.0,107,7.39,Cappuccino,10,918.31
2024-09-18,Wednesday,9,Autumn,0,0,0,0,0,20,6.0,106,5.24,Americano,10,408.06
2024-09-19,Thursday,9,Autumn,0,0,0,1,0,18,2.7,179,6.62,Tea,10,1272.41
2024-09-20,Friday,9,Autumn,0,0,0,0,1,24,5.9,166,5.4,Cappuccino,10,874.61
2024-09-21,Saturday,9,Autumn,1,0,0,0,1,18,0.0,248,7.08,Sandwich,11,1778.05
2024-09-22,Sunday,9,Autumn,1,0,0,0,0,28,7.6,184,8.35,Americano,11,1393.65
2024-09-23,Monday,9,Autumn,0,0,0,1,0,28,5.7,172,7.55,Tea,10,1396.11
2024-09-24,Tuesday,9,Autumn,0,0,0,0,0,27,4.6,132,4.63,Sandwich,10,591.56
2024-09-25,Wednesday,9,Autumn,0,0,0,0,0,22,0.0,163,7.47,Mocha,10,1140.13
2024-09-26,Thursday,9,Autumn,0,0,0,1,1,18,2.3,249,7.33,Espresso,10,2091.26
2024-09-27,Friday,9,Autumn,0,0,0,0,0,25,2.6,146,8.9,Pastry,10,1351.53
2024-09-28,Saturday,9,Autumn,1,0,0,1,1,28,0.0,293,9.93,Cappuccino,11,3452.98
2024-09-29,Sunday,9,Autumn,1,0,0,1,0,29,5.3,236,7.86,Cappuccino,11,2110.83
2024-09-30,Monday,9,Autumn,0,0,0,0,0,28,6.2,113,7.8,Mocha,10,921.24
2024-10-01,Tuesday,10,Autumn,0,0,0,0,0,22,2.6,149,5.12,Pastry,10,887.01
2024-10-02,Wednesday,10,Autumn,0,0,0,1,0,25,2.8,155,7.83,Espresso,10,1200.21
2024-10-03,Thursday,10,Autumn,0,0,0,0,0,19,6.4,138,10.11,Sandwich,10,1360.89
2024-10-04,Friday,10,Autumn,0,0,0,1,0,20,1.2,165,8.49,Espresso,10,1490.06
2024-10-05,Saturday,10,Autumn,1,0,0,0,1,19,3.3,240,7.18,Pastry,11,1783.72
2024-10-06,Sunday,10,Autumn,1,0,0,0,0,26,1.8,221,4.73,Latte,11,931.41
2024-10-07,Monday,10,Autumn,0,0,0,0,0,20,0.4,128,6.78,Espresso,10,857.27
2024-10-08,Tuesday,10,Autumn,0,0,0,0,0,25,6.9,140,5.99,Cappuccino,10,830.32
2024-10-09,Wednesday,10,Autumn,0,0,0,1,0,21,3.2,196,8.7,Sandwich,10,2004.47
2024-10-10,Thursday,10,Autumn,0,0,0,0,0,22,6.1,132,8.14,Mocha,10,1184.16
2024-10-11,Friday,10,Autumn,0,0,0,0,1,29,6.1,201,7.32,Espresso,10,1618.43
2024-10-12,Saturday,10,Autumn,1,1,0,0,0,20,5.3,204,9.41,Latte,11,1800.62
2024-10-13,Sunday,10,Autumn,1,0,0,1,0,26,0.0,241,5.98,Americano,11,1497.17
2024-10-14,Monday,10,Autumn,0,0,0,0,0,28,1.7,119,5.1,Sandwich,10,465.4
2024-10-15,Tuesday,10,Autumn,0,0,0,1,0,21,0.0,185,6.47,Latte,10,1312.12
2024-10-16,Wednesday,10,Autumn,0,0,0,0,0,19,3.9,133,6.3,Latte,10,891.34
2024-10-17,Thursday,10,Autumn,0,0,0,0,0,20,1.4,143,7.3,Cappuccino,10,1145.67
2024-10-18,Friday,10,Autumn,0,0,0,0,0,23,1.7,137,6.91,Cappuccino,10,1009.89
2024-10-19,Saturday,10,Autumn,1,0,0,0,0,25,1.1,190,7.58,Americano,11,1324.14
2024-10-20,Sunday,10,Autumn,1,0,0,1,0,28,4.8,237,6.07,Tea,11,1495.41
2024-10-21,Monday,10,Autumn,0,0,0,0,0,30,1.8,141,9.76,Sandwich,10,1274.43
2024-10-22,Tuesday,10,Autumn,0,0,0,1,0,25,5.1,169,8.95,Tea,10,1696.2
2024-10-23,Wednesday,10,Autumn,0,0,0,0,0,23,7.1,147,9.92,Latte,10,1531.67
2024-10-24,Thursday,10,Autumn,0,0,0,1,0,18,0.9,179,8.19,Americano,10,1591.16
2024-10-25,Friday,10,Autumn,0,0,0,0,0,24,0.8,159,9.62,Tea,10,1512.86
2024-10-26,Saturday,10,Autumn,1,0,0,0,1,24,0.9,241,5.94,Pastry,11,1537.25
2024-10-27,Sunday,10,Autumn,1,0,0,0,0,19,3.2,204,6.55,Sandwich,11,1325.07
2024-10-28,Monday,10,Autumn,0,0,0,0,0,30,2.4,148,5.36,Espresso,10,821.45
2024-10-29,Tuesday,10,Autumn,0,0,0,0,1,26,2.2,167,9.98,Americano,10,1727.44
2024-10-30,Wednesday,10,Autumn,0,0,0,0,0,29,5.3,151,4.82,Cappuccino,10,612.75
2024-10-31,Thursday,10,Autumn,0,0,0,0,0,28,4.5,130,5.07,Cappuccino,10,601.28
2024-11-01,Friday,11,Autumn,0,0,0,1,0,18,8.8,164,5.11,Tea,10,750.32
2024-11-02,Saturday,11,Autumn,1,0,0,0,1,24,0.0,255,6.04,Espresso,11,1724.3
2024-11-03,Sunday,11,Autumn,1,0,0,0,0,19,4.4,189,6.45,Pastry,11,1111.3
2024-11-04,Monday,11,Autumn,0,0,0,1,1,24,2.5,210,6.75,Latte,10,1758.32
2024-11-05,Tuesday,11,Autumn,0,0,0,0,0,19,7.5,108,4.57,Sandwich,10,377.18
2024-11-06,Wednesday,11,Autumn,0,0,0,0,0,22,3.6,133,9.16,Cappuccino,10,1086.47
2024-11-07,Thursday,11,Autumn,0,0,0,0,0,27,6.1,139,8.47,Americano,10,1187.98
2024-11-08,Friday,11,Autumn,0,0,0,1,0,18,0.0,197,7.17,Espresso,10,1425.59
2024-11-09,Saturday,11,Autumn,1,0,0,0,0,23,6.2,177,6.99,Pastry,11,1256.84
2024-11-10,Sunday,11,Autumn,1,0,0,0,0,29,2.6,229,6.0,Americano,11,1410.66
2024-11-11,Monday,11,Autumn,0,0,0,1,0,21,2.8,165,7.42,Latte,10,1283.83
2024-11-12,Tuesday,11,Autumn,0,0,0,0,0,23,5.6,133,9.95,Sandwich,10,1189.84
2024-11-13,Wednesday,11,Autumn,0,0,0,0,0,22,5.6,126,5.71,Espresso,10,581.53
2024-11-14,Thursday,11,Autumn,0,1,0,0,0,19,3.9,142,9.62,Mocha,10,1308.8
2024-11-15,Friday,11,Autumn,0,0,0,0,1,25,4.1,204,7.57,Espresso,10,1713.66
2024-11-16,Saturday,11,Autumn,1,1,0,0,0,24,1.4,219,7.2,Espresso,11,1548.73
2024-11-17,Sunday,11,Autumn,1,0,0,1,0,30,2.5,235,4.69,Sandwich,11,1067.01
2024-11-18,Monday,11,Autumn,0,0,0,0,0,25,4.4,125,6.49,Latte,10,825.45
2024-11-19,Tuesday,11,Autumn,0,0,0,0,0,29,7.2,149,9.26,Sandwich,10,1282.96
2024-11-20,Wednesday,11,Autumn,0,0,0,0,0,29,0.0,162,9.09,Pastry,10,1591.19
2024-11-21,Thursday,11,Autumn,0,0,0,1,0,23,9.1,173,10.09,Sandwich,10,1967.76
2024-11-22,Friday,11,Autumn,0,1,0,1,0,27,4.1,144,6.9,Sandwich,10,959.12
2024-11-23,Saturday,11,Autumn,1,0,0,0,0,18,2.9,209,7.19,Sandwich,11,1568.18
2024-11-24,Sunday,11,Autumn,1,0,0,0,0,30,6.0,210,8.79,Pastry,11,1772.76
2024-11-25,Monday,11,Autumn,0,0,0,0,0,29,9.0,134,6.29,Espresso,10,908.33
2024-11-26,Tuesday,11,Autumn,0,0,0,0,0,29,7.5,107,7.34,Mocha,10,789.6
2024-11-27,Wednesday,11,Autumn,0,0,0,0,0,21,0.0,128,6.64,Latte,10,721.61
2024-11-28,Thursday,11,Autumn,0,0,0,1,0,30,2.6,203,8.26,Tea,10,1694.84
2024-11-29,Friday,11,Autumn,0,0,0,0,0,23,5.9,126,9.6,Espresso,10,1317.06
2024-11-30,Saturday,11,Autumn,1,0,0,0,1,30,8.4,264,9.86,Latte,11,2557.76
2024-12-01,Sunday,12,Winter,1,0,0,1,0,11,1.9,265,8.78,Tea,11,2709.23
2024-12-02,Monday,12,Winter,0,0,0,1,1,18,1.7,246,6.6,Mocha,10,1834.82
2024-12-03,Tuesday,12,Winter,0,0,0,1,0,17,6.9,186,8.54,Espresso,10,1845.7
2024-12-04,Wednesday,12,Winter,0,0,0,0,0,11,9.2,106,4.93,Cappuccino,10,581.19
2024-12-05,Thursday,12,Winter,0,0,0,0,0,13,1.4,162,4.52,Cappuccino,10,813.79
2024-12-06,Friday,12,Winter,0,0,0,0,0,15,0.9,158,5.21,Americano,10,902.57
2024-12-07,Saturday,12,Winter,1,0,0,0,0,11,3.8,222,4.66,Latte,11,968.44
2024-12-08,Sunday,12,Winter,1,0,0,1,0,11,0.0,274,6.75,Americano,11,2051.28
2024-12-09,Monday,12,Winter,0,0,0,0,1,9,0.0,183,7.63,Espresso,10,1543.13
2024-12-10,Tuesday,12,Winter,0,0,0,0,0,17,1.2,121,9.77,Mocha,10,1327.64
2024-12-11,Wednesday,12,Winter,0,1,0,0,0,8,4.1,144,9.05,Sandwich,10,1187.46
2024-12-12,Thursday,12,Winter,0,0,0,1,0,11,7.5,166,6.57,Cappuccino,10,1298.81
2024-12-13,Friday,12,Winter,0,0,0,1,1,5,4.6,209,7.4,Sandwich,10,1681.02
2024-12-14,Saturday,12,Winter,1,0,0,0,0,12,1.5,208,6.25,Mocha,11,1163.76
2024-12-15,Sunday,12,Winter,1,0,0,1,0,14,2.3,270,7.35,Latte,11,2197.42
2024-12-16,Monday,12,Winter,0,0,0,0,0,7,3.6,136,9.89,Sandwich,10,1301.18
2024-12-17,Tuesday,12,Winter,0,0,0,0,0,8,0.3,116,9.71,Espresso,10,1207.18
2024-12-18,Wednesday,12,Winter,0,0,0,1,0,11,1.8,198,7.61,Mocha,10,1615.71
2024-12-19,Thursday,12,Winter,0,0,0,0,0,18,1.7,132,7.45,Tea,10,898.9
2024-12-20,Friday,12,Winter,0,0,0,0,0,13,0.0,144,9.83,Mocha,10,1293.6
2024-12-21,Saturday,12,Winter,1,0,0,0,0,8,0.6,226,9.34,Latte,11,2070.93
2024-12-22,Sunday,12,Winter,1,0,0,0,0,5,4.4,185,5.38,Mocha,11,869.19
2024-12-23,Monday,12,Winter,0,0,0,0,0,10,0.0,118,4.66,Cappuccino,10,516.07
2024-12-24,Tuesday,12,Winter,0,0,0,1,0,5,7.0,176,7.92,Pastry,10,1654.98
2024-12-25,Wednesday,12,Winter,0,0,0,1,0,16,5.6,149,9.45,Mocha,10,1598.76
2024-12-26,Thursday,12,Winter,0,0,0,1,0,9,2.2,190,8.55,Cappuccino,10,1792.68
2024-12-27,Friday,12,Winter,0,0,0,1,1,14,4.0,233,7.8,Latte,10,2081.77
2024-12-28,Saturday,12,Winter,1,0,0,1,0,7,0.0,247,6.52,Tea,11,1666.29
2024-12-29,Sunday,12,Winter,1,0,0,0,0,8,0.0,203,10.36,Latte,11,2114.38
2024-12-30,Monday,12,Winter,0,0,0,0,0,15,1.8,139,7.0,Espresso,10,1018.11
2024-12-31,Tuesday,12,Winter,0,0,0,1,0,13,3.5,177,10.15,Espresso,10,1834.87
2025-01-01,Wednesday,1,Winter,0,0,0,0,1,18,6.1,181,9.25,Sandwich,10,1698.41
2025-01-02,Thursday,1,Winter,0,0,0,1,0,9,0.0,168,7.75,Latte,10,1419.15
2025-01-03,Friday,1,Winter,0,0,0,0,0,12,0.0,165,5.42,Sandwich,10,1017.88
2025-01-04,Saturday,1,Winter,1,0,0,1,1,16,5.4,300,10.28,Sandwich,11,3685.94
2025-01-05,Sunday,1,Winter,1,0,0,0,0,11,0.0,231,6.23,Pastry,11,1367.52
2025-01-06,Monday,1,Winter,0,0,0,0,0,10,7.4,111,8.19,Sandwich,10,999.06
2025-01-07,Tuesday,1,Winter,0,0,0,0,0,15,7.3,134,6.88,Sandwich,10,787.52
2025-01-08,Wednesday,1,Winter,0,0,0,0,0,5,0.0,127,9.92,Espresso,10,1303.21
2025-01-09,Thursday,1,Winter,0,0,0,1,0,7,2.8,191,8.93,Tea,10,2019.69
2025-01-10,Friday,1,Winter,0,0,0,0,0,6,0.9,132,10.09,Cappuccino,10,1283.11
2025-01-11,Saturday,1,Winter,1,0,0,1,0,7,4.1,269,5.34,Cappuccino,11,1677.85
2025-01-12,Sunday,1,Winter,1,0,0,0,0,11,5.4,220,7.21,Americano,11,1622.78
2025-01-13,Monday,1,Winter,0,0,0,1,1,6,0.3,265,9.89,Americano,10,3021.62
2025-01-14,Tuesday,1,Winter,0,0,0,0,0,7,1.8,143,5.66,Pastry,10,936.73
2025-01-15,Wednesday,1,Winter,0,0,0,1,0,16,0.0,210,7.87,Mocha,10,1929.75
2025-01-16,Thursday,1,Winter,0,0,0,1,0,15,9.3,189,8.89,Americano,10,1735.66
2025-01-17,Friday,1,Winter,0,0,0,0,1,16,4.0,184,4.95,Pastry,10,1038.89
2025-01-18,Saturday,1,Winter,1,0,0,0,0,6,1.0,185,5.91,Espresso,11,997.28
2025-01-19,Sunday,1,Winter,1,0,0,1,0,17,2.7,244,9.14,Espresso,11,2572.2
2025-01-20,Monday,1,Winter,0,0,0,0,1,16,4.9,204,5.37,Cappuccino,10,1208.45
2025-01-21,Tuesday,1,Winter,0,0,0,0,0,18,6.0,140,4.96,Sandwich,10,557.08
2025-01-22,Wednesday,1,Winter,0,1,0,0,0,10,0.0,142,9.93,Espresso,10,1322.69
2025-01-23,Thursday,1,Winter,0,0,0,0,0,13,2.4,120,5.07,Americano,10,665.32
2025-01-24,Friday,1,Winter,0,0,0,0,0,7,0.0,118,5.23,Tea,10,476.3
2025-01-25,Saturday,1,Winter,1,0,0,0,0,11,1.5,206,5.36,Tea,11,1245.85
2025-01-26,Sunday,1,Winter,1,0,0,1,0,17,1.0,234,4.78,Mocha,11,1167.05
2025-01-27,Monday,1,Winter,0,0,0,0,0,13,0.0,161,6.08,Espresso,10,943.14
2025-01-28,Tuesday,1,Winter,0,0,0,0,0,7,0.0,153,5.49,Pastry,10,796.78
2025-01-29,Wednesday,1,Winter,0,0,0,0,0,15,0.0,116,9.91,Sandwich,10,1250.02
2025-01-30,Thursday,1,Winter,0,0,0,1,0,14,1.1,164,10.32,Latte,10,1777.52
2025-01-31,Friday,1,Winter,0,0,0,0,0,11,4.9,121,5.85,Americano,10,823.39
2025-02-01,Saturday,2,Winter,1,0,0,1,0,5,0.0,272,7.91,Sandwich,11,2299.26
2025-02-02,Sunday,2,Winter,1,0,0,1,0,9,1.6,235,9.65,Mocha,11,2637.97
2025-02-03,Monday,2,Winter,0,0,0,1,0,7,0.0,162,8.28,Cappuccino,10,1393.25
2025-02-04,Tuesday,2,Winter,0,0,0,1,0,9,1.0,173,9.83,Sandwich,10,1961.46
2025-02-05,Wednesday,2,Winter,0,0,0,0,0,14,2.2,136,6.83,Tea,10,1009.16
2025-02-06,Thursday,2,Winter,0,0,0,0,0,6,5.7,126,4.82,Sandwich,10,744.35
2025-02-07,Friday,2,Winter,0,0,0,1,0,10,6.5,189,7.35,Americano,10,1566.25
2025-02-08,Saturday,2,Winter,1,0,0,0,0,15,2.8,203,9.48,Tea,11,2019.8
2025-02-09,Sunday,2,Winter,1,0,0,0,0,15,6.1,219,4.97,Cappuccino,11,1126.71
2025-02-10,Monday,2,Winter,0,0,0,0,1,5,9.6,162,6.37,Cappuccino,10,925.23
2025-02-11,Tuesday,2,Winter,0,0,0,0,0,14,4.7,137,7.59,Sandwich,10,994.76
2025-02-12,Wednesday,2,Winter,0,0,0,1,0,17,0.8,168,7.38,Mocha,10,1220.98
2025-02-13,Thursday,2,Winter,0,0,0,0,0,18,1.2,133,8.76,Americano,10,1284.65
2025-02-14,Friday,2,Winter,0,0,0,0,1,15,1.9,183,7.04,Espresso,10,1385.51
2025-02-15,Saturday,2,Winter,1,0,0,0,0,5,3.7,189,4.9,Mocha,11,950.08
2025-02-16,Sunday,2,Winter,1,0,0,0,0,7,8.3,212,9.32,Espresso,11,1787.68
2025-02-17,Monday,2,Winter,0,0,0,0,0,10,5.8,125,5.2,Cappuccino,10,504.33
2025-02-18,Tuesday,2,Winter,0,0,0,1,0,13,0.5,202,7.33,Pastry,10,1609.07
2025-02-19,Wednesday,2,Winter,0,0,0,0,0,16,2.1,149,10.38,Pastry,10,1538.0
2025-02-20,Thursday,2,Winter,0,0,0,1,0,13,6.5,163,7.41,Mocha,10,1221.05
2025-02-21,Friday,2,Winter,0,1,0,0,0,11,5.5,144,4.95,Mocha,10,648.49
2025-02-22,Saturday,2,Winter,1,0,0,1,0,13,5.9,225,6.35,Cappuccino,11,1679.87
2025-02-23,Sunday,2,Winter,1,0,0,0,0,7,3.3,205,5.05,Sandwich,11,1047.85
2025-02-24,Monday,2,Winter,0,0,0,0,0,15,3.4,133,8.57,Sandwich,10,1114.65
2025-02-25,Tuesday,2,Winter,0,1,0,1,0,5,0.8,167,7.61,Mocha,10,1321.83
2025-02-26,Wednesday,2,Winter,0,0,0,1,1,12,0.0,263,10.27,Mocha,10,3113.89
2025-02-27,Thursday,2,Winter,0,0,0,0,0,17,2.5,159,4.97,Latte,10,836.25
2025-02-28,Friday,2,Winter,0,0,0,0,0,12,0.2,125,7.74,Cappuccino,10,889.39
2025-03-01,Saturday,3,Spring,1,1,1,1,0,29,0.0,207,5.19,Mocha,11,1142.92
2025-03-02,Sunday,3,Spring,1,0,1,0,0,18,6.9,165,7.42,Latte,11,1170.66
2025-03-03,Monday,3,Spring,0,0,0,0,0,26,4.2,109,6.27,Latte,10,626.78
2025-03-04,Tuesday,3,Spring,0,0,1,0,0,24,5.8,94,10.03,Latte,10,880.62
2025-03-05,Wednesday,3,Spring,0,0,1,0,0,30,9.1,91,5.33,Latte,10,557.32
2025-03-06,Thursday,3,Spring,0,0,1,0,0,20,3.6,95,7.99,Pastry,10,639.07
2025-03-07,Friday,3,Spring,0,0,0,0,1,18,7.4,183,7.62,Mocha,10,1427.16
2025-03-08,Saturday,3,Spring,1,0,0,1,0,20,0.0,258,9.68,Mocha,11,2754.39
2025-03-09,Sunday,3,Spring,1,0,1,0,0,19,3.9,163,8.12,Americano,11,1306.81
2025-03-10,Monday,3,Spring,0,0,0,0,0,30,0.6,163,7.21,Pastry,10,1212.13
2025-03-11,Tuesday,3,Spring,0,0,0,0,0,28,1.1,124,5.35,Cappuccino,10,591.17
2025-03-12,Wednesday,3,Spring,0,0,1,0,1,25,6.4,193,5.28,Sandwich,10,935.41
2025-03-13,Thursday,3,Spring,0,0,1,1,0,29,5.9,147,6.84,Sandwich,10,1029.75
2025-03-14,Friday,3,Spring,0,0,0,0,0,29,1.0,130,8.93,Americano,10,1262.75
2025-03-15,Saturday,3,Spring,1,0,1,1,0,23,6.5,227,8.31,Mocha,11,2016.12
2025-03-16,Sunday,3,Spring,1,0,1,1,0,26,6.3,210,5.92,Cappuccino,11,1513.64
2025-03-17,Monday,3,Spring,0,0,1,0,0,30,0.0,143,5.68,Sandwich,10,890.71
2025-03-18,Tuesday,3,Spring,0,0,1,0,0,30,5.1,102,5.18,Tea,10,644.65
2025-03-19,Wednesday,3,Spring,0,0,0,1,0,25,2.8,174,4.7,Cappuccino,10,820.09
2025-03-20,Thursday,3,Spring,0,0,1,0,0,30,0.5,146,8.15,Latte,10,1230.19
2025-03-21,Friday,3,Spring,0,0,1,1,0,24,8.0,137,8.65,Americano,10,1343.72
2025-03-22,Saturday,3,Spring,1,0,0,0,0,30,0.0,211,4.98,Cappuccino,11,1184.5
2025-03-23,Sunday,3,Spring,1,0,1,0,0,28,2.0,174,9.96,Americano,11,1847.94
2025-03-24,Monday,3,Spring,0,0,0,0,0,28,3.7,111,5.93,Sandwich,10,518.95
2025-03-25,Tuesday,3,Spring,0,0,0,1,0,18,4.3,189,6.24,Tea,10,1286.1
2025-03-26,Wednesday,3,Spring,0,0,0,0,0,19,2.0,150,6.26,Tea,10,960.74
2025-03-27,Thursday,3,Spring,0,0,1,1,0,27,1.2,149,8.48,Latte,10,1402.03
2025-03-28,Friday,3,Spring,0,0,0,0,0,21,3.9,129,5.71,Pastry,10,839.52
2025-03-29,Saturday,3,Spring,1,0,0,1,1,29,1.1,319,5.91,Mocha,11,2019.54
2025-03-30,Sunday,3,Spring,1,0,1,0,0,26,5.8,208,4.98,Sandwich,11,1166.54
2025-03-31,Monday,3,Spring,0,0,0,0,0,26,1.7,139,8.4,Sandwich,10,1156.5
2025-04-01,Tuesday,4,Spring,0,0,0,0,0,20,0.0,137,7.78,Americano,10,1044.34
2025-04-02,Wednesday,4,Spring,0,0,1,0,0,26,5.1,93,8.98,Tea,10,756.06
2025-04-03,Thursday,4,Spring,0,0,0,0,0,30,3.4,158,4.86,Tea,10,879.51
2025-04-04,Friday,4,Spring,0,0,1,0,0,20,2.3,98,5.37,Sandwich,10,485.48
2025-04-05,Saturday,4,Spring,1,0,1,0,0,26,3.5,192,4.84,Tea,11,918.82
2025-04-06,Sunday,4,Spring,1,0,1,0,0,20,0.0,178,10.38,Latte,11,1845.99
2025-04-07,Monday,4,Spring,0,0,1,1,1,19,6.0,231,7.62,Mocha,10,1933.4
2025-04-08,Tuesday,4,Spring,0,0,0,0,0,25,0.0,154,8.08,Latte,10,1220.59
2025-04-09,Wednesday,4,Spring,0,0,1,0,0,28,8.0,88,5.26,Pastry,10,415.99
2025-04-10,Thursday,4,Spring,0,0,1,0,0,18,4.4,104,10.47,Tea,10,1065.75
2025-04-11,Friday,4,Spring,0,0,0,0,0,19,4.9,135,5.18,Espresso,10,625.39
2025-04-12,Saturday,4,Spring,1,0,0,0,0,21,0.0,226,9.3,Americano,11,1980.02
2025-04-13,Sunday,4,Spring,1,0,1,0,0,27,2.9,167,6.44,Pastry,11,962.73
2025-04-14,Monday,4,Spring,0,0,1,1,0,29,0.4,194,8.56,Latte,10,1827.91
2025-04-15,Tuesday,4,Spring,0,0,1,0,0,25,3.6,114,8.06,Sandwich,10,985.66
2025-04-16,Wednesday,4,Spring,0,0,1,0,0,19,4.9,125,9.53,Latte,10,1274.57
2025-04-17,Thursday,4,Spring,0,0,0,1,0,27,8.1,162,9.24,Tea,10,1657.29
2025-04-18,Friday,4,Spring,0,0,1,0,0,30,0.4,150,4.98,Mocha,10,748.65
2025-04-19,Saturday,4,Spring,1,0,0,1,0,18,4.0,245,6.25,Americano,11,1775.39
2025-04-20,Sunday,4,Spring,1,0,0,1,0,29,4.1,233,5.08,Pastry,11,1270.54
2025-04-21,Monday,4,Spring,0,0,1,0,0,23,4.1,98,8.71,Sandwich,10,987.28
2025-04-22,Tuesday,4,Spring,0,0,1,0,0,26,3.6,140,8.48,Pastry,10,1053.81
2025-04-23,Wednesday,4,Spring,0,0,1,1,0,22,4.4,144,8.15,Sandwich,10,1149.67
2025-04-24,Thursday,4,Spring,0,0,0,1,0,19,0.0,206,8.3,Espresso,10,1889.27
2025-04-25,Friday,4,Spring,0,0,1,1,0,28,5.3,151,5.63,Mocha,10,822.22
2025-04-26,Saturday,4,Spring,1,0,0,0,0,19,4.2,201,5.98,Cappuccino,11,1226.8
2025-04-27,Sunday,4,Spring,1,0,1,0,0,26,0.0,170,7.58,Sandwich,11,1424.04
2025-04-28,Monday,4,Spring,0,0,0,1,1,30,6.7,230,7.22,Mocha,10,1992.12
2025-04-29,Tuesday,4,Spring,0,0,0,0,0,23,1.1,136,4.74,Espresso,10,514.33
2025-04-30,Wednesday,4,Spring,0,0,0,1,0,24,4.4,182,7.29,Espresso,10,1434.64
2025-05-01,Thursday,5,Spring,0,0,0,0,0,22,0.0,153,4.99,Espresso,10,798.17
2025-05-02,Friday,5,Spring,0,0,0,1,0,22,3.8,182,7.36,Latte,10,1472.36
2025-05-03,Saturday,5,Spring,1,0,0,0,0,23,0.6,184,10.03,Latte,11,1849.08
2025-05-04,Sunday,5,Spring,1,0,0,1,0,20,4.2,268,10.07,Latte,11,2841.21
2025-05-05,Monday,5,Spring,0,0,0,0,1,28,0.0,214,8.04,Espresso,10,1716.56
2025-05-06,Tuesday,5,Spring,0,0,0,0,0,20,1.3,126,5.78,Cappuccino,10,857.19
2025-05-07,Wednesday,5,Spring,0,0,0,1,0,29,0.0,174,8.36,Americano,10,1724.28
2025-05-08,Thursday,5,Spring,0,0,0,0,0,29,7.3,124,7.63,Espresso,10,938.82
2025-05-09,Friday,5,Spring,0,0,0,0,0,26,0.0,150,5.12,Cappuccino,10,803.4
2025-05-10,Saturday,5,Spring,1,0,0,1,0,28,3.0,235,10.06,Americano,11,2626.54
2025-05-11,Sunday,5,Spring,1,0,0,0,0,29,0.0,185,8.12,Espresso,11,1503.83
2025-05-12,Monday,5,Spring,0,1,0,0,0,21,5.6,132,6.44,Pastry,10,946.96
2025-05-13,Tuesday,5,Spring,0,0,0,1,0,22,4.7,155,7.85,Pastry,10,1342.83
2025-05-14,Wednesday,5,Spring,0,0,0,0,0,29,5.9,125,7.28,Mocha,10,818.12
2025-05-15,Thursday,5,Spring,0,0,0,0,0,20,5.2,146,10.12,Cappuccino,10,1440.06
2025-05-16,Friday,5,Spring,0,0,0,0,0,27,8.8,129,8.34,Sandwich,10,1112.96
2025-05-17,Saturday,5,Spring,1,0,0,0,0,18,6.6,173,6.77,Tea,11,1062.07
2025-05-18,Sunday,5,Spring,1,0,0,0,0,27,7.2,188,4.91,Mocha,11,1052.32
2025-05-19,Monday,5,Spring,0,0,0,1,0,24,5.4,179,10.49,Espresso,10,1995.44
2025-05-20,Tuesday,5,Spring,0,0,0,0,0,20,3.4,135,9.42,Tea,10,1290.75
2025-05-21,Wednesday,5,Spring,0,0,0,0,0,26,2.2,146,7.38,Cappuccino,10,1015.25
2025-05-22,Thursday,5,Spring,0,0,0,1,0,22,1.8,177,8.03,Tea,10,1528.55
2025-05-23,Friday,5,Spring,0,0,0,0,0,26,4.0,121,10.09,Latte,10,1246.13
2025-05-24,Saturday,5,Spring,1,0,0,1,1,22,4.0,296,9.86,Sandwich,11,3405.48
2025-05-25,Sunday,5,Spring,1,0,0,0,0,30,0.9,233,4.98,Mocha,11,1170.39
2025-05-26,Monday,5,Spring,0,0,0,0,0,22,0.3,146,10.11,Espresso,10,1474.09
2025-05-27,Tuesday,5,Spring,0,0,0,0,0,18,4.5,118,5.69,Sandwich,10,688.82
2025-05-28,Wednesday,5,Spring,0,0,0,0,0,30,3.7,148,5.57,Sandwich,10,888.48
2025-05-29,Thursday,5,Spring,0,0,0,0,0,27,4.6,125,8.73,Espresso,10,1179.56
2025-05-30,Friday,5,Spring,0,0,0,1,0,22,6.4,153,5.18,Sandwich,10,904.92
2025-05-31,Saturday,5,Spring,1,0,0,0,0,28,6.8,182,8.59,Pastry,11,1461.74
2025-06-01,Sunday,6,Summer,1,0,0,0,0,29,0.3,193,6.44,Sandwich,11,1384.88
2025-06-02,Monday,6,Summer,0,0,0,1,0,42,0.0,198,9.2,Sandwich,10,1888.38
2025-06-03,Tuesday,6,Summer,0,0,0,1,0,31,0.0,177,9.33,Sandwich,10,1802.47
2025-06-04,Wednesday,6,Summer,0,0,0,1,0,42,0.0,184,9.12,Pastry,10,1894.36
2025-06-05,Thursday,6,Summer,0,0,0,1,0,38,0.0,170,8.2,Pastry,10,1388.48
2025-06-06,Friday,6,Summer,0,0,0,0,1,39,3.5,204,7.45,Espresso,10,1724.0
2025-06-07,Saturday,6,Summer,1,0,0,0,0,40,0.0,235,10.08,Sandwich,11,2384.36
2025-06-08,Sunday,6,Summer,1,0,0,0,0,29,3.4,183,7.02,Espresso,11,1398.28
2025-06-09,Monday,6,Summer,0,0,0,1,0,42,0.0,185,8.3,Cappuccino,10,1593.92
2025-06-10,Tuesday,6,Summer,0,0,0,0,1,33,3.7,212,6.93,Tea,10,1611.31
2025-06-11,Wednesday,6,Summer,0,0,0,1,0,42,1.0,167,7.79,Espresso,10,1496.78
2025-06-12,Thursday,6,Summer,0,0,0,0,0,42,4.4,156,10.27,Americano,10,1649.58
2025-06-13,Friday,6,Summer,0,0,0,0,0,35,3.4,115,9.8,Cappuccino,10,1122.34
2025-06-14,Saturday,6,Summer,1,0,0,0,0,31,0.5,208,7.34,Americano,11,1622.9
2025-06-15,Sunday,6,Summer,1,0,0,0,0,36,2.2,204,8.2,Pastry,11,1605.8
2025-06-16,Monday,6,Summer,0,0,0,0,0,42,0.0,144,4.87,Espresso,10,610.44
2025-06-17,Tuesday,6,Summer,0,0,0,0,0,37,7.7,106,9.11,Espresso,10,940.75
2025-06-18,Wednesday,6,Summer,0,0,0,0,0,29,0.0,117,5.65,Pastry,10,605.87
2025-06-19,Thursday,6,Summer,0,0,0,0,0,33,3.2,151,8.98,Tea,10,1387.91
2025-06-20,Friday,6,Summer,0,0,0,0,0,33,5.2,120,6.75,Pastry,10,865.57
2025-06-21,Saturday,6,Summer,1,0,0,0,0,39,3.2,215,6.89,Pastry,11,1356.17
2025-06-22,Sunday,6,Summer,1,0,0,1,0,39,0.0,257,5.23,Tea,11,1509.39
2025-06-23,Monday,6,Summer,0,1,0,0,0,31,2.3,130,4.79,Cappuccino,10,745.84
2025-06-24,Tuesday,6,Summer,0,0,0,1,0,42,2.6,160,9.13,Sandwich,10,1720.51
2025-06-25,Wednesday,6,Summer,0,0,0,0,0,33,0.0,150,4.92,Latte,10,603.93
2025-06-26,Thursday,6,Summer,0,0,0,0,0,37,0.2,123,8.86,Pastry,10,1196.84
2025-06-27,Friday,6,Summer,0,0,0,1,1,39,0.4,223,6.21,Espresso,10,1534.72
2025-06-28,Saturday,6,Summer,1,0,0,0,0,30,2.2,199,10.09,Latte,11,1965.04
2025-06-29,Sunday,6,Summer,1,0,0,0,0,39,1.2,205,7.97,Cappuccino,11,1701.21
2025-06-30,Monday,6,Summer,0,1,0,0,0,36,3.8,128,8.31,Tea,10,1137.57
2025-07-01,Tuesday,7,Summer,0,0,0,0,0,39,1.0,159,5.19,Americano,10,782.54
2025-07-02,Wednesday,7,Summer,0,0,0,1,0,35,4.2,199,4.54,Espresso,10,1045.54
2025-07-03,Thursday,7,Summer,0,0,0,0,0,40,0.0,138,6.76,Tea,10,843.24
2025-07-04,Friday,7,Summer,0,0,0,1,0,32,0.0,201,5.03,Sandwich,10,1126.74
2025-07-05,Saturday,7,Summer,1,0,0,0,0,29,1.1,201,9.63,Mocha,11,1991.9
2025-07-06,Sunday,7,Summer,1,0,0,1,1,34,0.0,292,10.48,Americano,11,3530.26
2025-07-07,Monday,7,Summer,0,0,0,1,0,36,3.3,180,8.38,Mocha,10,1684.69
2025-07-08,Tuesday,7,Summer,0,0,0,0,0,35,3.6,144,9.26,Espresso,10,1415.46
2025-07-09,Wednesday,7,Summer,0,0,0,0,0,42,0.0,115,5.19,Americano,10,638.12
2025-07-10,Thursday,7,Summer,0,0,0,0,0,34,6.4,148,8.54,Espresso,10,1258.45
2025-07-11,Friday,7,Summer,0,0,0,0,0,32,0.0,141,6.2,Latte,10,727.32
2025-07-12,Saturday,7,Summer,1,0,0,0,0,28,0.0,187,5.64,Cappuccino,11,1107.15
2025-07-13,Sunday,7,Summer,1,0,0,0,0,28,2.0,191,6.9,Pastry,11,1205.61
2025-07-14,Monday,7,Summer,0,0,0,0,0,41,0.3,147,5.45,Latte,10,890.14
2025-07-15,Tuesday,7,Summer,0,0,0,0,0,39,1.4,143,10.26,Cappuccino,10,1318.36
2025-07-16,Wednesday,7,Summer,0,1,0,0,0,36,9.7,109,5.18,Pastry,10,552.92
2025-07-17,Thursday,7,Summer,0,0,0,0,0,28,0.0,156,5.24,Americano,10,767.17
2025-07-18,Friday,7,Summer,0,0,0,1,1,36,2.1,217,7.95,Tea,10,2040.68
2025-07-19,Saturday,7,Summer,1,0,0,0,0,39,0.8,193,5.12,Latte,11,1089.94
2025-07-20,Sunday,7,Summer,1,0,0,0,0,28,2.3,212,6.21,Sandwich,11,1360.93
2025-07-21,Monday,7,Summer,0,0,0,0,0,35,0.0,127,6.41,Pastry,10,738.38
2025-07-22,Tuesday,7,Summer,0,0,0,1,0,31,0.0,190,4.91,Sandwich,10,1168.01
2025-07-23,Wednesday,7,Summer,0,0,0,0,0,38,0.0,153,7.47,Espresso,10,1116.38
2025-07-24,Thursday,7,Summer,0,0,0,0,0,30,0.0,126,5.31,Pastry,10,656.9
2025-07-25,Friday,7,Summer,0,0,0,0,0,30,4.0,124,8.48,Tea,10,1156.24
2025-07-26,Saturday,7,Summer,1,0,0,0,1,32,5.9,229,5.06,Pastry,11,1222.13
2025-07-27,Sunday,7,Summer,1,0,0,0,0,32,0.0,219,4.87,Cappuccino,11,938.48
2025-07-28,Monday,7,Summer,0,0,0,0,0,36,0.0,125,6.91,Tea,10,757.62
2025-07-29,Tuesday,7,Summer,0,0,0,0,0,34,4.6,134,9.13,Espresso,10,1113.45
2025-07-30,Wednesday,7,Summer,0,0,0,0,0,31,5.3,148,6.56,Mocha,10,1013.52
2025-07-31,Thursday,7,Summer,0,0,0,0,0,32,0.9,163,10.25,Tea,10,1797.74
2025-08-01,Friday,8,Summer,0,0,0,0,0,31,0.7,157,7.58,Pastry,10,1074.57
2025-08-02,Saturday,8,Summer,1,0,0,0,0,29,5.0,214,9.04,Sandwich,11,1981.96
2025-08-03,Sunday,8,Summer,1,0,0,0,0,31,0.1,222,7.73,Pastry,11,1803.08
2025-08-04,Monday,8,Summer,0,0,0,0,0,42,4.7,149,10.0,Tea,10,1403.33
2025-08-05,Tuesday,8,Summer,0,0,0,0,0,29,0.5,127,9.9,Tea,10,1277.08
2025-08-06,Wednesday,8,Summer,0,0,0,1,0,42,2.1,199,9.82,Latte,10,2076.11
2025-08-07,Thursday,8,Summer,0,0,0,1,1,35,4.6,231,5.19,Espresso,10,1501.84
2025-08-08,Friday,8,Summer,0,0,0,0,0,38,0.0,127,7.05,Cappuccino,10,847.58
2025-08-09,Saturday,8,Summer,1,0,0,1,0,34,0.0,240,7.93,Cappuccino,11,2180.03
2025-08-10,Sunday,8,Summer,1,0,0,1,0,33,0.0,234,7.58,Cappuccino,11,1990.77
2025-08-11,Monday,8,Summer,0,0,0,0,0,42,8.0,126,4.99,Pastry,10,561.76
2025-08-12,Tuesday,8,Summer,0,0,0,1,0,39,0.0,187,5.38,Latte,10,1145.59
2025-08-13,Wednesday,8,Summer,0,0,0,0,0,34,0.6,164,8.95,Sandwich,10,1549.54
2025-08-14,Thursday,8,Summer,0,0,0,1,1,39,2.6,236,6.14,Americano,10,1666.55
2025-08-15,Friday,8,Summer,0,0,0,1,0,35,0.1,170,7.99,Latte,10,1437.79
2025-08-16,Saturday,8,Summer,1,0,0,0,1,36,0.0,271,6.99,Cappuccino,11,2114.49
2025-08-17,Sunday,8,Summer,1,0,0,0,1,38,0.0,255,10.36,Latte,11,2859.71
2025-08-18,Monday,8,Summer,0,0,0,0,0,33,0.0,149,6.37,Mocha,10,813.07
2025-08-19,Tuesday,8,Summer,0,0,0,0,0,31,0.0,128,7.32,Mocha,10,1039.3
2025-08-20,Wednesday,8,Summer,0,0,0,1,0,39,2.6,163,7.08,Mocha,10,1216.97
2025-08-21,Thursday,8,Summer,0,0,0,1,1,40,0.1,234,5.93,Americano,10,1542.31
2025-08-22,Friday,8,Summer,0,0,0,1,0,37,3.7,157,10.22,Americano,10,1634.09
2025-08-23,Saturday,8,Summer,1,0,0,0,0,41,0.0,208,9.42,Latte,11,1873.4
2025-08-24,Sunday,8,Summer,1,0,0,0,1,33,2.3,282,6.96,Tea,11,2089.42
2025-08-25,Monday,8,Summer,0,0,0,0,0,29,1.6,114,5.33,Pastry,10,593.79
2025-08-26,Tuesday,8,Summer,0,0,0,1,0,28,2.1,177,4.78,Espresso,10,980.4
2025-08-27,Wednesday,8,Summer,0,0,0,0,0,37,0.0,115,6.39,Sandwich,10,718.65
2025-08-28,Thursday,8,Summer,0,0,0,0,0,32,0.0,126,7.1,Sandwich,10,852.73
2025-08-29,Friday,8,Summer,0,0,0,0,0,28,2.0,159,9.5,Latte,10,1532.57
2025-08-30,Saturday,8,Summer,1,0,0,1,0,39,5.4,264,8.31,Americano,11,2298.47
2025-08-31,Sunday,8,Summer,1,0,0,0,0,37,6.4,179,7.4,Cappuccino,11,1306.77
2025-09-01,Monday,9,Autumn,0,0,0,0,0,20,1.7,126,5.69,Mocha,10,801.96
2025-09-02,Tuesday,9,Autumn,0,0,0,0,0,28,4.7,140,9.37,Sandwich,10,1448.28
2025-09-03,Wednesday,9,Autumn,0,0,0,0,0,23,2.3,121,6.42,Espresso,10,638.73
2025-09-04,Thursday,9,Autumn,0,0,0,0,0,22,1.3,142,6.44,Pastry,10,910.17
2025-09-05,Friday,9,Autumn,0,0,0,1,1,23,1.0,232,6.41,Pastry,10,1813.4
2025-09-06,Saturday,9,Autumn,1,0,0,0,0,30,1.3,233,6.74,Mocha,11,1469.88
2025-09-07,Sunday,9,Autumn,1,0,0,1,0,25,5.9,251,9.68,Tea,11,2780.2
2025-09-08,Monday,9,Autumn,0,0,0,0,1,27,0.9,196,8.09,Americano,10,1812.46
2025-09-09,Tuesday,9,Autumn,0,0,0,1,0,23,1.5,166,10.48,Cappuccino,10,1778.67
2025-09-10,Wednesday,9,Autumn,0,0,0,0,0,27,8.5,139,6.01,Mocha,10,730.6
2025-09-11,Thursday,9,Autumn,0,0,0,0,0,29,3.2,127,8.27,Tea,10,1058.56
2025-09-12,Friday,9,Autumn,0,0,0,0,1,27,2.5,180,8.4,Espresso,10,1588.06
2025-09-13,Saturday,9,Autumn,1,0,0,0,0,18,3.6,212,7.53,Tea,11,1695.86
2025-09-14,Sunday,9,Autumn,1,0,0,1,0,18,2.7,234,7.69,Mocha,11,1991.36
2025-09-15,Monday,9,Autumn,0,0,0,0,0,24,6.0,138,7.49,Tea,10,1024.68
2025-09-16,Tuesday,9,Autumn,0,0,0,0,0,24,2.3,124,10.19,Sandwich,10,1161.65
2025-09-17,Wednesday,9,Autumn,0,0,0,0,0,19,3.4,132,5.47,Americano,10,842.99
2025-09-18,Thursday,9,Autumn,0,0,0,0,0,29,4.5,119,6.48,Mocha,10,881.34
2025-09-19,Friday,9,Autumn,0,0,0,0,1,30,5.4,165,6.27,Espresso,10,1141.69
2025-09-20,Saturday,9,Autumn,1,0,0,0,0,20,3.8,201,10.48,Pastry,11,2070.43
2025-09-21,Sunday,9,Autumn,1,0,0,0,0,23,0.0,188,8.46,Mocha,11,1558.02
2025-09-22,Monday,9,Autumn,0,0,0,0,0,23,9.7,97,6.39,Cappuccino,10,603.07
2025-09-23,Tuesday,9,Autumn,0,0,0,1,0,27,4.9,177,6.76,Americano,10,1425.61
2025-09-24,Wednesday,9,Autumn,0,0,0,0,0,30,2.2,122,5.63,Pastry,10,597.56
2025-09-25,Thursday,9,Autumn,0,0,0,0,0,19,6.5,137,8.79,Mocha,10,1349.27
2025-09-26,Friday,9,Autumn,0,0,0,0,1,24,1.5,177,4.65,Latte,10,924.7
2025-09-27,Saturday,9,Autumn,1,0,0,1,0,30,0.0,263,8.24,Cappuccino,11,2354.3
2025-09-28,Sunday,9,Autumn,1,0,0,0,1,25,2.2,266,6.74,Latte,11,1777.76
2025-09-29,Monday,9,Autumn,0,0,0,0,0,21,8.5,99,9.41,Tea,10,873.29
2025-09-30,Tuesday,9,Autumn,0,0,0,0,0,18,3.2,117,9.16,Tea,10,1167.45
2025-10-01,Wednesday,10,Autumn,0,0,0,1,0,28,3.6,200,10.24,Pastry,10,2114.76
2025-10-02,Thursday,10,Autumn,0,0,0,0,1,23,0.7,216,6.8,Latte,10,1413.38
2025-10-03,Friday,10,Autumn,0,0,0,0,1,24,4.0,208,10.17,Sandwich,10,2329.02
2025-10-04,Saturday,10,Autumn,1,0,0,0,1,24,7.0,259,6.41,Cappuccino,11,1643.6
2025-10-05,Sunday,10,Autumn,1,0,0,0,0,30,8.3,192,6.33,Cappuccino,11,1235.86
2025-10-06,Monday,10,Autumn,0,0,0,1,0,27,1.7,188,8.58,Cappuccino,10,1865.25
2025-10-07,Tuesday,10,Autumn,0,0,0,0,0,27,0.0,144,7.34,Tea,10,936.5
2025-10-08,Wednesday,10,Autumn,0,0,0,1,0,19,0.5,186,8.68,Cappuccino,10,1639.77
2025-10-09,Thursday,10,Autumn,0,0,0,0,0,28,3.9,150,5.17,Cappuccino,10,706.74
2025-10-10,Friday,10,Autumn,0,0,0,0,0,18,5.4,105,8.5,Pastry,10,744.71
2025-10-11,Saturday,10,Autumn,1,0,0,0,0,28,0.2,214,9.42,Espresso,11,2047.9
2025-10-12,Sunday,10,Autumn,1,0,0,0,0,20,0.0,213,8.41,Tea,11,1753.95
2025-10-13,Monday,10,Autumn,0,0,0,0,0,24,4.7,144,6.01,Espresso,10,744.6
2025-10-14,Tuesday,10,Autumn,0,1,0,1,0,28,6.0,150,8.18,Latte,10,1422.86
2025-10-15,Wednesday,10,Autumn,0,0,0,1,1,24,4.0,250,4.85,Sandwich,10,1490.17
2025-10-16,Thursday,10,Autumn,0,0,0,1,0,25,3.1,194,5.43,Espresso,10,1229.44
2025-10-17,Friday,10,Autumn,0,1,0,0,0,22,6.5,109,10.0,Mocha,10,1105.09
2025-10-18,Saturday,10,Autumn,1,0,0,0,0,22,0.0,233,5.71,Espresso,11,1294.11
2025-10-19,Sunday,10,Autumn,1,0,0,0,0,19,3.6,215,6.65,Sandwich,11,1579.56
2025-10-20,Monday,10,Autumn,0,0,0,0,0,29,0.0,160,10.38,Mocha,10,1751.85
2025-10-21,Tuesday,10,Autumn,0,0,0,1,0,23,5.1,179,10.05,Mocha,10,2064.03
2025-10-22,Wednesday,10,Autumn,0,0,0,1,0,18,2.1,158,5.64,Espresso,10,1119.22
2025-10-23,Thursday,10,Autumn,0,0,0,0,0,26,2.4,121,4.54,Tea,10,405.32
2025-10-24,Friday,10,Autumn,0,0,0,0,0,18,0.0,123,9.73,Tea,10,1286.44
2025-10-25,Saturday,10,Autumn,1,0,0,1,0,25,1.3,230,8.26,Cappuccino,11,2112.58
2025-10-26,Sunday,10,Autumn,1,0,0,0,0,19,0.0,191,6.31,Espresso,11,1312.17
2025-10-27,Monday,10,Autumn,0,0,0,0,0,26,2.7,124,6.55,Mocha,10,736.57
2025-10-28,Tuesday,10,Autumn,0,0,0,0,0,22,0.0,125,5.26,Sandwich,10,537.01
2025-10-29,Wednesday,10,Autumn,0,0,0,1,0,28,0.0,180,6.0,Cappuccino,10,1071.67
2025-10-30,Thursday,10,Autumn,0,0,0,1,0,25,1.1,208,9.08,Sandwich,10,2215.47
2025-10-31,Friday,10,Autumn,0,0,0,1,0,18,0.0,176,5.9,Mocha,10,1136.18
2025-11-01,Saturday,11,Autumn,1,0,0,0,0,30,0.0,200,10.47,Cappuccino,11,2036.96
2025-11-02,Sunday,11,Autumn,1,0,0,0,0,22,4.1,210,8.14,Sandwich,11,1841.62
2025-11-03,Monday,11,Autumn,0,0,0,0,0,23,7.0,146,7.92,Cappuccino,10,1019.17
2025-11-04,Tuesday,11,Autumn,0,0,0,0,0,24,0.5,158,10.47,Sandwich,10,1765.72
2025-11-05,Wednesday,11,Autumn,0,0,0,1,0,24,3.7,170,8.09,Tea,10,1605.1
2025-11-06,Thursday,11,Autumn,0,0,0,1,0,30,3.9,164,7.09,Americano,10,1259.29
2025-11-07,Friday,11,Autumn,0,0,0,0,0,20,0.1,159,6.16,Sandwich,10,1097.5
2025-11-08,Saturday,11,Autumn,1,0,0,0,0,24,2.8,225,6.62,Pastry,11,1414.56
2025-11-09,Sunday,11,Autumn,1,0,0,0,1,29,2.7,269,7.6,Americano,11,2256.49
2025-11-10,Monday,11,Autumn,0,0,0,0,0,30,1.3,135,7.32,Latte,10,1031.67
2025-11-11,Tuesday,11,Autumn,0,0,0,0,1,26,2.4,216,6.15,Cappuccino,10,1475.97
2025-11-12,Wednesday,11,Autumn,0,0,0,0,0,22,2.7,112,6.64,Americano,10,651.27
2025-11-13,Thursday,11,Autumn,0,0,0,1,0,23,0.0,181,9.66,Espresso,10,1856.47
2025-11-14,Friday,11,Autumn,0,0,0,0,0,25,7.2,129,7.11,Cappuccino,10,867.23
2025-11-15,Saturday,11,Autumn,1,0,0,0,1,21,0.0,283,9.47,Latte,11,2887.0
2025-11-16,Sunday,11,Autumn,1,0,0,0,0,30,3.4,184,8.19,Pastry,11,1480.96
2025-11-17,Monday,11,Autumn,0,0,0,0,0,19,1.2,146,6.33,Latte,10,1047.76
2025-11-18,Tuesday,11,Autumn,0,0,0,1,0,26,4.2,202,8.03,Cappuccino,10,1925.19
2025-11-19,Wednesday,11,Autumn,0,0,0,0,0,25,1.1,123,6.69,Americano,10,725.09
2025-11-20,Thursday,11,Autumn,0,0,0,0,1,18,9.0,165,9.16,Tea,10,1482.4
2025-11-21,Friday,11,Autumn,0,0,0,0,0,25,5.9,123,5.62,Sandwich,10,687.77
2025-11-22,Saturday,11,Autumn,1,0,0,0,0,28,5.5,185,8.03,Americano,11,1599.81
2025-11-23,Sunday,11,Autumn,1,0,0,1,0,30,3.5,254,9.7,Tea,11,2681.69
2025-11-24,Monday,11,Autumn,0,0,0,0,0,26,0.7,132,7.72,Americano,10,1017.47
2025-11-25,Tuesday,11,Autumn,0,0,0,1,0,22,4.8,170,9.78,Cappuccino,10,1679.38
2025-11-26,Wednesday,11,Autumn,0,0,0,0,1,19,5.3,210,4.94,Espresso,10,1132.47
2025-11-27,Thursday,11,Autumn,0,0,0,0,0,28,0.2,163,6.63,Tea,10,1023.06
2025-11-28,Friday,11,Autumn,0,0,0,0,0,26,1.7,161,8.27,Americano,10,1326.0
2025-11-29,Saturday,11,Autumn,1,0,0,1,0,24,2.3,252,5.55,Sandwich,11,1643.46
2025-11-30,Sunday,11,Autumn,1,0,0,1,0,30,4.7,264,7.98,Tea,11,2338.66
2025-12-01,Monday,12,Winter,0,0,0,0,0,10,3.1,112,5.35,Latte,10,634.81
2025-12-02,Tuesday,12,Winter,0,0,0,0,0,9,0.0,141,6.85,Pastry,10,847.18
2025-12-03,Wednesday,12,Winter,0,0,0,0,0,10,0.5,162,9.84,Americano,10,1525.35
2025-12-04,Thursday,12,Winter,0,0,0,0,0,6,4.7,112,7.29,Mocha,10,704.79
2025-12-05,Friday,12,Winter,0,0,0,0,0,11,4.3,148,4.54,Pastry,10,524.04
2025-12-06,Saturday,12,Winter,1,0,0,1,0,17,7.2,231,7.85,Espresso,11,2113.27
2025-12-07,Sunday,12,Winter,1,0,0,1,0,15,0.0,239,10.04,Mocha,11,2493.01
2025-12-08,Monday,12,Winter,0,0,0,0,0,7,3.0,110,4.66,Espresso,10,566.26
2025-12-09,Tuesday,12,Winter,0,0,0,0,0,6,7.0,142,9.5,Americano,10,1258.87
2025-12-10,Wednesday,12,Winter,0,0,0,1,0,11,7.1,148,6.03,Latte,10,1093.34
2025-12-11,Thursday,12,Winter,0,0,0,0,1,13,2.5,186,6.72,Latte,10,1176.72
2025-12-12,Friday,12,Winter,0,0,0,0,0,14,1.1,125,9.98,Tea,10,1121.68
2025-12-13,Saturday,12,Winter,1,0,0,0,0,18,0.8,187,5.82,Tea,11,1021.26
2025-12-14,Sunday,12,Winter,1,0,0,0,0,17,1.0,201,10.41,Sandwich,11,1957.2
2025-12-15,Monday,12,Winter,0,0,0,0,0,17,12.4,92,8.23,Americano,10,622.98
2025-12-16,Tuesday,12,Winter,0,0,0,1,0,16,9.1,180,9.35,Americano,10,1786.06
2025-12-17,Wednesday,12,Winter,0,0,0,1,0,14,6.9,175,7.05,Tea,10,1249.05
2025-12-18,Thursday,12,Winter,0,0,0,0,0,13,0.0,150,4.6,Americano,10,615.12
2025-12-19,Friday,12,Winter,0,0,0,1,0,7,3.0,154,6.48,Americano,10,1170.53
2025-12-20,Saturday,12,Winter,1,0,0,0,1,18,0.0,250,9.41,Latte,11,2334.27
2025-12-21,Sunday,12,Winter,1,0,0,1,0,13,0.0,236,7.12,Cappuccino,11,1923.38
2025-12-22,Monday,12,Winter,0,0,0,1,0,18,7.3,149,5.92,Pastry,10,1081.4
2025-12-23,Tuesday,12,Winter,0,0,0,1,0,8,2.9,202,7.46,Tea,10,1541.2
2025-12-24,Wednesday,12,Winter,0,0,0,0,1,11,5.0,199,4.99,Tea,10,899.57
2025-12-25,Thursday,12,Winter,0,0,0,1,0,7,9.6,190,7.95,Sandwich,10,1628.07
2025-12-26,Friday,12,Winter,0,0,0,1,0,6,4.9,188,7.61,Cappuccino,10,1471.57
2025-12-27,Saturday,12,Winter,1,0,0,0,0,13,2.0,182,9.47,Cappuccino,11,1847.58
2025-12-28,Sunday,12,Winter,1,0,0,1,0,16,3.3,253,9.42,Latte,11,2506.93
2025-12-29,Monday,12,Winter,0,0,0,1,0,6,4.4,197,9.12,Espresso,10,2015.17
2025-12-30,Tuesday,12,Winter,0,0,0,1,0,5,0.7,191,4.86,Mocha,10,1076.12
2025-12-31,Wednesday,12,Winter,0,0,0,1,1,6,4.3,208,9.2,Tea,10,2067.35
2026-01-01,Thursday,1,Winter,0,0,0,1,0,8,3.1,171,9.98,Tea,10,1924.63
2026-01-02,Friday,1,Winter,0,0,0,1,0,5,1.7,158,5.37,Americano,10,816.8
2026-01-03,Saturday,1,Winter,1,0,0,1,0,10,4.8,228,9.02,Cappuccino,11,2339.82
2026-01-04,Sunday,1,Winter,1,0,0,1,0,18,5.7,251,8.49,Mocha,11,2484.22
2026-01-05,Monday,1,Winter,0,0,0,0,0,9,0.0,140,9.58,Sandwich,10,1236.79
2026-01-06,Tuesday,1,Winter,0,0,0,0,0,8,5.5,131,8.78,Espresso,10,1045.7
2026-01-07,Wednesday,1,Winter,0,0,0,1,0,13,1.5,184,6.03,Pastry,10,1298.24
2026-01-08,Thursday,1,Winter,0,0,0,0,0,7,5.7,148,8.69,Americano,10,1389.23
2026-01-09,Friday,1,Winter,0,0,0,1,0,6,2.3,203,6.07,Latte,10,1329.75
2026-01-10,Saturday,1,Winter,1,0,0,0,0,5,2.2,216,4.71,Tea,11,1016.24
2026-01-11,Sunday,1,Winter,1,0,0,0,0,13,5.7,208,8.59,Cappuccino,11,1890.19
2026-01-12,Monday,1,Winter,0,0,0,0,0,5,5.0,112,7.82,Sandwich,10,798.38
2026-01-13,Tuesday,1,Winter,0,0,0,0,0,16,4.1,157,6.79,Sandwich,10,1081.49
2026-01-14,Wednesday,1,Winter,0,0,0,1,0,18,8.1,151,10.14,Sandwich,10,1725.8
2026-01-15,Thursday,1,Winter,0,0,0,0,0,16,1.6,115,7.48,Latte,10,1006.08
2026-01-16,Friday,1,Winter,0,0,0,0,0,7,7.1,102,6.16,Tea,10,503.64
2026-01-17,Saturday,1,Winter,1,0,0,1,0,13,5.9,249,8.4,Tea,11,2198.3
2026-01-18,Sunday,1,Winter,1,0,0,1,0,16,4.9,228,4.66,Espresso,11,1034.94
2026-01-19,Monday,1,Winter,0,0,0,0,0,5,6.0,116,10.22,Espresso,10,1210.73
2026-01-20,Tuesday,1,Winter,0,0,0,0,0,8,2.1,133,8.39,Tea,10,1146.01
2026-01-21,Wednesday,1,Winter,0,0,0,0,0,9,3.0,120,9.75,Pastry,10,1262.25
2026-01-22,Thursday,1,Winter,0,0,0,0,0,14,3.5,134,6.79,Tea,10,1043.38
2026-01-23,Friday,1,Winter,0,0,0,0,0,9,2.2,147,6.25,Latte,10,1023.29
2026-01-24,Saturday,1,Winter,1,0,0,0,0,17,0.0,222,8.49,Pastry,11,1812.11
2026-01-25,Sunday,1,Winter,1,0,0,0,0,12,3.4,188,7.65,Sandwich,11,1409.34
2026-01-26,Monday,1,Winter,0,0,0,1,0,14,1.9,185,9.66,Espresso,10,2033.97
2026-01-27,Tuesday,1,Winter,0,0,0,0,0,16,0.0,150,8.34,Mocha,10,1179.06
2026-01-28,Wednesday,1,Winter,0,0,0,0,0,14,4.2,141,5.77,Espresso,10,753.7
2026-01-29,Thursday,1,Winter,0,0,0,0,0,15,6.2,116,10.11,Pastry,10,1148.72
2026-01-30,Friday,1,Winter,0,0,0,1,0,10,0.0,167,8.33,Sandwich,10,1393.07
2026-01-31,Saturday,1,Winter,1,0,0,0,0,15,0.0,188,5.75,Espresso,11,1198.48
2026-02-01,Sunday,2,Winter,1,0,0,0,0,8,2.7,228,5.68,Mocha,11,1326.57
2026-02-02,Monday,2,Winter,0,0,0,1,0,14,0.0,208,5.3,Latte,10,1203.65
2026-02-03,Tuesday,2,Winter,0,0,0,0,0,11,2.9,146,6.09,Latte,10,1017.73
2026-02-04,Wednesday,2,Winter,0,0,0,1,1,14,9.8,227,6.61,Latte,10,1570.27
2026-02-05,Thursday,2,Winter,0,0,0,0,0,16,3.6,149,6.27,Sandwich,10,874.68
2026-02-06,Friday,2,Winter,0,0,0,0,0,14,0.3,126,8.26,Americano,10,1102.89
2026-02-07,Saturday,2,Winter,1,0,0,0,0,17,0.0,223,5.0,Pastry,11,1179.99
2026-02-08,Sunday,2,Winter,1,0,0,0,1,13,3.8,256,8.86,Sandwich,11,2259.1
2026-02-09,Monday,2,Winter,0,0,0,0,0,15,0.0,150,5.92,Espresso,10,757.55
2026-02-10,Tuesday,2,Winter,0,0,0,0,0,5,1.3,152,4.68,Espresso,10,777.94
2026-02-11,Wednesday,2,Winter,0,0,0,1,0,10,3.9,160,7.92,Cappuccino,10,1538.26
2026-02-12,Thursday,2,Winter,0,0,0,0,0,15,5.3,119,7.17,Latte,10,991.9
2026-02-13,Friday,2,Winter,0,0,0,0,0,10,3.6,116,9.65,Cappuccino,10,1098.36
2026-02-14,Saturday,2,Winter,1,0,0,0,0,12,2.5,181,6.1,Mocha,11,1182.62
2026-02-15,Sunday,2,Winter,1,0,0,1,0,16,1.9,238,8.55,Tea,11,2243.33
2026-02-16,Monday,2,Winter,0,0,0,1,1,12,0.0,216,6.87,Americano,10,1811.59
2026-02-17,Tuesday,2,Winter,0,0,0,0,0,16,6.5,134,9.41,Mocha,10,1133.66
2026-02-18,Wednesday,2,Winter,0,0,0,0,0,5,5.5,133,5.6,Sandwich,10,729.05
2026-02-19,Thursday,2,Winter,0,0,0,0,0,7,7.3,139,7.62,Tea,10,1205.85
2026-02-20,Friday,2,Winter,0,0,0,0,1,18,3.4,205,6.24,Pastry,10,1354.57
2026-02-21,Saturday,2,Winter,1,0,0,1,0,11,5.8,229,9.34,Mocha,11,2259.34
2026-02-22,Sunday,2,Winter,1,0,0,1,0,9,2.2,246,7.05,Latte,11,1800.44
2026-02-23,Monday,2,Winter,0,0,0,0,0,6,4.6,119,9.09,Sandwich,10,1169.49
2026-02-24,Tuesday,2,Winter,0,0,0,1,0,5,6.2,189,6.27,Espresso,10,1166.87
2026-02-25,Wednesday,2,Winter,0,0,0,0,0,10,2.0,127,8.79,Mocha,10,1056.49
2026-02-26,Thursday,2,Winter,0,0,0,1,0,11,2.8,167,10.4,Americano,10,1874.4
2026-02-27,Friday,2,Winter,0,0,0,0,0,15,2.5,133,7.97,Cappuccino,10,1153.71
2026-02-28,Saturday,2,Winter,1,0,0,0,1,13,4.9,258,4.82,Americano,11,1325.66
2026-03-01,Sunday,3,Spring,1,0,1,1,0,25,4.3,234,9.0,Mocha,11,2236.4
2026-03-02,Monday,3,Spring,0,0,1,0,0,27,6.0,133,8.03,Latte,10,949.55
2026-03-03,Tuesday,3,Spring,0,0,1,0,0,18,6.0,136,7.63,Tea,10,1021.84
2026-03-04,Wednesday,3,Spring,0,0,0,0,0,22,2.1,151,10.36,Tea,10,1575.23
2026-03-05,Thursday,3,Spring,0,0,1,0,0,18,5.5,92,7.43,Americano,10,751.8
2026-03-06,Friday,3,Spring,0,0,1,0,0,21,5.1,103,4.85,Latte,10,602.84
2026-03-07,Saturday,3,Spring,1,0,1,0,0,27,1.7,193,9.51,Tea,11,1687.93
2026-03-08,Sunday,3,Spring,1,0,1,0,0,20,5.7,194,8.09,Sandwich,11,1455.15
2026-03-09,Monday,3,Spring,0,0,1,0,0,24,4.8,122,5.59,Latte,10,798.93
2026-03-10,Tuesday,3,Spring,0,0,0,0,0,19,1.1,150,5.3,Latte,10,788.95
2026-03-11,Wednesday,3,Spring,0,0,0,0,1,28,3.7,207,6.69,Sandwich,10,1588.21
2026-03-12,Thursday,3,Spring,0,0,0,1,0,18,8.3,144,8.94,Espresso,10,1331.89
2026-03-13,Friday,3,Spring,0,0,0,0,0,23,4.7,152,6.72,Pastry,10,1039.93
2026-03-14,Saturday,3,Spring,1,0,1,1,0,29,8.0,213,4.73,Mocha,11,1250.28
2026-03-15,Sunday,3,Spring,1,0,1,1,0,30,0.0,253,7.39,Mocha,11,2026.81
2026-03-16,Monday,3,Spring,0,0,1,0,0,30,5.1,127,5.52,Espresso,10,748.2
2026-03-17,Tuesday,3,Spring,0,0,0,0,1,18,8.0,170,4.78,Sandwich,10,726.5
2026-03-18,Wednesday,3,Spring,0,0,1,0,0,21,4.0,127,9.7,Latte,10,1289.9
2026-03-19,Thursday,3,Spring,0,0,1,1,0,22,2.2,176,5.46,Pastry,10,1097.05
2026-03-20,Friday,3,Spring,0,0,1,0,0,26,0.6,108,7.34,Espresso,10,898.07
2026-03-21,Saturday,3,Spring,1,0,0,0,0,26,2.4,185,9.49,Latte,11,1753.62
2026-03-22,Sunday,3,Spring,1,0,1,0,0,24,5.6,197,7.6,Espresso,11,1555.42
2026-03-23,Monday,3,Spring,0,0,1,0,0,18,5.7,102,6.21,Tea,10,582.77
2026-03-24,Tuesday,3,Spring,0,0,1,0,1,23,0.0,198,7.93,Pastry,10,1502.84
2026-03-25,Wednesday,3,Spring,0,0,1,1,0,24,5.2,144,9.03,Sandwich,10,1520.62
2026-03-26,Thursday,3,Spring,0,0,1,1,0,25,2.9,171,5.69,Pastry,10,1114.23
2026-03-27,Friday,3,Spring,0,0,1,0,1,21,1.9,200,7.5,Mocha,10,1643.77
2026-03-28,Saturday,3,Spring,1,0,0,0,1,25,4.4,245,6.34,Pastry,11,1750.78
2026-03-29,Sunday,3,Spring,1,0,1,0,0,19,5.7,168,8.45,Latte,11,1426.36
2026-03-30,Monday,3,Spring,0,0,0,0,0,25,0.2,148,6.05,Mocha,10,977.41
2026-03-31,Tuesday,3,Spring,0,0,1,0,0,30,0.0,138,4.76,Mocha,10,716.56
2026-04-01,Wednesday,4,Spring,0,0,1,1,1,20,2.5,199,9.03,Sandwich,10,2214.19
2026-04-02,Thursday,4,Spring,0,0,1,1,0,27,3.1,166,6.44,Tea,10,1308.85
2026-04-03,Friday,4,Spring,0,0,0,0,0,26,3.8,157,4.51,Pastry,10,723.53
2026-04-04,Saturday,4,Spring,1,0,1,0,0,27,7.5,164,7.34,Pastry,11,1213.35
2026-04-05,Sunday,4,Spring,1,0,1,0,0,21,0.0,194,5.91,Mocha,11,1045.94
2026-04-06,Monday,4,Spring,0,0,0,0,0,26,0.2,153,8.11,Cappuccino,10,1387.45
2026-04-07,Tuesday,4,Spring,0,0,0,0,0,30,3.7,133,4.73,Cappuccino,10,596.65
2026-04-08,Wednesday,4,Spring,0,0,1,1,0,21,0.8,158,10.24,Americano,10,1854.04
2026-04-09,Thursday,4,Spring,0,0,0,1,0,29,7.1,166,7.47,Mocha,10,1455.86
2026-04-10,Friday,4,Spring,0,0,1,0,0,30,5.4,118,8.81,Tea,10,984.52
2026-04-11,Saturday,4,Spring,1,1,1,1,1,24,2.5,267,10.43,Mocha,11,3286.96
2026-04-12,Sunday,4,Spring,1,0,0,1,0,22,8.9,260,6.93,Mocha,11,1937.69
2026-04-13,Monday,4,Spring,0,0,1,0,0,20,5.4,103,7.81,Sandwich,10,808.88
2026-04-14,Tuesday,4,Spring,0,0,0,1,0,19,5.0,171,7.64,Mocha,10,1335.71
2026-04-15,Wednesday,4,Spring,0,0,0,0,0,27,3.5,137,10.11,Sandwich,10,1246.19
2026-04-16,Thursday,4,Spring,0,0,1,0,1,22,3.4,194,10.17,Pastry,10,1980.82
2026-04-17,Friday,4,Spring,0,0,1,1,0,27,5.2,137,5.1,Mocha,10,751.11
2026-04-18,Saturday,4,Spring,1,0,0,0,0,18,1.9,210,6.15,Espresso,11,1280.77
2026-04-19,Sunday,4,Spring,1,0,1,0,0,18,0.7,176,6.55,Latte,11,1219.15
2026-04-20,Monday,4,Spring,0,0,0,0,0,26,0.0,117,8.61,Sandwich,10,950.67
2026-04-21,Tuesday,4,Spring,0,1,0,0,0,21,3.2,118,4.53,Pastry,10,451.22
2026-04-22,Wednesday,4,Spring,0,0,1,1,0,27,3.6,164,8.05,Espresso,10,1446.87
2026-04-23,Thursday,4,Spring,0,0,1,0,0,21,0.0,143,5.49,Tea,10,835.74
2026-04-24,Friday,4,Spring,0,0,0,0,0,29,5.0,142,8.76,Tea,10,1243.35
2026-04-25,Saturday,4,Spring,1,0,0,0,0,27,3.3,205,8.22,Sandwich,11,1756.97
2026-04-26,Sunday,4,Spring,1,0,1,1,0,21,2.7,223,4.72,Pastry,11,1253.66
2026-04-27,Monday,4,Spring,0,0,0,0,0,26,1.6,150,9.04,Pastry,10,1257.94
2026-04-28,Tuesday,4,Spring,0,0,1,0,0,27,4.6,135,5.51,Americano,10,643.74
2026-04-29,Wednesday,4,Spring,0,0,1,0,0,25,6.9,130,8.45,Americano,10,1140.03
2026-04-30,Thursday,4,Spring,0,0,1,0,0,23,1.9,104,6.4,Cappuccino,10,589.84
2026-05-01,Friday,5,Spring,0,0,0,0,0,22,3.2,124,4.73,Cappuccino,10,485.12
2026-05-02,Saturday,5,Spring,1,0,0,0,0,23,3.5,225,7.08,Pastry,11,1613.63
2026-05-03,Sunday,5,Spring,1,0,0,1,0,23,0.0,273,7.48,Latte,11,2162.2
2026-05-04,Monday,5,Spring,0,0,0,1,0,27,6.1,189,8.56,Sandwich,10,1760.35
2026-05-05,Tuesday,5,Spring,0,0,0,1,1,22,6.7,217,10.4,Pastry,10,2514.22
2026-05-06,Wednesday,5,Spring,0,0,0,0,0,21,11.6,139,5.56,Mocha,10,632.45
2026-05-07,Thursday,5,Spring,0,0,0,0,0,30,5.1,112,5.89,Americano,10,525.58
2026-05-08,Friday,5,Spring,0,0,0,1,0,30,0.0,185,8.45,Sandwich,10,1636.12
2026-05-09,Saturday,5,Spring,1,0,0,0,0,28,5.4,185,6.04,Pastry,11,1156.8
2026-05-10,Sunday,5,Spring,1,0,0,0,0,22,0.0,214,6.83,Pastry,11,1329.08
2026-05-11,Monday,5,Spring,0,0,0,0,0,29,4.1,150,5.31,Cappuccino,10,756.01
2026-05-12,Tuesday,5,Spring,0,0,0,0,0,25,0.0,142,9.91,Cappuccino,10,1376.07
2026-05-13,Wednesday,5,Spring,0,1,0,1,0,27,6.0,173,9.16,Americano,10,1716.45
2026-05-14,Thursday,5,Spring,0,0,0,0,0,18,5.1,135,10.28,Tea,10,1466.06
2026-05-15,Friday,5,Spring,0,0,0,0,0,18,1.4,117,10.07,Pastry,10,1153.54
2026-05-16,Saturday,5,Spring,1,0,0,0,0,21,0.0,235,8.07,Americano,11,1976.52
2026-05-17,Sunday,5,Spring,1,0,0,1,0,27,3.3,250,6.31,Mocha,11,1653.87
2026-05-18,Monday,5,Spring,0,0,0,0,0,24,2.6,143,4.74,Latte,10,778.21
2026-05-19,Tuesday,5,Spring,0,0,0,0,0,26,3.2,127,4.99,Sandwich,10,658.6
2026-05-20,Wednesday,5,Spring,0,0,0,1,1,21,1.5,227,4.51,Cappuccino,10,1239.03
2026-05-21,Thursday,5,Spring,0,0,0,0,1,23,2.8,202,9.2,Latte,10,1957.25
2026-05-22,Friday,5,Spring,0,0,0,1,0,24,5.4,180,9.27,Espresso,10,1732.66
2026-05-23,Saturday,5,Spring,1,0,0,0,0,19,0.4,215,9.67,Tea,11,2083.47
2026-05-24,Sunday,5,Spring,1,0,0,0,0,25,0.0,228,6.55,Sandwich,11,1575.72
2026-05-25,Monday,5,Spring,0,0,0,0,0,29,0.4,126,8.11,Mocha,10,1070.88
2026-05-26,Tuesday,5,Spring,0,0,0,0,0,19,4.4,122,10.21,Cappuccino,10,1173.14
2026-05-27,Wednesday,5,Spring,0,0,0,0,0,22,0.3,133,9.44,Pastry,10,1378.7
2026-05-28,Thursday,5,Spring,0,0,0,0,0,25,11.7,106,7.66,Espresso,10,824.06
2026-05-29,Friday,5,Spring,0,0,0,0,0,24,3.2,109,10.44,Cappuccino,10,1057.16
2026-05-30,Saturday,5,Spring,1,0,0,0,1,20,1.5,254,7.97,Americano,11,2170.18
2026-05-31,Sunday,5,Spring,1,0,0,1,0,20,0.7,261,8.23,Tea,11,2361.19
2026-06-01,Monday,6,Summer,0,1,0,0,0,32,0.0,132,9.08,Cappuccino,10,1132.3
2026-06-02,Tuesday,6,Summer,0,0,0,0,0,37,3.8,150,7.67,Americano,10,1034.65
2026-06-03,Wednesday,6,Summer,0,0,0,0,0,42,0.0,164,5.37,Mocha,10,951.73
2026-06-04,Thursday,6,Summer,0,0,0,0,0,31,2.1,129,7.46,Mocha,10,1057.45
2026-06-05,Friday,6,Summer,0,0,0,0,0,36,3.4,143,8.89,Espresso,10,1340.55
2026-06-06,Saturday,6,Summer,1,0,0,0,0,35,2.5,218,6.75,Tea,11,1513.11
2026-06-07,Sunday,6,Summer,1,0,0,0,0,32,1.8,183,6.69,Tea,11,1300.81
2026-06-08,Monday,6,Summer,0,0,0,1,1,40,0.0,259,7.31,Sandwich,10,2239.27
2026-06-09,Tuesday,6,Summer,0,0,0,0,0,41,0.0,136,7.63,Espresso,10,1083.83
2026-06-10,Wednesday,6,Summer,0,0,0,1,0,42,1.4,180,5.82,Mocha,10,1013.96
2026-06-11,Thursday,6,Summer,0,0,0,0,1,31,5.1,187,8.46,Mocha,10,1565.12
2026-06-12,Friday,6,Summer,0,0,0,0,0,32,0.5,163,6.03,Tea,10,1075.93
2026-06-13,Saturday,6,Summer,1,0,0,0,0,34,1.9,223,6.25,Pastry,11,1441.59
2026-06-14,Sunday,6,Summer,1,0,0,0,0,29,4.8,207,9.92,Latte,11,1984.3
2026-06-15,Monday,6,Summer,0,0,0,1,0,28,0.0,207,5.7,Latte,10,1447.49
2026-06-16,Tuesday,6,Summer,0,0,0,0,0,33,0.0,154,4.5,Latte,10,609.46
2026-06-17,Wednesday,6,Summer,0,0,0,1,0,37,0.0,168,7.02,Americano,10,1398.54
2026-06-18,Thursday,6,Summer,0,0,0,1,0,42,0.0,177,7.47,Latte,10,1475.47
2026-06-19,Friday,6,Summer,0,0,0,1,0,37,4.4,199,9.74,Cappuccino,10,2128.99
2026-06-20,Saturday,6,Summer,1,0,0,1,0,41,2.0,237,9.07,Tea,11,2400.71
2026-06-21,Sunday,6,Summer,1,0,0,0,0,32,0.0,185,8.24,Espresso,11,1388.69
2026-06-22,Monday,6,Summer,0,0,0,0,0,38,2.4,150,7.78,Cappuccino,10,1127.59
2026-06-23,Tuesday,6,Summer,0,0,0,0,0,36,0.0,158,8.72,Mocha,10,1488.81
2026-06-24,Wednesday,6,Summer,0,0,0,0,0,32,0.0,118,9.36,Americano,10,1174.56
2026-06-25,Thursday,6,Summer,0,0,0,1,1,34,0.0,218,8.58,Americano,10,2045.49
2026-06-26,Friday,6,Summer,0,0,0,0,0,39,6.4,153,7.56,Mocha,10,1201.93
2026-06-27,Saturday,6,Summer,1,0,0,0,1,35,3.3,239,9.25,Sandwich,11,2192.15
2026-06-28,Sunday,6,Summer,1,0,0,0,1,30,1.3,274,10.34,Tea,11,3001.62
2026-06-29,Monday,6,Summer,0,0,0,0,1,31,0.0,190,7.47,Sandwich,10,1598.87
2026-06-30,Tuesday,6,Summer,0,0,0,1,0,42,1.6,189,9.22,Latte,10,1914.21
2026-07-01,Wednesday,7,Summer,0,0,0,0,0,31,0.0,132,6.1,Latte,10,915.16
2026-07-02,Thursday,7,Summer,0,0,0,0,0,33,2.7,119,8.3,Pastry,10,1049.46
2026-07-03,Friday,7,Summer,0,0,0,1,0,33,0.0,200,7.4,Americano,10,1750.07
2026-07-04,Saturday,7,Summer,1,0,0,0,0,29,2.0,185,7.24,Sandwich,11,1321.58
2026-07-05,Sunday,7,Summer,1,0,0,0,0,29,1.5,211,5.49,Espresso,11,1037.49
2026-07-06,Monday,7,Summer,0,0,0,0,0,29,3.6,156,6.95,Latte,10,1004.44
2026-07-07,Tuesday,7,Summer,0,0,0,0,0,35,0.0,117,6.22,Espresso,10,715.32
2026-07-08,Wednesday,7,Summer,0,0,0,1,1,33,5.3,208,7.92,Americano,10,1902.72
2026-07-09,Thursday,7,Summer,0,0,0,1,0,33,3.1,165,10.46,Espresso,10,2048.15
2026-07-10,Friday,7,Summer,0,0,0,0,0,42,1.6,127,6.39,Sandwich,10,751.92
2026-07-11,Saturday,7,Summer,1,0,0,0,0,42,0.0,221,8.4,Cappuccino,11,1829.26
2026-07-12,Sunday,7,Summer,1,0,0,0,0,33,0.0,211,8.52,Cappuccino,11,1722.99
2026-07-13,Monday,7,Summer,0,0,0,0,0,28,2.8,119,7.73,Pastry,10,790.41
2026-07-14,Tuesday,7,Summer,0,0,0,0,1,31,1.4,202,6.99,Espresso,10,1431.51
2026-07-15,Wednesday,7,Summer,0,0,0,1,0,41,0.0,177,6.16,Sandwich,10,1127.23
2026-07-16,Thursday,7,Summer,0,0,0,0,0,28,2.7,120,8.5,Sandwich,10,1090.1
2026-07-17,Friday,7,Summer,0,0,0,0,0,32,0.6,119,9.72,Cappuccino,10,1158.04
2026-07-18,Saturday,7,Summer,1,0,0,0,0,33,0.0,205,6.03,Tea,11,1132.96
2026-07-19,Sunday,7,Summer,1,0,0,0,1,29,0.0,285,8.79,Mocha,11,2520.05
2026-07-20,Monday,7,Summer,0,0,0,0,1,32,0.0,189,5.92,Latte,10,1310.97
2026-07-21,Tuesday,7,Summer,0,0,0,0,0,30,0.8,127,9.93,Americano,10,1147.84
2026-07-22,Wednesday,7,Summer,0,0,0,1,0,42,4.0,169,6.74,Americano,10,1229.96
2026-07-23,Thursday,7,Summer,0,0,0,1,0,31,4.3,170,6.72,Americano,10,1112.6
2026-07-24,Friday,7,Summer,0,0,0,1,0,40,4.5,199,9.66,Pastry,10,2257.01
2026-07-25,Saturday,7,Summer,1,0,0,0,1,40,0.0,271,8.77,Latte,11,2643.91
2026-07-26,Sunday,7,Summer,1,0,0,1,0,41,0.0,236,5.44,Sandwich,11,1477.05
2026-07-27,Monday,7,Summer,0,0,0,0,0,40,0.0,146,7.66,Pastry,10,1068.37
2026-07-28,Tuesday,7,Summer,0,0,0,0,0,37,6.7,143,8.63,Tea,10,1151.15
2026-07-29,Wednesday,7,Summer,0,0,0,0,1,30,0.0,204,8.78,Mocha,10,1865.8
2026-07-30,Thursday,7,Summer,0,0,0,0,1,31,0.9,208,6.11,Mocha,10,1371.69
2026-07-31,Friday,7,Summer,0,0,0,1,0,36,0.0,183,4.62,Latte,10,858.8
2026-08-01,Saturday,8,Summer,1,0,0,0,0,28,0.0,235,9.86,Tea,11,2318.0
2026-08-02,Sunday,8,Summer,1,1,0,0,0,32,3.2,203,10.01,Espresso,11,1901.99
2026-08-03,Monday,8,Summer,0,0,0,1,0,38,0.0,209,5.59,Pastry,10,1359.41
2026-08-04,Tuesday,8,Summer,0,0,0,0,0,30,3.1,121,6.33,Latte,10,705.06
2026-08-05,Wednesday,8,Summer,0,0,0,1,0,32,0.6,197,8.15,Tea,10,1666.41
2026-08-06,Thursday,8,Summer,0,0,0,1,0,34,1.2,196,7.31,Americano,10,1490.63
2026-08-07,Friday,8,Summer,0,0,0,0,0,29,9.2,144,5.7,Latte,10,751.58
2026-08-08,Saturday,8,Summer,1,0,0,0,0,41,1.8,198,7.81,Pastry,11,1469.44
2026-08-09,Sunday,8,Summer,1,0,0,0,0,40,2.1,181,6.17,Sandwich,11,1165.51
2026-08-10,Monday,8,Summer,0,0,0,0,0,37,6.2,145,9.17,Espresso,10,1341.4
2026-08-11,Tuesday,8,Summer,0,0,0,0,0,39,0.0,150,6.88,Latte,10,944.0
2026-08-12,Wednesday,8,Summer,0,0,0,0,0,41,0.0,153,8.56,Sandwich,10,1374.61
2026-08-13,Thursday,8,Summer,0,0,0,0,1,35,2.2,177,5.58,Cappuccino,10,976.52
2026-08-14,Friday,8,Summer,0,0,0,0,0,34,0.9,162,6.13,Pastry,10,924.59
2026-08-15,Saturday,8,Summer,1,0,0,0,0,35,8.5,205,4.61,Sandwich,11,944.34
2026-08-16,Sunday,8,Summer,1,0,0,0,0,31,1.2,186,9.59,Espresso,11,1647.09
2026-08-17,Monday,8,Summer,0,1,0,1,0,35,1.0,181,8.01,Cappuccino,10,1541.7
2026-08-18,Tuesday,8,Summer,0,0,0,0,0,32,3.9,117,9.96,Sandwich,10,1250.07
2026-08-19,Wednesday,8,Summer,0,0,0,0,0,34,0.0,126,4.51,Latte,10,646.7
2026-08-20,Thursday,8,Summer,0,0,0,0,0,41,0.0,161,8.13,Pastry,10,1436.72
2026-08-21,Friday,8,Summer,0,0,0,0,0,31,0.7,116,8.67,Espresso,10,872.17
2026-08-22,Saturday,8,Summer,1,0,0,1,0,31,2.6,231,5.6,Cappuccino,11,1561.39
2026-08-23,Sunday,8,Summer,1,0,0,1,0,41,0.0,261,4.89,Latte,11,1254.98
2026-08-24,Monday,8,Summer,0,0,0,0,0,37,3.4,132,9.94,Espresso,10,1339.33
2026-08-25,Tuesday,8,Summer,0,0,0,1,0,31,5.2,186,9.21,Pastry,10,1748.75
2026-08-26,Wednesday,8,Summer,0,0,0,0,1,29,3.9,191,6.26,Tea,10,1327.95
2026-08-27,Thursday,8,Summer,0,0,0,0,0,42,0.0,154,10.46,Tea,10,1668.19
2026-08-28,Friday,8,Summer,0,0,0,0,0,34,3.1,135,6.96,Pastry,10,850.97
2026-08-29,Saturday,8,Summer,1,0,0,0,1,36,0.0,286,7.61,Pastry,11,2428.55
2026-08-30,Sunday,8,Summer,1,1,0,0,0,28,1.3,220,10.43,Latte,11,2380.14
2026-08-31,Monday,8,Summer,0,0,0,0,0,30,2.8,149,8.43,Americano,10,1348.38
2026-09-01,Tuesday,9,Autumn,0,0,0,0,0,21,0.0,149,9.15,Espresso,10,1327.54
2026-09-02,Wednesday,9,Autumn,0,0,0,0,0,23,4.1,115,8.92,Mocha,10,1018.85
2026-09-03,Thursday,9,Autumn,0,0,0,0,0,29,6.1,103,4.61,Pastry,10,565.13
2026-09-04,Friday,9,Autumn,0,0,0,0,0,22,3.3,139,8.35,Pastry,10,1213.21
2026-09-05,Saturday,9,Autumn,1,0,0,0,0,18,0.6,200,4.64,Sandwich,11,1068.4
2026-09-06,Sunday,9,Autumn,1,0,0,0,0,27,4.2,218,10.15,Mocha,11,2247.14
2026-09-07,Monday,9,Autumn,0,0,0,0,0,18,6.3,142,10.12,Pastry,10,1319.9
2026-09-08,Tuesday,9,Autumn,0,0,0,1,1,30,4.5,239,8.99,Latte,10,2434.77
2026-09-09,Wednesday,9,Autumn,0,0,0,1,0,28,1.8,165,9.48,Americano,10,1701.58
2026-09-10,Thursday,9,Autumn,0,0,0,1,1,18,1.7,253,6.02,Espresso,10,1793.11
2026-09-11,Friday,9,Autumn,0,0,0,0,1,30,0.0,197,7.03,Tea,10,1587.05
2026-09-12,Saturday,9,Autumn,1,0,0,0,0,30,5.1,215,6.17,Sandwich,11,1383.89
2026-09-13,Sunday,9,Autumn,1,0,0,0,1,29,0.0,254,10.34,Pastry,11,2627.77
2026-09-14,Monday,9,Autumn,0,0,0,1,0,23,0.1,194,10.34,Mocha,10,2085.09
2026-09-15,Tuesday,9,Autumn,0,0,0,0,1,22,5.1,188,10.18,Pastry,10,1989.31
2026-09-16,Wednesday,9,Autumn,0,0,0,0,0,23,2.8,155,6.18,Tea,10,878.8
2026-09-17,Thursday,9,Autumn,0,0,0,0,0,23,7.5,108,6.52,Espresso,10,565.92
2026-09-18,Friday,9,Autumn,0,0,0,0,0,20,6.9,112,7.06,Americano,10,804.12
2026-09-19,Saturday,9,Autumn,1,0,0,0,0,21,5.1,197,9.14,Tea,11,1867.35
2026-09-20,Sunday,9,Autumn,1,0,0,0,1,26,5.0,254,9.53,Mocha,11,2535.65
2026-09-21,Monday,9,Autumn,0,0,0,1,0,23,5.7,170,4.63,Cappuccino,10,963.98
2026-09-22,Tuesday,9,Autumn,0,0,0,0,0,26,4.3,133,6.29,Cappuccino,10,822.12
2026-09-23,Wednesday,9,Autumn,0,0,0,1,0,29,0.0,196,9.78,Latte,10,2186.67
2026-09-24,Thursday,9,Autumn,0,0,0,0,0,24,3.3,143,9.36,Tea,10,1204.49
2026-09-25,Friday,9,Autumn,0,0,0,0,0,21,6.9,131,8.2,Americano,10,1033.5
2026-09-26,Saturday,9,Autumn,1,0,0,0,0,27,4.8,192,5.34,Sandwich,11,920.76
2026-09-27,Sunday,9,Autumn,1,0,0,0,0,26,4.0,213,7.7,Mocha,11,1729.08
2026-09-28,Monday,9,Autumn,0,0,0,0,0,19,0.0,134,5.48,Cappuccino,10,865.21
2026-09-29,Tuesday,9,Autumn,0,0,0,0,0,28,5.9,128,5.06,Americano,10,717.56
2026-09-30,Wednesday,9,Autumn,0,0,0,0,0,30,6.4,145,9.68,Mocha,10,1423.74
2026-10-01,Thursday,10,Autumn,0,0,0,0,0,20,2.9,125,7.17,Mocha,10,746.8
2026-10-02,Friday,10,Autumn,0,0,0,1,1,30,0.0,222,7.95,Pastry,10,2173.08
2026-10-03,Saturday,10,Autumn,1,0,0,1,0,30,3.6,229,5.93,Pastry,11,1415.2
2026-10-04,Sunday,10,Autumn,1,0,0,0,0,25,3.7,215,6.93,Sandwich,11,1596.15
2026-10-05,Monday,10,Autumn,0,0,0,0,0,29,8.3,138,9.59,Americano,10,1226.36
2026-10-06,Tuesday,10,Autumn,0,0,0,0,1,25,2.5,187,7.81,Espresso,10,1456.43
2026-10-07,Wednesday,10,Autumn,0,0,0,1,0,24,3.7,153,5.67,Espresso,10,1065.4
2026-10-08,Thursday,10,Autumn,0,0,0,0,0,27,0.0,131,5.3,Americano,10,719.21
2026-10-09,Friday,10,Autumn,0,0,0,0,0,19,0.0,154,10.27,Americano,10,1553.46
2026-10-10,Saturday,10,Autumn,1,0,0,1,0,29,6.3,265,8.22,Tea,11,2522.07
2026-10-11,Sunday,10,Autumn,1,0,0,0,0,24,2.7,220,5.44,Americano,11,1236.91
2026-10-12,Monday,10,Autumn,0,0,0,0,1,28,0.4,215,5.74,Pastry,10,1256.67
2026-10-13,Tuesday,10,Autumn,0,0,0,0,0,23,8.9,106,8.72,Sandwich,10,749.83
2026-10-14,Wednesday,10,Autumn,0,0,0,1,0,27,5.1,163,8.34,Latte,10,1408.64
2026-10-15,Thursday,10,Autumn,0,0,0,1,0,30,6.7,166,9.11,Espresso,10,1688.94
2026-10-16,Friday,10,Autumn,0,0,0,0,0,29,2.6,116,9.65,Tea,10,1051.01
2026-10-17,Saturday,10,Autumn,1,0,0,0,1,23,0.0,251,9.54,Cappuccino,11,2424.74
2026-10-18,Sunday,10,Autumn,1,0,0,0,0,30,0.0,202,8.63,Espresso,11,1716.4
2026-10-19,Monday,10,Autumn,0,0,0,0,0,20,5.2,133,5.46,Tea,10,587.49
2026-10-20,Tuesday,10,Autumn,0,0,0,1,0,22,4.7,162,6.99,Cappuccino,10,1120.29
2026-10-21,Wednesday,10,Autumn,0,0,0,0,0,22,2.6,116,9.72,Tea,10,1042.66
2026-10-22,Thursday,10,Autumn,0,0,0,0,0,23,5.7,140,7.8,Cappuccino,10,1217.24
2026-10-23,Friday,10,Autumn,0,0,0,0,0,28,0.0,125,7.8,Cappuccino,10,1038.79
2026-10-24,Saturday,10,Autumn,1,0,0,0,0,19,7.9,179,9.51,Tea,11,1713.93
2026-10-25,Sunday,10,Autumn,1,0,0,1,0,19,6.8,244,8.68,Tea,11,2287.99
2026-10-26,Monday,10,Autumn,0,0,0,1,0,26,2.7,180,7.5,Americano,10,1548.26
2026-10-27,Tuesday,10,Autumn,0,0,0,0,0,20,4.2,132,8.85,Espresso,10,1273.26
2026-10-28,Wednesday,10,Autumn,0,0,0,0,0,30,6.4,109,8.63,Cappuccino,10,945.6
2026-10-29,Thursday,10,Autumn,0,0,0,0,0,22,0.8,142,8.2,Mocha,10,1100.76
2026-10-30,Friday,10,Autumn,0,0,0,0,0,18,3.0,145,5.93,Cappuccino,10,909.64
2026-10-31,Saturday,10,Autumn,1,0,0,0,0,27,3.7,184,10.36,Mocha,11,1891.57
2026-11-01,Sunday,11,Autumn,1,0,0,0,0,24,1.4,212,6.56,Latte,11,1474.58
2026-11-02,Monday,11,Autumn,0,0,0,0,0,18,4.2,155,7.58,Latte,10,1159.1
2026-11-03,Tuesday,11,Autumn,0,0,0,0,0,18,5.7,104,6.28,Cappuccino,10,572.21
2026-11-04,Wednesday,11,Autumn,0,0,0,1,0,27,3.4,193,8.8,Pastry,10,1774.16
2026-11-05,Thursday,11,Autumn,0,0,0,0,0,18,4.6,113,9.03,Mocha,10,961.53
2026-11-06,Friday,11,Autumn,0,0,0,0,0,20,3.5,147,5.6,Americano,10,736.52
2026-11-07,Saturday,11,Autumn,1,0,0,1,0,18,2.7,261,4.84,Tea,11,1390.67
2026-11-08,Sunday,11,Autumn,1,0,0,0,0,28,8.2,193,5.93,Pastry,11,1226.92
2026-11-09,Monday,11,Autumn,0,0,0,0,0,24,1.9,144,5.29,Latte,10,633.72
2026-11-10,Tuesday,11,Autumn,0,0,0,0,0,22,3.4,131,4.68,Latte,10,477.32
2026-11-11,Wednesday,11,Autumn,0,0,0,0,0,29,4.0,128,7.32,Tea,10,799.49
2026-11-12,Thursday,11,Autumn,0,0,0,0,0,21,4.8,108,6.23,Tea,10,755.65
2026-11-13,Friday,11,Autumn,0,0,0,0,0,18,2.8,157,10.45,Latte,10,1697.62
2026-11-14,Saturday,11,Autumn,1,0,0,0,0,26,0.0,228,6.42,Mocha,11,1519.44
2026-11-15,Sunday,11,Autumn,1,0,0,0,0,18,3.8,226,10.13,Americano,11,2256.27
2026-11-16,Monday,11,Autumn,0,1,0,1,0,27,1.2,176,8.09,Mocha,10,1691.76
2026-11-17,Tuesday,11,Autumn,0,0,0,0,0,19,1.3,163,7.79,Mocha,10,1244.63
2026-11-18,Wednesday,11,Autumn,0,0,0,0,1,30,1.7,194,9.18,Americano,10,1853.95
2026-11-19,Thursday,11,Autumn,0,0,0,0,0,26,4.5,125,6.74,Pastry,10,718.04
2026-11-20,Friday,11,Autumn,0,0,0,1,0,29,2.2,199,7.44,Cappuccino,10,1616.31
2026-11-21,Saturday,11,Autumn,1,0,0,1,0,23,0.0,276,7.46,Sandwich,11,2165.25
2026-11-22,Sunday,11,Autumn,1,0,0,0,1,23,0.0,287,5.13,Americano,11,1523.89
2026-11-23,Monday,11,Autumn,0,0,0,0,0,18,0.0,163,5.76,Tea,10,829.01
2026-11-24,Tuesday,11,Autumn,0,0,0,0,0,29,4.3,141,8.01,Espresso,10,1027.85
2026-11-25,Wednesday,11,Autumn,0,0,0,0,0,22,4.1,115,9.57,Latte,10,1064.47
2026-11-26,Thursday,11,Autumn,0,1,0,0,0,21,3.2,144,5.02,Tea,10,711.4
2026-11-27,Friday,11,Autumn,0,0,0,0,0,25,3.5,124,10.16,Sandwich,10,1274.74
2026-11-28,Saturday,11,Autumn,1,0,0,0,1,27,4.3,264,8.23,Latte,11,2346.88
2026-11-29,Sunday,11,Autumn,1,0,0,0,0,22,7.7,202,4.99,Espresso,11,1043.29
2026-11-30,Monday,11,Autumn,0,0,0,1,0,23,2.8,190,8.51,Tea,10,1756.0
2026-12-01,Tuesday,12,Winter,0,0,0,1,1,7,0.0,233,7.67,Sandwich,10,2120.03
2026-12-02,Wednesday,12,Winter,0,0,0,0,0,7,8.3,102,4.9,Tea,10,343.99
2026-12-03,Thursday,12,Winter,0,0,0,0,0,8,6.4,115,10.06,Latte,10,1029.03
2026-12-04,Friday,12,Winter,0,1,0,1,0,15,7.8,147,7.88,Cappuccino,10,1145.99
2026-12-05,Saturday,12,Winter,1,0,0,1,0,7,4.7,234,4.76,Cappuccino,11,1188.06
2026-12-06,Sunday,12,Winter,1,0,0,0,0,10,4.2,199,9.25,Espresso,11,1906.56
2026-12-07,Monday,12,Winter,0,0,0,0,1,15,5.1,163,9.37,Pastry,10,1525.02
2026-12-08,Tuesday,12,Winter,0,0,0,1,0,16,5.7,196,6.49,Latte,10,1474.18
2026-12-09,Wednesday,12,Winter,0,0,0,1,0,5,0.2,166,8.1,Cappuccino,10,1499.09
2026-12-10,Thursday,12,Winter,0,0,0,1,0,9,4.8,182,9.36,Latte,10,1817.92
2026-12-11,Friday,12,Winter,0,1,0,0,0,6,0.0,128,8.83,Espresso,10,1081.94
2026-12-12,Saturday,12,Winter,1,0,0,0,0,15,0.0,201,4.96,Cappuccino,11,857.44
2026-12-13,Sunday,12,Winter,1,0,0,1,0,9,1.3,228,9.92,Espresso,11,2568.6
2026-12-14,Monday,12,Winter,0,0,0,0,0,10,4.5,147,9.66,Espresso,10,1504.89
2026-12-15,Tuesday,12,Winter,0,0,0,1,0,7,0.5,190,6.99,Latte,10,1515.31
2026-12-16,Wednesday,12,Winter,0,0,0,0,1,12,2.2,196,6.77,Sandwich,10,1410.91
2026-12-17,Thursday,12,Winter,0,0,0,0,1,5,0.9,217,7.26,Tea,10,1566.1
2026-12-18,Friday,12,Winter,0,1,0,0,1,9,11.1,168,6.64,Mocha,10,1081.58
2026-12-19,Saturday,12,Winter,1,0,0,0,0,5,3.5,193,8.85,Pastry,11,1782.95
2026-12-20,Sunday,12,Winter,1,0,0,1,0,7,4.3,234,8.0,Espresso,11,2203.07
2026-12-21,Monday,12,Winter,0,1,0,0,0,5,4.1,139,5.98,Latte,10,925.76
2026-12-22,Tuesday,12,Winter,0,0,0,1,0,7,3.8,194,6.51,Mocha,10,1321.49
2026-12-23,Wednesday,12,Winter,0,0,0,1,0,8,8.5,147,4.89,Latte,10,628.59
2026-12-24,Thursday,12,Winter,0,0,0,0,0,7,5.9,149,5.8,Cappuccino,10,942.84
2026-12-25,Friday,12,Winter,0,0,0,0,0,14,0.0,120,5.13,Tea,10,609.81
2026-12-26,Saturday,12,Winter,1,0,0,1,0,18,4.0,234,10.18,Pastry,11,2679.33
2026-12-27,Sunday,12,Winter,1,0,0,0,0,16,9.3,187,4.71,Mocha,11,780.53
2026-12-28,Monday,12,Winter,0,0,0,1,1,14,3.0,254,9.63,Latte,10,2826.24
2026-12-29,Tuesday,12,Winter,0,0,0,0,0,9,4.9,133,8.02,Cappuccino,10,1003.96
2026-12-30,Wednesday,12,Winter,0,0,0,0,1,6,0.0,214,9.88,Espresso,10,2345.09
2026-12-31,Thursday,12,Winter,0,0,0,0,0,13,5.8,126,8.93,Espresso,10,1163.93
2027-01-01,Friday,1,Winter,0,0,0,0,0,15,2.3,142,7.12,Pastry,10,880.17
2027-01-02,Saturday,1,Winter,1,1,0,0,0,8,3.8,202,9.61,Sandwich,11,2044.12
2027-01-03,Sunday,1,Winter,1,0,0,1,0,17,0.9,279,8.36,Tea,11,2506.3
2027-01-04,Monday,1,Winter,0,0,0,0,0,14,6.0,133,4.77,Tea,10,588.99
2027-01-05,Tuesday,1,Winter,0,0,0,0,0,17,6.8,132,6.59,Pastry,10,812.8
2027-01-06,Wednesday,1,Winter,0,0,0,0,0,9,2.4,123,9.79,Espresso,10,1340.93
2027-01-07,Thursday,1,Winter,0,0,0,0,0,8,0.8,157,5.23,Espresso,10,927.17
2027-01-08,Friday,1,Winter,0,0,0,1,0,13,7.5,161,6.11,Sandwich,10,1080.18
2027-01-09,Saturday,1,Winter,1,0,0,0,0,14,6.7,184,7.67,Espresso,11,1359.32
2027-01-10,Sunday,1,Winter,1,0,0,1,1,9,1.6,317,6.17,Mocha,11,2346.56
2027-01-11,Monday,1,Winter,0,0,0,0,0,9,0.0,134,7.56,Pastry,10,1056.74
2027-01-12,Tuesday,1,Winter,0,1,0,0,0,5,0.0,139,6.29,Pastry,10,766.67
2027-01-13,Wednesday,1,Winter,0,0,0,1,0,8,4.5,163,8.47,Espresso,10,1611.21
2027-01-14,Thursday,1,Winter,0,1,0,0,0,7,8.9,96,7.15,Americano,10,681.9
2027-01-15,Friday,1,Winter,0,0,0,1,0,16,0.0,183,8.48,Pastry,10,1588.69
2027-01-16,Saturday,1,Winter,1,0,0,0,1,6,1.1,275,7.54,Mocha,11,2054.22
2027-01-17,Sunday,1,Winter,1,0,0,1,1,14,4.2,322,10.21,Latte,11,3878.16
2027-01-18,Monday,1,Winter,0,0,0,0,0,14,2.8,112,7.18,Mocha,10,941.22
2027-01-19,Tuesday,1,Winter,0,0,0,1,0,12,0.0,188,5.02,Sandwich,10,1091.04
2027-01-20,Wednesday,1,Winter,0,0,0,0,0,15,2.9,150,10.49,Americano,10,1632.59
2027-01-21,Thursday,1,Winter,0,0,0,0,0,11,9.5,111,6.96,Espresso,10,874.71
2027-01-22,Friday,1,Winter,0,0,0,0,0,5,4.4,149,7.88,Mocha,10,1108.38
2027-01-23,Saturday,1,Winter,1,0,0,1,1,7,4.0,294,8.07,Latte,11,2873.96
2027-01-24,Sunday,1,Winter,1,0,0,0,0,18,3.1,183,6.88,Mocha,11,1181.65
2027-01-25,Monday,1,Winter,0,0,0,0,0,7,0.7,114,7.56,Americano,10,754.17
2027-01-26,Tuesday,1,Winter,0,0,0,0,0,16,2.2,138,9.52,Sandwich,10,1194.3
2027-01-27,Wednesday,1,Winter,0,0,0,0,1,15,0.8,182,6.52,Tea,10,1183.2
2027-01-28,Thursday,1,Winter,0,0,0,1,0,12,0.9,193,6.84,Tea,10,1502.94
2027-01-29,Friday,1,Winter,0,0,0,0,0,9,0.0,164,10.45,Latte,10,1654.81
2027-01-30,Saturday,1,Winter,1,0,0,0,1,8,3.0,238,8.45,Tea,11,2032.95
2027-01-31,Sunday,1,Winter,1,0,0,0,0,14,5.7,199,5.92,Americano,11,1060.29
2027-02-01,Monday,2,Winter,0,0,0,0,0,13,2.3,156,5.15,Pastry,10,832.33
2027-02-02,Tuesday,2,Winter,0,0,0,0,0,7,5.8,128,6.74,Cappuccino,10,807.44
2027-02-03,Wednesday,2,Winter,0,0,0,0,0,7,4.5,143,6.51,Cappuccino,10,835.47
2027-02-04,Thursday,2,Winter,0,0,0,0,0,12,3.3,153,4.77,Tea,10,688.16
2027-02-05,Friday,2,Winter,0,0,0,1,1,16,6.9,250,9.53,Cappuccino,10,2738.15
2027-02-06,Saturday,2,Winter,1,0,0,0,0,10,5.3,208,7.44,Americano,11,1617.16
2027-02-07,Sunday,2,Winter,1,0,0,1,1,18,5.4,302,5.87,Latte,11,1973.99
2027-02-08,Monday,2,Winter,0,0,0,0,0,6,1.7,142,5.35,Mocha,10,884.87
2027-02-09,Tuesday,2,Winter,0,1,0,0,0,15,2.4,107,5.11,Espresso,10,539.99
2027-02-10,Wednesday,2,Winter,0,0,0,0,1,5,2.7,193,6.99,Pastry,10,1434.34
2027-02-11,Thursday,2,Winter,0,0,0,1,0,9,5.2,152,9.82,Sandwich,10,1573.28
2027-02-12,Friday,2,Winter,0,0,0,1,0,7,2.5,194,9.79,Cappuccino,10,1949.34
2027-02-13,Saturday,2,Winter,1,0,0,1,0,14,1.1,237,8.93,Pastry,11,2190.09
2027-02-14,Sunday,2,Winter,1,0,0,1,0,16,3.5,263,8.39,Latte,11,2417.24
2027-02-15,Monday,2,Winter,0,0,0,0,0,8,4.5,115,5.25,Tea,10,460.95
2027-02-16,Tuesday,2,Winter,0,0,0,0,0,8,4.7,115,10.04,Mocha,10,1221.5
2027-02-17,Wednesday,2,Winter,0,0,0,0,0,10,4.5,142,7.79,Sandwich,10,1108.84
2027-02-18,Thursday,2,Winter,0,0,0,0,0,13,0.4,145,7.58,Tea,10,970.67
2027-02-19,Friday,2,Winter,0,0,0,1,1,7,0.0,232,7.22,Pastry,10,2032.18
2027-02-20,Saturday,2,Winter,1,1,0,0,0,13,1.1,196,8.69,Espresso,11,1588.45
2027-02-21,Sunday,2,Winter,1,0,0,1,0,16,7.3,251,7.78,Espresso,11,2003.34
2027-02-22,Monday,2,Winter,0,0,0,0,0,17,4.2,110,4.74,Sandwich,10,524.23
2027-02-23,Tuesday,2,Winter,0,0,0,0,0,11,0.2,116,9.26,Cappuccino,10,1134.58
2027-02-24,Wednesday,2,Winter,0,0,0,0,1,16,1.5,217,4.79,Tea,10,1130.08
2027-02-25,Thursday,2,Winter,0,1,0,0,0,9,5.8,106,7.6,Sandwich,10,666.53
2027-02-26,Friday,2,Winter,0,0,0,0,0,7,6.8,107,5.7,Mocha,10,577.32
2027-02-27,Saturday,2,Winter,1,0,0,0,0,10,4.3,215,7.64,Tea,11,1720.56
2027-02-28,Sunday,2,Winter,1,0,0,0,1,6,3.1,269,5.25,Cappuccino,11,1465.63
2027-03-01,Monday,3,Spring,0,0,0,1,0,20,7.5,161,6.1,Espresso,10,1086.3
2027-03-02,Tuesday,3,Spring,0,0,1,0,0,18,3.0,109,8.01,Pastry,10,867.69
2027-03-03,Wednesday,3,Spring,0,0,0,0,1,23,6.7,191,6.16,Latte,10,1249.31
2027-03-04,Thursday,3,Spring,0,0,1,0,0,22,3.1,130,8.19,Tea,10,986.07
2027-03-05,Friday,3,Spring,0,0,0,1,0,27,4.7,190,6.67,Espresso,10,1416.73
2027-03-06,Saturday,3,Spring,1,0,0,1,0,27,0.0,258,7.08,Tea,11,2142.08
2027-03-07,Sunday,3,Spring,1,0,0,0,0,28,1.7,183,10.01,Espresso,11,1738.47
2027-03-08,Monday,3,Spring,0,0,0,1,0,18,9.4,149,8.51,Americano,10,1259.88
2027-03-09,Tuesday,3,Spring,0,0,1,1,0,30,3.8,145,9.69,Tea,10,1647.26
2027-03-10,Wednesday,3,Spring,0,0,1,0,0,19,10.7,106,10.35,Espresso,10,921.28
2027-03-11,Thursday,3,Spring,0,0,0,1,1,24,5.2,222,10.01,Latte,10,2407.26
2027-03-12,Friday,3,Spring,0,0,1,0,0,30,0.7,104,6.82,Latte,10,731.48
2027-03-13,Saturday,3,Spring,1,0,1,0,1,26,2.2,248,9.04,Americano,11,2352.71
2027-03-14,Sunday,3,Spring,1,0,1,0,0,20,4.7,161,9.0,Cappuccino,11,1416.31
2027-03-15,Monday,3,Spring,0,0,1,0,0,25,7.7,114,4.99,Mocha,10,579.91
2027-03-16,Tuesday,3,Spring,0,0,1,1,0,18,3.5,176,7.76,Sandwich,10,1404.53
2027-03-17,Wednesday,3,Spring,0,0,0,0,0,30,9.6,129,5.46,Espresso,10,745.24
2027-03-18,Thursday,3,Spring,0,1,0,0,0,22,2.4,110,10.38,Latte,10,1021.41
2027-03-19,Friday,3,Spring,0,0,1,0,0,18,9.2,90,6.4,Americano,10,708.65
2027-03-20,Saturday,3,Spring,1,0,0,0,0,25,3.1,218,6.19,Americano,11,1398.36
2027-03-21,Sunday,3,Spring,1,0,1,0,1,27,1.9,235,5.99,Mocha,11,1523.33
2027-03-22,Monday,3,Spring,0,0,1,0,1,25,5.0,178,5.58,Americano,10,933.3
2027-03-23,Tuesday,3,Spring,0,0,1,1,0,21,1.4,159,7.06,Espresso,10,1222.75
2027-03-24,Wednesday,3,Spring,0,0,1,0,0,18,8.1,87,7.34,Mocha,10,473.59
2027-03-25,Thursday,3,Spring,0,0,1,0,0,23,0.0,115,9.8,Americano,10,1238.63
2027-03-26,Friday,3,Spring,0,0,0,0,0,24,2.8,133,6.65,Americano,10,811.14
2027-03-27,Saturday,3,Spring,1,0,1,0,0,22,0.0,202,5.84,Pastry,11,1067.11
2027-03-28,Sunday,3,Spring,1,0,0,0,0,23,4.6,179,6.23,Mocha,11,1176.76
2027-03-29,Monday,3,Spring,0,0,1,0,0,27,3.1,139,7.9,Pastry,10,1064.68
2027-03-30,Tuesday,3,Spring,0,0,1,0,0,29,4.0,139,4.58,Mocha,10,668.06
2027-03-31,Wednesday,3,Spring,0,0,1,0,1,21,0.0,189,10.39,Cappuccino,10,1912.06
2027-04-01,Thursday,4,Spring,0,0,1,0,0,30,3.6,114,6.67,Sandwich,10,819.64
2027-04-02,Friday,4,Spring,0,1,0,0,0,25,0.4,145,4.83,Espresso,10,635.36
2027-04-03,Saturday,4,Spring,1,0,0,0,0,24,4.7,220,4.87,Americano,11,958.18
2027-04-04,Sunday,4,Spring,1,1,1,0,0,20,3.9,170,9.09,Americano,11,1438.24
2027-04-05,Monday,4,Spring,0,0,1,1,0,29,3.7,173,10.28,Sandwich,10,1946.97
2027-04-06,Tuesday,4,Spring,0,0,0,0,0,19,2.2,159,9.93,Espresso,10,1460.39
2027-04-07,Wednesday,4,Spring,0,0,1,0,0,27,5.5,134,6.62,Latte,10,975.64
2027-04-08,Thursday,4,Spring,0,0,1,1,0,19,1.5,190,10.45,Tea,10,2308.51
2027-04-09,Friday,4,Spring,0,0,1,0,0,19,8.1,93,5.6,Tea,10,449.83
2027-04-10,Saturday,4,Spring,1,0,1,0,0,18,0.6,200,7.48,Americano,11,1470.86
2027-04-11,Sunday,4,Spring,1,0,0,0,0,27,3.9,196,10.5,Pastry,11,1990.6
2027-04-12,Monday,4,Spring,0,1,1,1,0,26,2.2,164,10.14,Mocha,10,1840.17
2027-04-13,Tuesday,4,Spring,0,1,1,0,1,19,6.4,136,7.46,Sandwich,10,1202.5
2027-04-14,Wednesday,4,Spring,0,0,1,0,0,18,0.0,121,6.08,Americano,10,621.81
2027-04-15,Thursday,4,Spring,0,0,1,0,0,26,0.0,147,5.26,Cappuccino,10,819.91
2027-04-16,Friday,4,Spring,0,0,0,0,0,18,4.0,127,7.36,Espresso,10,944.04
2027-04-17,Saturday,4,Spring,1,0,1,0,0,29,5.2,174,8.69,Tea,11,1513.79
2027-04-18,Sunday,4,Spring,1,0,1,1,0,23,2.5,239,4.96,Americano,11,1300.78
2027-04-19,Monday,4,Spring,0,0,1,0,0,22,0.0,104,5.81,Espresso,10,575.77
2027-04-20,Tuesday,4,Spring,0,0,1,1,0,18,4.3,154,7.02,Cappuccino,10,1197.43
2027-04-21,Wednesday,4,Spring,0,0,0,0,0,21,3.5,119,10.15,Mocha,10,1090.21
2027-04-22,Thursday,4,Spring,0,0,1,0,1,25,2.6,154,6.15,Cappuccino,10,1099.29
2027-04-23,Friday,4,Spring,0,0,1,0,0,30,6.2,90,5.44,Mocha,10,466.38
2027-04-24,Saturday,4,Spring,1,0,0,0,0,28,2.1,198,8.17,Mocha,11,1686.01
2027-04-25,Sunday,4,Spring,1,0,1,0,0,20,2.3,199,6.29,Sandwich,11,1333.86
2027-04-26,Monday,4,Spring,0,0,1,1,0,23,4.4,175,6.15,Espresso,10,1261.49
2027-04-27,Tuesday,4,Spring,0,0,0,0,0,24,6.6,131,7.63,Americano,10,1074.75
2027-04-28,Wednesday,4,Spring,0,0,0,1,0,21,4.8,182,7.25,Espresso,10,1348.07
2027-04-29,Thursday,4,Spring,0,0,1,1,0,23,5.2,181,7.07,Espresso,10,1463.9
2027-04-30,Friday,4,Spring,0,0,1,0,0,19,3.4,136,7.3,Pastry,10,1096.94
2027-05-01,Saturday,5,Spring,1,0,0,1,1,26,3.0,306,10.36,Cappuccino,11,3734.51
2027-05-02,Sunday,5,Spring,1,0,0,0,0,20,1.4,207,7.67,Latte,11,1652.29
2027-05-03,Monday,5,Spring,0,0,0,0,0,26,2.7,118,10.0,Espresso,10,1273.33
2027-05-04,Tuesday,5,Spring,0,0,0,1,0,18,6.8,168,8.99,Cappuccino,10,1759.73
2027-05-05,Wednesday,5,Spring,0,0,0,1,0,28,2.9,198,4.73,Sandwich,10,1168.26
2027-05-06,Thursday,5,Spring,0,0,0,1,0,25,4.5,194,5.47,Espresso,10,1118.92
2027-05-07,Friday,5,Spring,0,0,0,0,0,27,4.1,157,6.86,Espresso,10,1219.71
2027-05-08,Saturday,5,Spring,1,0,0,0,1,29,4.8,251,7.71,Cappuccino,11,2038.14
2027-05-09,Sunday,5,Spring,1,0,0,0,0,22,4.1,190,6.42,Latte,11,1365.81
2027-05-10,Monday,5,Spring,0,0,0,1,0,18,0.9,197,8.65,Espresso,10,1763.15
2027-05-11,Tuesday,5,Spring,0,0,0,0,0,18,7.1,150,5.03,Espresso,10,891.85
2027-05-12,Wednesday,5,Spring,0,0,0,0,0,23,0.0,153,8.53,Pastry,10,1173.95
2027-05-13,Thursday,5,Spring,0,0,0,0,0,26,6.4,118,6.89,Tea,10,830.49
2027-05-14,Friday,5,Spring,0,0,0,1,0,26,0.0,163,7.09,Espresso,10,1391.5
2027-05-15,Saturday,5,Spring,1,0,0,0,0,23,1.2,185,4.63,Mocha,11,806.25
2027-05-16,Sunday,5,Spring,1,0,0,0,0,28,5.7,183,9.13,Cappuccino,11,1798.86
2027-05-17,Monday,5,Spring,0,0,0,1,0,29,2.4,185,8.56,Cappuccino,10,1751.55
2027-05-18,Tuesday,5,Spring,0,0,0,0,0,26,2.6,138,7.37,Americano,10,925.82
2027-05-19,Wednesday,5,Spring,0,0,0,0,0,30,0.0,150,5.61,Espresso,10,720.14
2027-05-20,Thursday,5,Spring,0,0,0,1,1,23,0.0,237,6.23,Cappuccino,10,1582.83
2027-05-21,Friday,5,Spring,0,0,0,1,0,22,3.4,176,6.88,Cappuccino,10,1459.03
2027-05-22,Saturday,5,Spring,1,0,0,0,0,30,1.8,211,5.59,Pastry,11,1089.12
2027-05-23,Sunday,5,Spring,1,0,0,0,0,21,3.6,218,9.28,Espresso,11,1945.87
2027-05-24,Monday,5,Spring,0,0,0,0,0,26,0.0,119,6.46,Espresso,10,670.64
2027-05-25,Tuesday,5,Spring,0,0,0,0,0,30,4.1,134,4.94,Mocha,10,640.51
2027-05-26,Wednesday,5,Spring,0,0,0,0,0,23,0.7,130,8.83,Americano,10,1082.54
2027-05-27,Thursday,5,Spring,0,0,0,1,0,28,7.7,162,8.25,Sandwich,10,1380.78
2027-05-28,Friday,5,Spring,0,0,0,0,1,18,2.7,185,10.32,Mocha,10,1977.4
2027-05-29,Saturday,5,Spring,1,0,0,0,0,29,4.6,183,5.99,Pastry,11,1103.35
2027-05-30,Sunday,5,Spring,1,0,0,0,0,30,2.8,213,8.38,Americano,11,1809.43
2027-05-31,Monday,5,Spring,0,0,0,1,1,20,6.9,222,9.19,Sandwich,10,2442.52
2027-06-01,Tuesday,6,Summer,0,0,0,0,0,42,0.0,159,5.21,Espresso,10,892.8
2027-06-02,Wednesday,6,Summer,0,0,0,1,0,31,3.6,155,7.65,Tea,10,1174.44
2027-06-03,Thursday,6,Summer,0,0,0,0,1,36,0.0,191,7.44,Sandwich,10,1421.74
2027-06-04,Friday,6,Summer,0,0,0,0,0,29,3.3,136,10.32,Cappuccino,10,1338.97
2027-06-05,Saturday,6,Summer,1,0,0,1,0,40,0.0,242,9.41,Mocha,11,2630.31
2027-06-06,Sunday,6,Summer,1,0,0,0,0,37,0.0,226,6.3,Americano,11,1317.92
2027-06-07,Monday,6,Summer,0,0,0,1,0,41,0.0,174,5.22,Espresso,10,958.04
2027-06-08,Tuesday,6,Summer,0,0,0,0,0,37,0.0,148,8.86,Americano,10,1371.17
2027-06-09,Wednesday,6,Summer,0,0,0,1,0,31,3.7,168,5.28,Cappuccino,10,1083.96
2027-06-10,Thursday,6,Summer,0,0,0,0,1,37,0.9,187,9.09,Cappuccino,10,1904.44
2027-06-11,Friday,6,Summer,0,0,0,1,1,36,4.3,214,7.15,Cappuccino,10,1700.49
2027-06-12,Saturday,6,Summer,1,0,0,0,0,40,5.0,185,10.11,Pastry,11,1787.18
2027-06-13,Sunday,6,Summer,1,0,0,1,0,32,0.0,246,7.1,Mocha,11,1841.13
2027-06-14,Monday,6,Summer,0,0,0,1,0,42,0.0,180,7.03,Pastry,10,1482.59
2027-06-15,Tuesday,6,Summer,0,0,0,0,0,31,0.0,157,10.4,Tea,10,1739.49
2027-06-16,Wednesday,6,Summer,0,0,0,0,0,42,6.8,112,7.22,Latte,10,715.89
2027-06-17,Thursday,6,Summer,0,0,0,1,0,29,0.0,207,8.98,Espresso,10,2120.19
2027-06-18,Friday,6,Summer,0,0,0,0,0,42,0.2,153,5.66,Sandwich,10,770.85
2027-06-19,Saturday,6,Summer,1,0,0,0,0,38,0.0,208,7.02,Cappuccino,11,1524.22
2027-06-20,Sunday,6,Summer,1,0,0,0,0,32,1.9,229,10.45,Mocha,11,2415.47
2027-06-21,Monday,6,Summer,0,0,0,0,0,30,5.8,132,8.56,Sandwich,10,1034.46
2027-06-22,Tuesday,6,Summer,0,0,0,1,1,32,1.3,240,9.08,Tea,10,2652.42
2027-06-23,Wednesday,6,Summer,0,0,0,0,1,29,2.3,202,8.99,Pastry,10,1879.59
2027-06-24,Thursday,6,Summer,0,0,0,1,0,37,0.8,172,4.65,Espresso,10,1010.38
2027-06-25,Friday,6,Summer,0,0,0,1,0,33,1.5,183,4.76,Tea,10,1015.45
2027-06-26,Saturday,6,Summer,1,0,0,0,0,42,0.0,188,8.19,Espresso,11,1448.02
2027-06-27,Sunday,6,Summer,1,0,0,0,0,37,2.1,224,7.31,Americano,11,1682.13
2027-06-28,Monday,6,Summer,0,0,0,1,0,37,0.0,198,6.03,Espresso,10,1356.99
2027-06-29,Tuesday,6,Summer,0,0,0,0,0,35,0.0,118,7.77,Mocha,10,917.01
2027-06-30,Wednesday,6,Summer,0,0,0,0,0,29,4.1,157,8.63,Pastry,10,1370.29
2027-07-01,Thursday,7,Summer,0,0,0,1,0,37,4.1,185,10.08,Sandwich,10,1907.97
2027-07-02,Friday,7,Summer,0,0,0,0,0,31,1.7,115,5.61,Tea,10,625.99
2027-07-03,Saturday,7,Summer,1,0,0,0,0,38,6.1,191,4.6,Espresso,11,899.81
2027-07-04,Sunday,7,Summer,1,0,0,1,0,28,0.0,234,9.53,Tea,11,2434.22
2027-07-05,Monday,7,Summer,0,0,0,0,0,39,0.2,138,4.73,Mocha,10,531.03
2027-07-06,Tuesday,7,Summer,0,0,0,0,0,32,0.0,145,9.68,Latte,10,1497.54
2027-07-07,Wednesday,7,Summer,0,0,0,0,0,31,3.8,136,5.75,Americano,10,908.99
2027-07-08,Thursday,7,Summer,0,0,0,1,0,31,2.3,164,8.7,Espresso,10,1575.76
2027-07-09,Friday,7,Summer,0,0,0,0,0,39,4.8,131,6.07,Latte,10,661.39
2027-07-10,Saturday,7,Summer,1,0,0,0,0,28,2.1,202,5.14,Americano,11,919.01
2027-07-11,Sunday,7,Summer,1,0,0,1,1,37,0.0,305,8.74,Americano,11,2968.34
2027-07-12,Monday,7,Summer,0,0,0,1,0,38,4.2,152,9.55,Sandwich,10,1665.01
2027-07-13,Tuesday,7,Summer,0,0,0,0,0,39,2.7,152,6.64,Pastry,10,891.97
2027-07-14,Wednesday,7,Summer,0,0,0,0,0,38,0.3,155,8.06,Cappuccino,10,1380.44
2027-07-15,Thursday,7,Summer,0,0,0,0,0,39,2.1,148,6.48,Latte,10,1021.06
2027-07-16,Friday,7,Summer,0,0,0,1,0,40,0.0,165,8.76,Latte,10,1532.93
2027-07-17,Saturday,7,Summer,1,0,0,0,0,38,1.1,195,7.71,Americano,11,1590.93
2027-07-18,Sunday,7,Summer,1,0,0,1,0,37,1.8,238,10.43,Mocha,11,2818.52
2027-07-19,Monday,7,Summer,0,0,0,1,0,31,0.0,168,8.2,Espresso,10,1451.55
2027-07-20,Tuesday,7,Summer,0,0,0,0,1,29,6.5,186,5.98,Pastry,10,1158.44
2027-07-21,Wednesday,7,Summer,0,0,0,0,0,40,3.8,115,9.67,Sandwich,10,1110.6
2027-07-22,Thursday,7,Summer,0,0,0,1,0,37,0.0,184,5.45,Americano,10,1026.79
2027-07-23,Friday,7,Summer,0,0,0,0,0,41,1.5,131,7.54,Americano,10,1042.93
2027-07-24,Saturday,7,Summer,1,0,0,0,1,31,0.0,259,10.03,Cappuccino,11,2655.46
2027-07-25,Sunday,7,Summer,1,0,0,0,0,30,2.5,210,5.32,Cappuccino,11,1030.47
2027-07-26,Monday,7,Summer,0,0,0,0,0,32,0.0,153,6.64,Americano,10,1016.89
2027-07-27,Tuesday,7,Summer,0,0,0,0,0,39,0.6,156,5.98,Latte,10,843.83
2027-07-28,Wednesday,7,Summer,0,1,0,0,0,40,1.4,133,7.69,Pastry,10,1101.48
2027-07-29,Thursday,7,Summer,0,0,0,0,0,29,1.2,118,6.73,Sandwich,10,829.33
2027-07-30,Friday,7,Summer,0,0,0,1,0,41,1.0,186,9.47,Sandwich,10,2005.19
2027-07-31,Saturday,7,Summer,1,0,0,0,0,38,4.9,217,4.88,Cappuccino,11,1066.34
2027-08-01,Sunday,8,Summer,1,0,0,0,0,42,0.0,195,6.25,Latte,11,1084.95
2027-08-02,Monday,8,Summer,0,0,0,0,0,35,1.7,156,9.05,Tea,10,1428.66
2027-08-03,Tuesday,8,Summer,0,0,0,0,1,30,3.6,178,5.19,Mocha,10,858.37
2027-08-04,Wednesday,8,Summer,0,0,0,1,0,39,0.0,201,10.2,Cappuccino,10,2211.73
2027-08-05,Thursday,8,Summer,0,0,0,0,1,30,0.0,181,5.95,Espresso,10,1102.15
2027-08-06,Friday,8,Summer,0,0,0,0,0,32,1.3,137,8.12,Sandwich,10,1024.54
2027-08-07,Saturday,8,Summer,1,0,0,0,0,38,0.0,200,9.33,Sandwich,11,1732.96
2027-08-08,Sunday,8,Summer,1,0,0,1,0,34,4.8,230,6.21,Espresso,11,1715.87
2027-08-09,Monday,8,Summer,0,0,0,0,0,36,0.0,121,7.73,Latte,10,994.96
2027-08-10,Tuesday,8,Summer,0,0,0,0,0,36,0.0,141,4.5,Cappuccino,10,657.87
2027-08-11,Wednesday,8,Summer,0,0,0,0,0,32,3.9,149,6.28,Tea,10,821.44
2027-08-12,Thursday,8,Summer,0,0,0,0,0,35,0.0,117,10.25,Latte,10,1092.6
2027-08-13,Friday,8,Summer,0,0,0,1,0,37,3.6,198,6.61,Latte,10,1536.75
2027-08-14,Saturday,8,Summer,1,0,0,0,0,37,0.0,207,9.07,Sandwich,11,1792.58
2027-08-15,Sunday,8,Summer,1,0,0,1,0,40,4.2,246,5.58,Americano,11,1460.86
2027-08-16,Monday,8,Summer,0,0,0,0,0,41,0.4,119,4.62,Mocha,10,641.35
2027-08-17,Tuesday,8,Summer,0,0,0,0,0,36,0.0,143,6.57,Espresso,10,1000.0
2027-08-18,Wednesday,8,Summer,0,0,0,0,0,36,0.0,121,9.97,Mocha,10,1242.34
2027-08-19,Thursday,8,Summer,0,0,0,1,0,42,0.0,174,7.89,Espresso,10,1456.57
2027-08-20,Friday,8,Summer,0,1,0,0,0,29,0.0,116,8.34,Latte,10,1072.57
2027-08-21,Saturday,8,Summer,1,0,0,0,0,38,0.0,223,10.45,Americano,11,2338.9
2027-08-22,Sunday,8,Summer,1,0,0,1,0,42,2.8,232,5.17,Tea,11,1258.04
2027-08-23,Monday,8,Summer,0,0,0,0,0,36,0.0,161,9.63,Tea,10,1548.22
2027-08-24,Tuesday,8,Summer,0,0,0,0,1,35,3.6,182,10.19,Cappuccino,10,1861.99
2027-08-25,Wednesday,8,Summer,0,0,0,1,1,35,0.0,262,7.18,Mocha,10,2135.83
2027-08-26,Thursday,8,Summer,0,0,0,0,0,38,0.0,139,6.13,Espresso,10,743.27
2027-08-27,Friday,8,Summer,0,0,0,0,1,33,6.5,157,4.93,Mocha,10,853.16
2027-08-28,Saturday,8,Summer,1,0,0,1,0,32,0.0,266,6.03,Tea,11,1825.67
2027-08-29,Sunday,8,Summer,1,0,0,0,0,31,3.7,191,9.93,Tea,11,1958.63
2027-08-30,Monday,8,Summer,0,0,0,0,0,35,0.0,138,6.47,Cappuccino,10,763.71
2027-08-31,Tuesday,8,Summer,0,0,0,1,0,31,0.0,199,6.28,Mocha,10,1353.27
2027-09-01,Wednesday,9,Autumn,0,1,0,0,0,27,5.1,109,9.39,Espresso,10,874.15
2027-09-02,Thursday,9,Autumn,0,0,0,0,0,20,0.0,145,10.36,Espresso,10,1443.17
2027-09-03,Friday,9,Autumn,0,0,0,0,0,26,2.3,134,7.08,Mocha,10,981.9
2027-09-04,Saturday,9,Autumn,1,0,0,0,0,19,4.8,190,10.12,Mocha,11,1995.76
2027-09-05,Sunday,9,Autumn,1,0,0,0,1,28,0.0,284,7.25,Cappuccino,11,2181.73
2027-09-06,Monday,9,Autumn,0,0,0,1,0,22,2.9,172,4.98,Mocha,10,1018.07
2027-09-07,Tuesday,9,Autumn,0,0,0,1,1,28,3.6,243,10.4,Espresso,10,2891.09
2027-09-08,Wednesday,9,Autumn,0,0,0,0,0,18,3.5,109,6.46,Cappuccino,10,565.41
2027-09-09,Thursday,9,Autumn,0,0,0,0,1,23,1.6,213,8.33,Mocha,10,1827.2
2027-09-10,Friday,9,Autumn,0,0,0,0,0,24,3.9,136,9.08,Tea,10,1104.87
2027-09-11,Saturday,9,Autumn,1,0,0,1,1,22,3.9,310,6.13,Sandwich,11,2291.33
2027-09-12,Sunday,9,Autumn,1,0,0,0,0,27,2.3,213,10.41,Sandwich,11,2279.79
2027-09-13,Monday,9,Autumn,0,0,0,0,0,24,2.3,123,10.49,Latte,10,1376.85
2027-09-14,Tuesday,9,Autumn,0,0,0,0,0,27,0.8,129,7.71,Mocha,10,931.73
2027-09-15,Wednesday,9,Autumn,0,0,0,1,0,21,2.8,183,9.89,Tea,10,2032.99
2027-09-16,Thursday,9,Autumn,0,0,0,0,0,19,4.4,123,7.24,Sandwich,10,886.53
2027-09-17,Friday,9,Autumn,0,0,0,1,1,25,4.9,215,5.14,Tea,10,1174.22
2027-09-18,Saturday,9,Autumn,1,0,0,1,0,29,6.6,259,4.91,Tea,11,1271.05
2027-09-19,Sunday,9,Autumn,1,0,0,1,0,29,2.9,241,6.66,Espresso,11,1642.53
2027-09-20,Monday,9,Autumn,0,0,0,1,0,18,0.0,190,5.95,Americano,10,1359.29
2027-09-21,Tuesday,9,Autumn,0,1,0,0,0,24,5.1,96,6.94,Pastry,10,772.74
2027-09-22,Wednesday,9,Autumn,0,0,0,0,0,27,3.5,113,4.57,Sandwich,10,648.67
2027-09-23,Thursday,9,Autumn,0,0,0,0,0,18,0.4,134,6.78,Tea,10,854.65
2027-09-24,Friday,9,Autumn,0,0,0,1,0,24,3.7,203,5.75,Latte,10,1360.0
2027-09-25,Saturday,9,Autumn,1,0,0,1,0,22,5.9,262,7.96,Mocha,11,2231.96
2027-09-26,Sunday,9,Autumn,1,0,0,1,0,25,0.6,242,5.52,Latte,11,1455.34
2027-09-27,Monday,9,Autumn,0,0,0,0,0,25,10.5,97,7.08,Americano,10,809.06
2027-09-28,Tuesday,9,Autumn,0,0,0,1,1,24,0.0,261,6.22,Espresso,10,1782.42
2027-09-29,Wednesday,9,Autumn,0,0,0,1,0,22,0.0,175,7.83,Espresso,10,1431.39
2027-09-30,Thursday,9,Autumn,0,0,0,1,0,25,4.5,162,7.17,Tea,10,1247.25
2027-10-01,Friday,10,Autumn,0,0,0,0,0,27,2.7,113,8.9,Americano,10,925.89
2027-10-02,Saturday,10,Autumn,1,0,0,0,0,18,0.8,215,9.04,Mocha,11,1890.76
2027-10-03,Sunday,10,Autumn,1,0,0,0,0,22,0.2,205,6.77,Espresso,11,1473.84
2027-10-04,Monday,10,Autumn,0,0,0,0,0,30,0.0,136,6.7,Tea,10,977.86
2027-10-05,Tuesday,10,Autumn,0,0,0,0,0,19,1.3,118,8.5,Mocha,10,996.61
2027-10-06,Wednesday,10,Autumn,0,0,0,0,0,26,6.7,116,8.17,Cappuccino,10,975.04
2027-10-07,Thursday,10,Autumn,0,0,0,0,0,27,3.7,130,7.98,Americano,10,1125.77
2027-10-08,Friday,10,Autumn,0,0,0,0,0,25,7.3,138,5.59,Sandwich,10,821.98
2027-10-09,Saturday,10,Autumn,1,1,0,0,0,30,4.0,200,10.23,Cappuccino,11,2183.53
2027-10-10,Sunday,10,Autumn,1,0,0,1,0,24,0.7,256,4.84,Sandwich,11,1340.15
2027-10-11,Monday,10,Autumn,0,0,0,0,0,30,0.0,150,10.35,Mocha,10,1406.5
2027-10-12,Tuesday,10,Autumn,0,0,0,0,0,25,4.2,132,4.61,Mocha,10,641.66
2027-10-13,Wednesday,10,Autumn,0,0,0,0,0,30,0.2,126,9.83,Americano,10,1220.27
2027-10-14,Thursday,10,Autumn,0,1,0,0,0,20,6.8,95,9.78,Sandwich,10,918.84
2027-10-15,Friday,10,Autumn,0,0,0,0,0,18,4.7,155,9.76,Espresso,10,1486.31
2027-10-16,Saturday,10,Autumn,1,0,0,0,0,19,0.7,200,9.89,Mocha,11,2077.16
2027-10-17,Sunday,10,Autumn,1,0,0,0,0,18,0.0,202,8.24,Tea,11,1730.15
2027-10-18,Monday,10,Autumn,0,0,0,0,0,30,2.1,113,8.24,Americano,10,1021.25
2027-10-19,Tuesday,10,Autumn,0,0,0,1,1,25,3.0,230,8.53,Pastry,10,2381.94
2027-10-20,Wednesday,10,Autumn,0,0,0,0,0,23,3.4,146,9.55,Sandwich,10,1538.81
2027-10-21,Thursday,10,Autumn,0,0,0,0,1,22,2.8,171,5.14,Espresso,10,1061.74
2027-10-22,Friday,10,Autumn,0,0,0,1,0,19,0.7,196,8.59,Mocha,10,1969.12
2027-10-23,Saturday,10,Autumn,1,0,0,0,0,29,3.4,183,9.26,Sandwich,11,1732.07
2027-10-24,Sunday,10,Autumn,1,0,0,0,0,18,3.7,193,5.8,Cappuccino,11,1177.35
2027-10-25,Monday,10,Autumn,0,0,0,1,0,28,0.6,178,8.75,Latte,10,1673.22
2027-10-26,Tuesday,10,Autumn,0,0,0,1,1,28,3.8,214,6.52,Cappuccino,10,1698.18
2027-10-27,Wednesday,10,Autumn,0,0,0,0,0,24,0.7,162,5.38,Pastry,10,816.05
2027-10-28,Thursday,10,Autumn,0,0,0,0,0,22,4.5,150,4.68,Latte,10,653.24
2027-10-29,Friday,10,Autumn,0,0,0,0,0,30,8.0,132,4.51,Pastry,10,710.91
2027-10-30,Saturday,10,Autumn,1,0,0,0,1,26,0.2,247,10.03,Mocha,11,2564.39
2027-10-31,Sunday,10,Autumn,1,0,0,0,0,29,5.5,201,8.38,Espresso,11,1545.75
2027-11-01,Monday,11,Autumn,0,0,0,1,1,20,6.7,242,6.74,Pastry,10,1822.24
2027-11-02,Tuesday,11,Autumn,0,0,0,0,0,29,0.0,147,6.79,Espresso,10,946.15
2027-11-03,Wednesday,11,Autumn,0,0,0,1,1,19,0.0,250,8.78,Sandwich,10,2532.89
2027-11-04,Thursday,11,Autumn,0,0,0,1,0,21,7.7,157,5.56,Tea,10,850.08
2027-11-05,Friday,11,Autumn,0,0,0,0,0,24,4.4,152,4.96,Mocha,10,848.22
2027-11-06,Saturday,11,Autumn,1,0,0,0,0,27,5.1,212,4.75,Tea,11,1029.75
2027-11-07,Sunday,11,Autumn,1,0,0,1,1,23,4.1,297,5.8,Sandwich,11,1859.2
2027-11-08,Monday,11,Autumn,0,0,0,0,0,29,2.1,113,5.16,Espresso,10,721.87
2027-11-09,Tuesday,11,Autumn,0,0,0,0,0,23,2.6,114,6.49,Espresso,10,844.5
2027-11-10,Wednesday,11,Autumn,0,0,0,0,0,21,0.0,163,9.9,Latte,10,1593.37
2027-11-11,Thursday,11,Autumn,0,0,0,0,1,19,4.3,203,7.55,Tea,10,1486.96
2027-11-12,Friday,11,Autumn,0,0,0,1,0,22,4.0,171,9.22,Sandwich,10,1692.26
2027-11-13,Saturday,11,Autumn,1,0,0,1,1,28,3.3,300,5.81,Mocha,11,1860.38
2027-11-14,Sunday,11,Autumn,1,0,0,0,1,24,0.5,266,5.2,Sandwich,11,1424.58
2027-11-15,Monday,11,Autumn,0,0,0,0,0,25,2.6,126,9.26,Americano,10,1300.78
2027-11-16,Tuesday,11,Autumn,0,0,0,1,0,30,0.0,165,4.85,Sandwich,10,872.65
2027-11-17,Wednesday,11,Autumn,0,0,0,0,0,19,3.8,157,7.8,Tea,10,1333.0
2027-11-18,Thursday,11,Autumn,0,0,0,1,0,25,0.5,183,8.05,Tea,10,1648.89
2027-11-19,Friday,11,Autumn,0,0,0,1,0,27,8.2,179,6.65,Espresso,10,1244.38
2027-11-20,Saturday,11,Autumn,1,0,0,0,0,18,0.0,201,9.89,Espresso,11,1937.4
2027-11-21,Sunday,11,Autumn,1,1,0,1,0,28,4.2,261,9.27,Cappuccino,11,2570.0
2027-11-22,Monday,11,Autumn,0,0,0,0,0,24,5.2,115,6.21,Cappuccino,10,839.1
2027-11-23,Tuesday,11,Autumn,0,0,0,0,0,22,2.2,159,8.78,Espresso,10,1506.15
2027-11-24,Wednesday,11,Autumn,0,0,0,1,0,27,3.4,155,5.15,Cappuccino,10,871.07
2027-11-25,Thursday,11,Autumn,0,0,0,0,0,30,0.0,150,8.33,Pastry,10,1138.08
2027-11-26,Friday,11,Autumn,0,0,0,0,0,23,7.7,132,5.96,Sandwich,10,810.29
2027-11-27,Saturday,11,Autumn,1,0,0,0,0,29,0.2,185,9.32,Mocha,11,1736.88
2027-11-28,Sunday,11,Autumn,1,0,0,1,0,30,2.4,229,4.76,Pastry,11,1106.76
2027-11-29,Monday,11,Autumn,0,0,0,1,0,30,3.0,154,6.91,Pastry,10,1144.17
2027-11-30,Tuesday,11,Autumn,0,0,0,0,1,19,7.1,167,10.33,Americano,10,1896.82
2027-12-01,Wednesday,12,Winter,0,0,0,1,0,15,5.6,157,8.66,Americano,10,1463.96
2027-12-02,Thursday,12,Winter,0,0,0,1,0,7,2.3,201,10.48,Tea,10,2403.25
2027-12-03,Friday,12,Winter,0,0,0,0,0,16,6.6,104,7.84,Tea,10,830.16
2027-12-04,Saturday,12,Winter,1,0,0,1,1,13,2.9,291,8.93,Americano,11,2915.69
2027-12-05,Sunday,12,Winter,1,0,0,0,0,13,3.4,216,9.86,Cappuccino,11,2077.05
2027-12-06,Monday,12,Winter,0,0,0,0,0,10,0.0,162,8.78,Espresso,10,1431.67
2027-12-07,Tuesday,12,Winter,0,0,0,1,0,8,0.0,182,10.1,Mocha,10,1901.89
2027-12-08,Wednesday,12,Winter,0,0,0,0,0,14,3.0,124,9.14,Tea,10,1093.0
2027-12-09,Thursday,12,Winter,0,0,0,0,0,10,2.7,116,8.43,Mocha,10,1003.22
2027-12-10,Friday,12,Winter,0,0,0,0,0,13,3.6,143,5.95,Mocha,10,901.88
2027-12-11,Saturday,12,Winter,1,0,0,0,0,5,1.5,183,6.67,Mocha,11,1256.74
2027-12-12,Sunday,12,Winter,1,0,0,0,0,10,4.4,179,6.25,Latte,11,1199.63
2027-12-13,Monday,12,Winter,0,0,0,0,0,13,4.1,154,6.14,Espresso,10,968.63
2027-12-14,Tuesday,12,Winter,0,0,0,0,0,6,4.3,108,8.69,Mocha,10,981.83
2027-12-15,Wednesday,12,Winter,0,1,0,0,0,11,0.0,142,8.72,Espresso,10,1099.96
2027-12-16,Thursday,12,Winter,0,0,0,0,0,5,3.1,121,10.39,Americano,10,1334.79
2027-12-17,Friday,12,Winter,0,0,0,0,0,7,5.5,126,7.66,Americano,10,973.57
2027-12-18,Saturday,12,Winter,1,0,0,0,0,18,0.2,192,5.39,Tea,11,1154.57
2027-12-19,Sunday,12,Winter,1,0,0,1,1,18,3.7,326,8.6,Latte,11,3095.59
2027-12-20,Monday,12,Winter,0,0,0,0,1,12,8.1,167,4.67,Tea,10,701.0
2027-12-21,Tuesday,12,Winter,0,0,0,0,0,6,2.2,142,10.24,Mocha,10,1379.97
2027-12-22,Wednesday,12,Winter,0,0,0,0,0,13,1.3,119,5.55,Sandwich,10,760.52
2027-12-23,Thursday,12,Winter,0,0,0,0,0,10,3.7,127,7.55,Espresso,10,996.41
2027-12-24,Friday,12,Winter,0,0,0,0,0,13,0.3,139,8.39,Pastry,10,1213.35
2027-12-25,Saturday,12,Winter,1,0,0,0,1,8,0.0,269,9.92,Sandwich,11,2938.74
2027-12-26,Sunday,12,Winter,1,1,0,1,0,11,8.0,248,5.07,Espresso,11,1524.03
2027-12-27,Monday,12,Winter,0,0,0,0,0,17,1.0,159,7.69,Mocha,10,1336.81
2027-12-28,Tuesday,12,Winter,0,0,0,0,0,13,0.3,153,8.37,Latte,10,1348.76
2027-12-29,Wednesday,12,Winter,0,0,0,0,1,6,2.8,189,6.78,Pastry,10,1392.03
2027-12-30,Thursday,12,Winter,0,0,0,0,0,7,2.3,120,9.42,Espresso,10,1006.32
2027-12-31,Friday,12,Winter,0,0,0,0,0,13,5.4,125,4.85,Pastry,10,504.5
2028-01-01,Saturday,1,Winter,1,0,0,0,0,16,6.3,197,8.03,Espresso,11,1669.19
2028-01-02,Sunday,1,Winter,1,0,0,1,0,6,13.3,204,4.52,Cappuccino,11,857.65
2028-01-03,Monday,1,Winter,0,0,0,0,0,13,3.4,112,4.57,Americano,10,622.06
2028-01-04,Tuesday,1,Winter,0,0,0,0,0,8,6.5,122,5.45,Tea,10,654.38
2028-01-05,Wednesday,1,Winter,0,0,0,1,0,12,4.2,159,7.03,Sandwich,10,1087.46
2028-01-06,Thursday,1,Winter,0,0,0,0,0,8,8.4,120,10.25,Pastry,10,1341.56
2028-01-07,Friday,1,Winter,0,0,0,0,0,8,3.9,145,7.93,Mocha,10,1264.92
2028-01-08,Saturday,1,Winter,1,0,0,0,0,18,5.0,199,4.59,Pastry,11,791.43
2028-01-09,Sunday,1,Winter,1,0,0,0,0,10,3.2,187,8.6,Cappuccino,11,1685.55
2028-01-10,Monday,1,Winter,0,0,0,0,0,16,3.0,144,8.82,Espresso,10,1168.6
2028-01-11,Tuesday,1,Winter,0,0,0,1,1,17,1.3,259,5.55,Sandwich,10,1561.14
2028-01-12,Wednesday,1,Winter,0,0,0,1,0,6,7.8,178,9.45,Cappuccino,10,1703.26
2028-01-13,Thursday,1,Winter,0,0,0,0,1,10,3.2,172,9.44,Cappuccino,10,1754.21
2028-01-14,Friday,1,Winter,0,0,0,0,0,7,3.5,155,6.95,Sandwich,10,1150.65
2028-01-15,Saturday,1,Winter,1,0,0,1,0,12,0.2,241,7.38,Espresso,11,1941.67
2028-01-16,Sunday,1,Winter,1,0,0,1,0,11,0.0,244,6.56,Mocha,11,1634.67
2028-01-17,Monday,1,Winter,0,0,0,1,0,14,5.1,179,9.2,Americano,10,1920.17
2028-01-18,Tuesday,1,Winter,0,0,0,0,0,10,2.3,161,7.0,Americano,10,1266.53
2028-01-19,Wednesday,1,Winter,0,0,0,1,0,14,0.0,185,10.05,Americano,10,1966.56
2028-01-20,Thursday,1,Winter,0,0,0,0,0,5,0.0,118,8.59,Sandwich,10,1069.41
2028-01-21,Friday,1,Winter,0,0,0,0,0,13,2.8,156,5.01,Sandwich,10,794.41
2028-01-22,Saturday,1,Winter,1,0,0,0,0,5,0.0,231,7.71,Cappuccino,11,1674.06
2028-01-23,Sunday,1,Winter,1,0,0,1,0,14,3.5,273,6.05,Pastry,11,1814.85
2028-01-24,Monday,1,Winter,0,0,0,0,0,16,7.0,122,5.01,Pastry,10,624.73
2028-01-25,Tuesday,1,Winter,0,0,0,1,0,16,3.4,161,7.84,Latte,10,1533.68
2028-01-26,Wednesday,1,Winter,0,0,0,0,1,16,6.4,159,9.7,Espresso,10,1764.98
2028-01-27,Thursday,1,Winter,0,0,0,0,0,6,0.0,124,5.77,Latte,10,669.87
2028-01-28,Friday,1,Winter,0,0,0,0,0,14,4.3,116,8.98,Latte,10,1116.76
2028-01-29,Saturday,1,Winter,1,0,0,0,0,18,4.0,178,7.36,Latte,11,1430.74
2028-01-30,Sunday,1,Winter,1,0,0,0,0,14,4.4,177,10.06,Americano,11,1748.16
2028-01-31,Monday,1,Winter,0,0,0,0,0,6,1.9,113,4.52,Espresso,10,369.59
2028-02-01,Tuesday,2,Winter,0,0,0,0,0,13,6.8,128,8.73,Espresso,10,1197.53
2028-02-02,Wednesday,2,Winter,0,0,0,1,0,15,1.5,166,6.09,Mocha,10,1242.37
2028-02-03,Thursday,2,Winter,0,1,0,1,0,9,8.5,150,7.32,Pastry,10,1202.51
2028-02-04,Friday,2,Winter,0,0,0,0,1,18,6.4,164,9.67,Mocha,10,1678.47
2028-02-05,Saturday,2,Winter,1,0,0,0,0,12,5.0,218,6.03,Mocha,11,1175.92
2028-02-06,Sunday,2,Winter,1,0,0,0,0,5,6.3,193,9.2,Mocha,11,1773.17
2028-02-07,Monday,2,Winter,0,0,0,1,1,6,0.8,235,6.84,Sandwich,10,1701.21
2028-02-08,Tuesday,2,Winter,0,0,0,0,0,17,0.0,115,8.53,Cappuccino,10,923.63
2028-02-09,Wednesday,2,Winter,0,0,0,0,0,6,0.0,117,6.97,Americano,10,910.52
2028-02-10,Thursday,2,Winter,0,0,0,1,0,13,4.5,162,5.49,Mocha,10,1043.1
2028-02-11,Friday,2,Winter,0,0,0,1,0,9,5.3,173,6.49,Cappuccino,10,1122.38
2028-02-12,Saturday,2,Winter,1,0,0,0,0,11,5.3,185,9.73,Tea,11,1930.88
2028-02-13,Sunday,2,Winter,1,0,0,1,0,8,1.5,268,9.55,Cappuccino,11,2713.44
2028-02-14,Monday,2,Winter,0,0,0,0,0,11,0.0,149,8.48,Espresso,10,1291.33
2028-02-15,Tuesday,2,Winter,0,0,0,0,0,15,5.1,146,9.55,Pastry,10,1386.75
2028-02-16,Wednesday,2,Winter,0,0,0,0,0,8,0.6,128,5.89,Latte,10,838.65
2028-02-17,Thursday,2,Winter,0,0,0,0,0,15,4.7,145,8.16,Mocha,10,1192.57
2028-02-18,Friday,2,Winter,0,0,0,0,0,11,3.6,130,4.93,Cappuccino,10,559.25
2028-02-19,Saturday,2,Winter,1,0,0,0,0,13,0.5,216,6.75,Tea,11,1337.09
2028-02-20,Sunday,2,Winter,1,0,0,0,0,5,3.4,201,5.09,Tea,11,1001.28
2028-02-21,Monday,2,Winter,0,0,0,0,0,11,0.0,128,9.27,Sandwich,10,1241.75
2028-02-22,Tuesday,2,Winter,0,0,0,0,1,10,3.5,197,7.5,Sandwich,10,1636.38
2028-02-23,Wednesday,2,Winter,0,0,0,1,0,14,5.2,185,7.14,Cappuccino,10,1469.41
2028-02-24,Thursday,2,Winter,0,0,0,1,0,10,5.0,181,9.12,Americano,10,1863.57
2028-02-25,Friday,2,Winter,0,0,0,0,0,8,0.6,145,7.79,Espresso,10,1236.08
2028-02-26,Saturday,2,Winter,1,0,0,0,0,14,2.5,223,6.03,Espresso,11,1305.57
2028-02-27,Sunday,2,Winter,1,0,0,1,0,11,0.0,274,9.57,Pastry,11,3033.75
2028-02-28,Monday,2,Winter,0,0,0,0,0,18,1.3,143,7.66,Cappuccino,10,1120.51
2028-02-29,Tuesday,2,Winter,0,0,0,0,0,7,0.6,156,5.96,Mocha,10,1055.86
2028-03-01,Wednesday,3,Spring,0,0,1,0,0,19,0.2,148,8.04,Mocha,10,1292.15
2028-03-02,Thursday,3,Spring,0,0,1,0,0,20,5.7,119,5.24,Cappuccino,10,561.6
2028-03-03,Friday,3,Spring,0,0,1,0,0,27,1.3,134,10.0,Latte,10,1288.66
2028-03-04,Saturday,3,Spring,1,0,1,0,0,20,7.1,171,6.8,Sandwich,11,1048.29
2028-03-05,Sunday,3,Spring,1,0,1,0,0,22,1.7,182,8.44,Cappuccino,11,1674.29
2028-03-06,Monday,3,Spring,0,0,0,1,0,26,2.8,169,5.87,Latte,10,1149.12
2028-03-07,Tuesday,3,Spring,0,0,1,0,0,24,2.7,139,4.63,Americano,10,582.56
2028-03-08,Wednesday,3,Spring,0,0,1,0,0,28,2.4,132,10.33,Latte,10,1297.71
2028-03-09,Thursday,3,Spring,0,0,0,1,0,29,2.5,192,6.97,Pastry,10,1577.52
2028-03-10,Friday,3,Spring,0,0,0,0,0,19,6.2,103,5.29,Latte,10,452.41
2028-03-11,Saturday,3,Spring,1,0,1,0,1,25,0.4,235,7.03,Mocha,11,1714.51
2028-03-12,Sunday,3,Spring,1,0,0,1,1,21,2.8,320,5.96,Pastry,11,2271.99
2028-03-13,Monday,3,Spring,0,0,1,0,1,26,0.0,182,8.91,Cappuccino,10,1658.83
2028-03-14,Tuesday,3,Spring,0,0,1,0,0,21,3.1,107,8.73,Cappuccino,10,982.79
2028-03-15,Wednesday,3,Spring,0,0,0,1,0,29,6.0,173,8.59,Mocha,10,1635.65
2028-03-16,Thursday,3,Spring,0,0,1,0,0,19,4.8,116,7.19,Sandwich,10,972.69
2028-03-17,Friday,3,Spring,0,0,1,1,0,23,9.6,150,6.83,Mocha,10,1142.73
2028-03-18,Saturday,3,Spring,1,0,1,0,0,24,5.4,204,9.7,Pastry,11,1918.02
2028-03-19,Sunday,3,Spring,1,0,1,1,0,26,5.1,246,5.17,Espresso,11,1354.9
2028-03-20,Monday,3,Spring,0,0,1,0,0,26,4.8,105,10.47,Tea,10,1231.48
2028-03-21,Tuesday,3,Spring,0,0,1,0,1,26,1.8,170,10.36,Cappuccino,10,1934.61
2028-03-22,Wednesday,3,Spring,0,1,1,0,0,28,1.9,122,5.27,Pastry,10,737.54
2028-03-23,Thursday,3,Spring,0,0,0,1,0,30,0.4,182,5.46,Tea,10,1219.62
2028-03-24,Friday,3,Spring,0,0,1,0,0,18,0.4,128,10.06,Americano,10,1152.89
2028-03-25,Saturday,3,Spring,1,0,0,0,0,23,3.7,224,8.24,Tea,11,1936.54
2028-03-26,Sunday,3,Spring,1,0,1,0,0,29,3.9,197,5.18,Sandwich,11,885.09
2028-03-27,Monday,3,Spring,0,0,0,1,0,27,4.6,181,5.81,Espresso,10,1223.14
2028-03-28,Tuesday,3,Spring,0,0,1,1,0,25,5.3,160,8.14,Americano,10,1440.96
2028-03-29,Wednesday,3,Spring,0,0,0,0,0,30,7.2,140,4.91,Tea,10,734.11
2028-03-30,Thursday,3,Spring,0,0,0,0,0,29,6.2,145,8.16,Latte,10,1112.17
2028-03-31,Friday,3,Spring,0,0,0,0,0,27,7.1,147,10.16,Cappuccino,10,1598.46
2028-04-01,Saturday,4,Spring,1,0,1,0,0,28,6.6,187,7.37,Pastry,11,1456.2
2028-04-02,Sunday,4,Spring,1,0,1,1,1,18,2.3,289,5.01,Espresso,11,1787.62
2028-04-03,Monday,4,Spring,0,0,0,0,0,26,1.3,131,9.02,Sandwich,10,1121.5
2028-04-04,Tuesday,4,Spring,0,0,1,0,0,18,4.3,138,4.57,Mocha,10,565.54
2028-04-05,Wednesday,4,Spring,0,0,0,0,0,18,0.5,158,10.26,Americano,10,1702.5
2028-04-06,Thursday,4,Spring,0,0,1,0,0,30,0.0,111,4.73,Pastry,10,535.16
2028-04-07,Friday,4,Spring,0,0,1,0,0,29,7.3,133,6.22,Sandwich,10,837.17
2028-04-08,Saturday,4,Spring,1,0,0,1,1,18,0.0,324,6.76,Mocha,11,2462.6
2028-04-09,Sunday,4,Spring,1,0,1,0,0,26,6.1,208,8.38,Cappuccino,11,1773.81
2028-04-10,Monday,4,Spring,0,1,0,1,1,27,1.0,222,9.91,Tea,10,2663.62
2028-04-11,Tuesday,4,Spring,0,0,0,1,0,28,5.1,188,7.64,Americano,10,1503.68
2028-04-12,Wednesday,4,Spring,0,0,1,1,0,27,6.0,166,9.79,Americano,10,1881.42
2028-04-13,Thursday,4,Spring,0,0,0,0,0,23,0.6,130,8.77,Espresso,10,1091.26
2028-04-14,Friday,4,Spring,0,0,0,0,0,28,4.9,133,9.15,Tea,10,1242.91
2028-04-15,Saturday,4,Spring,1,0,0,0,0,20,3.2,184,6.79,Latte,11,1149.11
2028-04-16,Sunday,4,Spring,1,0,1,0,0,30,4.4,202,5.37,Americano,11,956.78
2028-04-17,Monday,4,Spring,0,0,0,0,0,22,1.0,119,6.44,Latte,10,821.54
2028-04-18,Tuesday,4,Spring,0,0,1,1,0,25,2.5,156,8.84,Latte,10,1623.75
2028-04-19,Wednesday,4,Spring,0,0,1,0,0,21,11.3,89,9.76,Cappuccino,10,767.09
2028-04-20,Thursday,4,Spring,0,0,0,0,0,26,5.8,139,9.38,Cappuccino,10,1178.69
2028-04-21,Friday,4,Spring,0,1,0,0,0,27,4.2,119,8.96,Americano,10,1131.02
2028-04-22,Saturday,4,Spring,1,0,1,0,0,23,3.9,194,4.98,Americano,11,821.45
2028-04-23,Sunday,4,Spring,1,0,0,1,0,27,3.7,261,8.47,Tea,11,2454.99
2028-04-24,Monday,4,Spring,0,0,1,0,0,21,3.1,102,5.44,Sandwich,10,415.0
2028-04-25,Tuesday,4,Spring,0,0,0,0,0,19,2.3,122,10.05,Sandwich,10,1224.33
2028-04-26,Wednesday,4,Spring,0,0,1,0,0,30,5.3,121,8.11,Americano,10,857.66
2028-04-27,Thursday,4,Spring,0,0,1,1,0,29,10.5,141,5.25,Espresso,10,765.77
2028-04-28,Friday,4,Spring,0,0,1,0,1,23,0.1,192,4.69,Americano,10,980.84
2028-04-29,Saturday,4,Spring,1,1,1,0,0,21,4.9,195,7.71,Pastry,11,1585.25
2028-04-30,Sunday,4,Spring,1,0,1,0,0,26,1.4,203,7.68,Americano,11,1600.6
2028-05-01,Monday,5,Spring,0,0,0,0,1,28,0.0,199,10.37,Americano,10,2103.87
2028-05-02,Tuesday,5,Spring,0,0,0,0,0,23,2.1,153,5.51,Cappuccino,10,830.93
2028-05-03,Wednesday,5,Spring,0,0,0,0,0,24,1.1,140,8.92,Cappuccino,10,1172.15
2028-05-04,Thursday,5,Spring,0,0,0,0,0,26,2.4,152,8.8,Americano,10,1231.99
2028-05-05,Friday,5,Spring,0,0,0,1,0,27,4.8,198,8.1,Mocha,10,1725.46
2028-05-06,Saturday,5,Spring,1,0,0,0,0,30,5.0,193,4.84,Mocha,11,936.9
2028-05-07,Sunday,5,Spring,1,0,0,0,0,26,0.9,223,5.87,Pastry,11,1358.09
2028-05-08,Monday,5,Spring,0,0,0,1,0,24,0.7,187,6.44,Pastry,10,1180.31
2028-05-09,Tuesday,5,Spring,0,0,0,0,0,23,9.9,101,5.49,Latte,10,464.46
2028-05-10,Wednesday,5,Spring,0,0,0,0,0,20,2.6,122,9.51,Pastry,10,1196.46
2028-05-11,Thursday,5,Spring,0,0,0,0,1,28,2.0,184,5.84,Sandwich,10,1058.05
2028-05-12,Friday,5,Spring,0,0,0,1,0,27,0.0,177,6.15,Mocha,10,1138.64
2028-05-13,Saturday,5,Spring,1,0,0,0,0,23,2.0,219,8.44,Cappuccino,11,1745.81
2028-05-14,Sunday,5,Spring,1,0,0,1,0,24,0.0,260,5.97,Pastry,11,1606.24
2028-05-15,Monday,5,Spring,0,0,0,0,0,30,5.0,122,5.36,Tea,10,698.45
2028-05-16,Tuesday,5,Spring,0,0,0,0,0,24,6.0,138,9.41,Mocha,10,1219.36
2028-05-17,Wednesday,5,Spring,0,0,0,0,0,20,5.6,132,10.19,Tea,10,1248.35
2028-05-18,Thursday,5,Spring,0,0,0,0,0,22,1.2,127,5.2,Pastry,10,515.01
2028-05-19,Friday,5,Spring,0,0,0,0,0,23,1.5,124,7.15,Cappuccino,10,791.11
2028-05-20,Saturday,5,Spring,1,0,0,1,0,30,6.2,264,8.27,Mocha,11,2437.5
2028-05-21,Sunday,5,Spring,1,0,0,1,0,18,2.8,225,9.39,Sandwich,11,2261.1
2028-05-22,Monday,5,Spring,0,0,0,0,1,25,5.6,194,8.82,Cappuccino,10,1832.34
2028-05-23,Tuesday,5,Spring,0,0,0,1,0,23,3.5,173,8.41,Mocha,10,1695.4
2028-05-24,Wednesday,5,Spring,0,0,0,0,0,21,3.2,140,5.52,Mocha,10,803.1
2028-05-25,Thursday,5,Spring,0,0,0,1,0,19,7.5,153,8.0,Tea,10,1478.28
2028-05-26,Friday,5,Spring,0,0,0,0,0,20,0.0,154,7.27,Cappuccino,10,973.54
2028-05-27,Saturday,5,Spring,1,0,0,0,0,20,8.4,197,8.79,Espresso,11,1774.18
2028-05-28,Sunday,5,Spring,1,0,0,0,0,24,5.4,215,6.01,Espresso,11,1333.18
2028-05-29,Monday,5,Spring,0,0,0,1,0,27,0.0,205,10.18,Americano,10,2279.59
2028-05-30,Tuesday,5,Spring,0,0,0,0,0,29,0.0,132,8.77,Cappuccino,10,1060.43
2028-05-31,Wednesday,5,Spring,0,0,0,0,0,29,1.1,136,9.04,Pastry,10,1142.06
2028-06-01,Thursday,6,Summer,0,0,0,1,1,41,0.0,250,9.34,Tea,10,2679.16
2028-06-02,Friday,6,Summer,0,0,0,1,0,28,0.2,199,10.35,Americano,10,2189.55
2028-06-03,Saturday,6,Summer,1,0,0,0,0,35,3.1,200,8.46,Tea,11,1595.94
2028-06-04,Sunday,6,Summer,1,0,0,0,0,31,0.0,194,7.14,Cappuccino,11,1483.09
2028-06-05,Monday,6,Summer,0,0,0,1,0,40,1.3,186,9.45,Mocha,10,2042.67
2028-06-06,Tuesday,6,Summer,0,0,0,1,0,34,2.8,157,5.95,Espresso,10,1137.5
2028-06-07,Wednesday,6,Summer,0,0,0,0,0,34,1.8,113,4.8,Pastry,10,598.85
2028-06-08,Thursday,6,Summer,0,0,0,1,0,34,0.3,174,8.58,Latte,10,1583.31
2028-06-09,Friday,6,Summer,0,0,0,0,0,42,1.3,117,9.19,Tea,10,1023.74
2028-06-10,Saturday,6,Summer,1,0,0,0,0,30,1.1,230,5.59,Pastry,11,1381.47
2028-06-11,Sunday,6,Summer,1,0,0,0,0,37,0.3,223,6.24,Cappuccino,11,1481.14
2028-06-12,Monday,6,Summer,0,0,0,0,0,29,0.0,158,8.78,Tea,10,1291.99
2028-06-13,Tuesday,6,Summer,0,0,0,0,1,32,1.2,194,7.99,Cappuccino,10,1748.09
2028-06-14,Wednesday,6,Summer,0,0,0,0,0,40,1.5,154,7.49,Cappuccino,10,1114.5
2028-06-15,Thursday,6,Summer,0,0,0,0,0,35,1.6,140,5.02,Latte,10,599.55
2028-06-16,Friday,6,Summer,0,0,0,0,0,28,0.7,157,5.3,Pastry,10,752.85
2028-06-17,Saturday,6,Summer,1,0,0,1,0,34,0.0,243,5.85,Americano,11,1587.81
2028-06-18,Sunday,6,Summer,1,1,0,0,0,41,1.8,180,5.7,Cappuccino,11,970.41
2028-06-19,Monday,6,Summer,0,0,0,0,0,31,1.7,117,4.51,Espresso,10,606.19
2028-06-20,Tuesday,6,Summer,0,0,0,0,0,29,4.0,127,7.94,Tea,10,971.24
2028-06-21,Wednesday,6,Summer,0,0,0,1,0,39,5.1,200,7.03,Tea,10,1520.81
2028-06-22,Thursday,6,Summer,0,0,0,1,0,36,0.0,196,9.81,Americano,10,2243.99
2028-06-23,Friday,6,Summer,0,0,0,1,0,42,0.3,162,4.98,Pastry,10,819.35
2028-06-24,Saturday,6,Summer,1,0,0,1,0,31,0.0,244,9.56,Cappuccino,11,2502.71
2028-06-25,Sunday,6,Summer,1,0,0,0,1,33,0.2,273,6.86,Pastry,11,2013.32
2028-06-26,Monday,6,Summer,0,0,0,1,0,36,0.0,176,6.62,Sandwich,10,1261.66
2028-06-27,Tuesday,6,Summer,0,0,0,0,0,41,0.0,122,8.81,Sandwich,10,1097.06
2028-06-28,Wednesday,6,Summer,0,0,0,0,0,35,0.0,129,6.66,Americano,10,974.39
2028-06-29,Thursday,6,Summer,0,0,0,0,0,40,0.2,155,6.84,Tea,10,1174.5
2028-06-30,Friday,6,Summer,0,0,0,1,0,37,0.3,180,8.51,Latte,10,1704.3
2028-07-01,Saturday,7,Summer,1,0,0,0,0,33,0.3,214,6.4,Mocha,11,1241.18
2028-07-02,Sunday,7,Summer,1,0,0,1,0,40,4.2,270,8.95,Cappuccino,11,2563.96
2028-07-03,Monday,7,Summer,0,0,0,0,0,41,4.9,107,6.6,Mocha,10,577.77
2028-07-04,Tuesday,7,Summer,0,0,0,0,1,32,0.0,186,7.67,Latte,10,1539.97
2028-07-05,Wednesday,7,Summer,0,0,0,0,0,32,0.0,144,7.48,Espresso,10,1199.26
2028-07-06,Thursday,7,Summer,0,0,0,0,1,38,5.7,196,7.13,Sandwich,10,1519.59
2028-07-07,Friday,7,Summer,0,0,0,1,0,33,0.0,170,6.06,Sandwich,10,1102.97
2028-07-08,Saturday,7,Summer,1,0,0,0,1,33,5.3,278,8.89,Mocha,11,2565.88
2028-07-09,Sunday,7,Summer,1,0,0,1,1,34,1.3,317,8.08,Tea,11,2876.97
2028-07-10,Monday,7,Summer,0,0,0,0,0,32,5.4,140,5.52,Americano,10,835.91
2028-07-11,Tuesday,7,Summer,0,0,0,0,0,42,5.0,112,8.81,Tea,10,949.67
2028-07-12,Wednesday,7,Summer,0,0,0,0,0,28,2.4,124,9.28,Americano,10,1212.92
2028-07-13,Thursday,7,Summer,0,0,0,1,0,29,3.8,202,6.29,Sandwich,10,1440.49
2028-07-14,Friday,7,Summer,0,0,0,0,0,34,2.3,123,7.45,Pastry,10,799.66
2028-07-15,Saturday,7,Summer,1,0,0,1,0,34,0.0,261,4.9,Espresso,11,1422.77
2028-07-16,Sunday,7,Summer,1,0,0,0,0,33,4.6,200,9.98,Latte,11,1863.85
2028-07-17,Monday,7,Summer,0,0,0,0,0,39,4.4,114,7.07,Cappuccino,10,835.03
2028-07-18,Tuesday,7,Summer,0,0,0,0,0,29,1.0,153,10.15,Espresso,10,1558.68
2028-07-19,Wednesday,7,Summer,0,1,0,0,0,30,3.3,143,9.77,Tea,10,1403.31
2028-07-20,Thursday,7,Summer,0,0,0,0,0,33,7.2,138,5.81,Mocha,10,891.59
2028-07-21,Friday,7,Summer,0,0,0,0,0,38,0.0,120,8.98,Sandwich,10,1101.58
2028-07-22,Saturday,7,Summer,1,0,0,0,0,32,0.3,198,7.86,Mocha,11,1624.93
2028-07-23,Sunday,7,Summer,1,0,0,0,0,39,2.3,221,7.84,Cappuccino,11,1677.02
2028-07-24,Monday,7,Summer,0,0,0,0,0,30,2.6,137,5.14,Americano,10,564.89
2028-07-25,Tuesday,7,Summer,0,0,0,0,0,41,0.0,149,4.58,Pastry,10,736.36
2028-07-26,Wednesday,7,Summer,0,0,0,0,0,41,2.7,118,5.77,Latte,10,540.27
2028-07-27,Thursday,7,Summer,0,0,0,0,0,31,4.9,138,7.56,Espresso,10,1057.02
2028-07-28,Friday,7,Summer,0,0,0,1,0,35,2.3,161,6.49,Mocha,10,1146.88
2028-07-29,Saturday,7,Summer,1,0,0,1,0,41,2.4,270,10.29,Americano,11,2956.0
2028-07-30,Sunday,7,Summer,1,0,0,0,1,42,8.6,237,5.24,Americano,11,1393.86
2028-07-31,Monday,7,Summer,0,0,0,1,0,30,0.0,209,6.6,Espresso,10,1601.72
2028-08-01,Tuesday,8,Summer,0,0,0,1,0,42,5.5,167,7.2,Sandwich,10,1346.55
2028-08-02,Wednesday,8,Summer,0,0,0,0,0,42,4.2,131,9.17,Cappuccino,10,1151.18
2028-08-03,Thursday,8,Summer,0,0,0,0,0,32,0.0,119,7.98,Cappuccino,10,898.87
2028-08-04,Friday,8,Summer,0,0,0,0,0,34,0.0,159,7.15,Pastry,10,1238.94
2028-08-05,Saturday,8,Summer,1,0,0,0,0,32,0.2,212,8.85,Espresso,11,1944.98
2028-08-06,Sunday,8,Summer,1,1,0,1,0,32,3.5,223,6.11,Pastry,11,1414.28
2028-08-07,Monday,8,Summer,0,0,0,1,0,34,0.1,208,7.87,Cappuccino,10,1837.13
2028-08-08,Tuesday,8,Summer,0,1,0,0,0,32,5.1,135,4.55,Cappuccino,10,556.77
2028-08-09,Wednesday,8,Summer,0,0,0,0,0,36,0.0,119,6.2,Latte,10,752.53
2028-08-10,Thursday,8,Summer,0,0,0,0,0,30,0.0,151,6.11,Espresso,10,917.29
2028-08-11,Friday,8,Summer,0,0,0,0,1,30,0.0,206,5.56,Cappuccino,10,1151.71
2028-08-12,Saturday,8,Summer,1,0,0,1,0,32,2.0,238,5.53,Tea,11,1384.02
2028-08-13,Sunday,8,Summer,1,0,0,0,0,38,0.0,193,5.26,Americano,11,908.24
2028-08-14,Monday,8,Summer,0,0,0,0,0,37,0.0,129,6.29,Mocha,10,812.44
2028-08-15,Tuesday,8,Summer,0,0,0,0,0,41,8.4,140,10.07,Cappuccino,10,1478.12
2028-08-16,Wednesday,8,Summer,0,0,0,0,0,36,0.7,142,7.61,Sandwich,10,1201.83
2028-08-17,Thursday,8,Summer,0,0,0,0,0,39,0.6,120,8.57,Americano,10,1080.65
2028-08-18,Friday,8,Summer,0,0,0,1,1,30,0.7,243,8.59,Sandwich,10,2306.04
2028-08-19,Saturday,8,Summer,1,0,0,1,0,40,6.3,252,10.0,Cappuccino,11,2826.03
2028-08-20,Sunday,8,Summer,1,0,0,0,0,31,3.2,193,10.27,Mocha,11,1936.26
2028-08-21,Monday,8,Summer,0,0,0,0,0,36,3.9,133,8.08,Sandwich,10,1037.87
2028-08-22,Tuesday,8,Summer,0,0,0,0,0,28,0.0,126,8.0,Espresso,10,909.14
2028-08-23,Wednesday,8,Summer,0,0,0,0,0,38,2.4,142,6.21,Cappuccino,10,1018.19
2028-08-24,Thursday,8,Summer,0,0,0,0,0,36,0.0,146,4.94,Mocha,10,720.88
2028-08-25,Friday,8,Summer,0,0,0,0,0,36,0.0,118,9.38,Mocha,10,1111.75
2028-08-26,Saturday,8,Summer,1,0,0,0,0,37,0.4,212,9.65,Sandwich,11,2090.28
2028-08-27,Sunday,8,Summer,1,1,0,1,1,38,3.9,285,6.82,Americano,11,2233.98
2028-08-28,Monday,8,Summer,0,0,0,1,0,33,0.0,166,9.89,Americano,10,1734.76
2028-08-29,Tuesday,8,Summer,0,0,0,0,0,32,0.0,117,10.34,Mocha,10,1277.08
2028-08-30,Wednesday,8,Summer,0,0,0,0,0,36,0.2,117,5.4,Tea,10,654.5
2028-08-31,Thursday,8,Summer,0,0,0,0,0,30,1.3,127,5.7,Cappuccino,10,807.13
2028-09-01,Friday,9,Autumn,0,0,0,0,0,30,1.4,136,8.75,Pastry,10,1147.38
2028-09-02,Saturday,9,Autumn,1,0,0,0,0,21,3.0,194,6.85,Pastry,11,1367.32
2028-09-03,Sunday,9,Autumn,1,1,0,0,1,20,4.4,237,6.33,Sandwich,11,1600.77
2028-09-04,Monday,9,Autumn,0,0,0,0,0,23,7.2,112,4.85,Latte,10,600.81
2028-09-05,Tuesday,9,Autumn,0,0,0,1,0,26,8.3,148,8.25,Americano,10,1207.23
2028-09-06,Wednesday,9,Autumn,0,0,0,0,0,30,4.5,146,5.32,Tea,10,662.19
2028-09-07,Thursday,9,Autumn,0,0,0,1,0,18,7.5,163,6.0,Tea,10,1148.94
2028-09-08,Friday,9,Autumn,0,1,0,0,0,30,4.4,146,4.61,Sandwich,10,745.46
2028-09-09,Saturday,9,Autumn,1,0,0,0,0,18,1.4,205,9.32,Espresso,11,1824.66
2028-09-10,Sunday,9,Autumn,1,0,0,0,0,21,2.5,218,5.6,Sandwich,11,1197.79
2028-09-11,Monday,9,Autumn,0,0,0,1,0,23,6.6,163,8.9,Espresso,10,1706.84
2028-09-12,Tuesday,9,Autumn,0,0,0,0,0,22,3.6,150,5.29,Sandwich,10,701.92
2028-09-13,Wednesday,9,Autumn,0,0,0,0,0,27,8.3,126,6.48,Americano,10,786.99
2028-09-14,Thursday,9,Autumn,0,0,0,0,0,27,4.0,145,6.19,Tea,10,984.7
2028-09-15,Friday,9,Autumn,0,0,0,0,1,19,1.2,204,9.39,Cappuccino,10,2013.24
2028-09-16,Saturday,9,Autumn,1,0,0,0,0,19,5.4,199,9.36,Americano,11,1861.65
2028-09-17,Sunday,9,Autumn,1,0,0,0,0,19,4.2,209,9.13,Sandwich,11,1841.0
2028-09-18,Monday,9,Autumn,0,0,0,0,1,18,1.1,192,8.47,Espresso,10,1618.51
2028-09-19,Tuesday,9,Autumn,0,0,0,0,1,20,0.7,177,8.3,Pastry,10,1587.93
2028-09-20,Wednesday,9,Autumn,0,1,0,0,1,20,5.5,194,5.58,Latte,10,1247.72
2028-09-21,Thursday,9,Autumn,0,0,0,0,0,21,2.6,120,5.81,Americano,10,839.79
2028-09-22,Friday,9,Autumn,0,0,0,0,0,23,3.1,153,10.4,Cappuccino,10,1518.75
2028-09-23,Saturday,9,Autumn,1,0,0,0,0,22,0.0,232,8.26,Cappuccino,11,1983.78
2028-09-24,Sunday,9,Autumn,1,0,0,0,0,22,7.0,195,8.88,Latte,11,1639.46
2028-09-25,Monday,9,Autumn,0,0,0,0,0,30,5.2,133,9.51,Latte,10,1338.22
2028-09-26,Tuesday,9,Autumn,0,0,0,1,1,23,5.1,227,9.71,Latte,10,2650.1
2028-09-27,Wednesday,9,Autumn,0,0,0,1,0,21,3.8,201,7.67,Mocha,10,1709.81
2028-09-28,Thursday,9,Autumn,0,0,0,0,0,23,6.2,143,5.2,Sandwich,10,807.03
2028-09-29,Friday,9,Autumn,0,0,0,0,0,25,2.2,127,9.4,Espresso,10,1140.59
2028-09-30,Saturday,9,Autumn,1,0,0,0,0,21,4.2,201,8.94,Sandwich,11,1752.55
2028-10-01,Sunday,10,Autumn,1,0,0,0,0,26,2.8,229,10.28,Sandwich,11,2456.66
2028-10-02,Monday,10,Autumn,0,0,0,1,1,19,6.7,225,8.97,Espresso,10,2206.68
2028-10-03,Tuesday,10,Autumn,0,0,0,0,0,20,2.8,144,8.75,Espresso,10,1147.24
2028-10-04,Wednesday,10,Autumn,0,0,0,0,0,24,0.5,136,8.69,Espresso,10,1307.34
2028-10-05,Thursday,10,Autumn,0,0,0,0,0,21,5.4,137,9.49,Pastry,10,1428.89
2028-10-06,Friday,10,Autumn,0,0,0,0,0,18,3.4,132,5.94,Espresso,10,678.81
2028-10-07,Saturday,10,Autumn,1,0,0,0,0,28,3.5,212,9.86,Pastry,11,2192.21
2028-10-08,Sunday,10,Autumn,1,0,0,0,0,19,5.0,198,9.82,Mocha,11,2028.75
2028-10-09,Monday,10,Autumn,0,0,0,0,0,18,5.6,134,7.63,Americano,10,1069.97
2028-10-10,Tuesday,10,Autumn,0,0,0,0,0,18,5.1,153,8.53,Pastry,10,1194.3
2028-10-11,Wednesday,10,Autumn,0,0,0,0,0,27,3.5,113,9.13,Espresso,10,1153.25
2028-10-12,Thursday,10,Autumn,0,0,0,0,0,25,4.9,146,6.0,Americano,10,934.61
2028-10-13,Friday,10,Autumn,0,0,0,0,0,21,3.5,135,4.95,Espresso,10,690.32
2028-10-14,Saturday,10,Autumn,1,0,0,1,0,28,0.0,245,6.51,Sandwich,11,1685.82
2028-10-15,Sunday,10,Autumn,1,0,0,0,0,19,0.0,229,8.54,Pastry,11,1871.64
2028-10-16,Monday,10,Autumn,0,0,0,0,1,23,1.7,215,5.86,Tea,10,1367.01
2028-10-17,Tuesday,10,Autumn,0,0,0,0,0,26,3.8,138,6.94,Latte,10,918.04
2028-10-18,Wednesday,10,Autumn,0,0,0,1,0,25,2.0,166,7.57,Mocha,10,1361.67
2028-10-19,Thursday,10,Autumn,0,0,0,0,0,25,3.0,121,6.25,Latte,10,610.74
2028-10-20,Friday,10,Autumn,0,0,0,1,0,26,2.8,176,9.72,Americano,10,1995.88
2028-10-21,Saturday,10,Autumn,1,0,0,0,0,26,1.8,208,4.6,Tea,11,978.67
2028-10-22,Sunday,10,Autumn,1,0,0,1,1,25,2.4,297,9.29,Tea,11,3078.87
2028-10-23,Monday,10,Autumn,0,1,0,0,0,29,3.1,146,7.04,Sandwich,10,1009.45
2028-10-24,Tuesday,10,Autumn,0,0,0,0,0,25,4.3,110,5.1,Sandwich,10,462.33
2028-10-25,Wednesday,10,Autumn,0,0,0,0,0,30,2.5,137,8.07,Espresso,10,1040.83
2028-10-26,Thursday,10,Autumn,0,0,0,0,0,27,2.7,112,6.57,Tea,10,858.4
2028-10-27,Friday,10,Autumn,0,0,0,0,0,27,0.3,142,8.18,Cappuccino,10,1165.5
2028-10-28,Saturday,10,Autumn,1,0,0,1,1,28,5.6,308,8.56,Latte,11,3160.14
2028-10-29,Sunday,10,Autumn,1,0,0,0,0,21,2.0,213,8.48,Sandwich,11,1776.75
2028-10-30,Monday,10,Autumn,0,0,0,0,0,23,1.5,160,8.26,Mocha,10,1236.54
2028-10-31,Tuesday,10,Autumn,0,0,0,0,0,24,2.6,158,5.06,Latte,10,704.25
2028-11-01,Wednesday,11,Autumn,0,0,0,0,1,27,4.2,204,9.34,Espresso,10,1956.11
2028-11-02,Thursday,11,Autumn,0,0,0,0,0,26,0.8,119,7.36,Sandwich,10,779.79
2028-11-03,Friday,11,Autumn,0,0,0,1,0,26,4.9,184,8.18,Americano,10,1777.33
2028-11-04,Saturday,11,Autumn,1,0,0,0,0,26,1.3,205,7.27,Tea,11,1630.59
2028-11-05,Sunday,11,Autumn,1,0,0,0,0,27,5.1,216,10.19,Espresso,11,2107.05
2028-11-06,Monday,11,Autumn,0,0,0,1,0,21,3.6,174,4.87,Cappuccino,10,975.4
2028-11-07,Tuesday,11,Autumn,0,0,0,1,1,21,5.8,240,9.0,Latte,10,2632.23
2028-11-08,Wednesday,11,Autumn,0,0,0,1,0,26,6.8,182,7.8,Espresso,10,1511.74
2028-11-09,Thursday,11,Autumn,0,0,0,0,0,28,0.0,148,4.64,Pastry,10,679.52
2028-11-10,Friday,11,Autumn,0,0,0,0,0,27,1.9,148,9.43,Sandwich,10,1472.52
2028-11-11,Saturday,11,Autumn,1,0,0,0,0,18,3.0,214,8.49,Cappuccino,11,1825.43
2028-11-12,Sunday,11,Autumn,1,0,0,0,0,30,3.2,189,8.74,Tea,11,1713.51
2028-11-13,Monday,11,Autumn,0,0,0,0,1,24,1.1,182,10.05,Pastry,10,1832.21
2028-11-14,Tuesday,11,Autumn,0,0,0,1,0,25,1.9,185,7.78,Tea,10,1549.71
2028-11-15,Wednesday,11,Autumn,0,0,0,0,0,26,4.0,145,7.88,Cappuccino,10,1105.72
2028-11-16,Thursday,11,Autumn,0,0,0,1,0,19,0.1,182,8.17,Cappuccino,10,1506.09
2028-11-17,Friday,11,Autumn,0,0,0,0,0,29,2.4,138,5.51,Americano,10,846.68
2028-11-18,Saturday,11,Autumn,1,0,0,0,0,28,5.0,224,5.8,Cappuccino,11,1180.47
2028-11-19,Sunday,11,Autumn,1,0,0,0,0,24,5.9,196,10.37,Americano,11,2064.84
2028-11-20,Monday,11,Autumn,0,0,0,1,0,23,0.0,163,5.54,Cappuccino,10,959.35
2028-11-21,Tuesday,11,Autumn,0,0,0,0,0,21,0.9,142,10.28,Tea,10,1487.7
2028-11-22,Wednesday,11,Autumn,0,0,0,1,0,18,0.0,172,6.22,Mocha,10,1175.86
2028-11-23,Thursday,11,Autumn,0,0,0,0,1,29,1.2,187,5.82,Mocha,10,1119.04
2028-11-24,Friday,11,Autumn,0,0,0,0,0,21,0.0,118,7.23,Cappuccino,10,992.39
2028-11-25,Saturday,11,Autumn,1,1,0,1,0,18,3.9,219,7.16,Sandwich,11,1712.64
2028-11-26,Sunday,11,Autumn,1,0,0,0,1,19,1.8,275,4.73,Americano,11,1255.04
2028-11-27,Monday,11,Autumn,0,0,0,0,0,24,5.2,132,5.18,Cappuccino,10,734.87
2028-11-28,Tuesday,11,Autumn,0,0,0,0,0,27,3.3,156,9.55,Cappuccino,10,1515.7
2028-11-29,Wednesday,11,Autumn,0,0,0,0,0,19,7.5,149,6.46,Latte,10,931.12
2028-11-30,Thursday,11,Autumn,0,0,0,1,1,29,2.9,234,7.69,Espresso,10,2114.42
2028-12-01,Friday,12,Winter,0,0,0,0,0,11,0.0,123,9.83,Mocha,10,1145.88
2028-12-02,Saturday,12,Winter,1,0,0,1,0,15,3.4,228,10.14,Americano,11,2556.8
2028-12-03,Sunday,12,Winter,1,0,0,1,0,16,4.2,234,7.44,Tea,11,1948.22
2028-12-04,Monday,12,Winter,0,0,0,0,0,14,5.0,125,6.95,Pastry,10,849.98
2028-12-05,Tuesday,12,Winter,0,0,0,1,0,5,9.3,153,6.35,Pastry,10,1050.41
2028-12-06,Wednesday,12,Winter,0,0,0,0,0,17,4.8,121,9.44,Americano,10,1023.65
2028-12-07,Thursday,12,Winter,0,0,0,0,0,17,6.5,114,7.78,Pastry,10,877.33
2028-12-08,Friday,12,Winter,0,0,0,1,0,13,5.6,157,4.59,Pastry,10,718.9
2028-12-09,Saturday,12,Winter,1,0,0,0,0,18,2.2,212,6.7,Espresso,11,1392.09
2028-12-10,Sunday,12,Winter,1,0,0,0,0,7,0.4,229,8.62,Espresso,11,2029.25
2028-12-11,Monday,12,Winter,0,0,0,0,0,8,5.0,127,7.87,Espresso,10,1080.18
2028-12-12,Tuesday,12,Winter,0,0,0,1,0,10,4.1,158,9.96,Mocha,10,1825.58
2028-12-13,Wednesday,12,Winter,0,0,0,1,0,6,0.1,177,5.26,Mocha,10,888.77
2028-12-14,Thursday,12,Winter,0,0,0,0,1,8,0.4,198,6.67,Americano,10,1432.63
2028-12-15,Friday,12,Winter,0,0,0,1,0,6,1.2,182,8.72,Pastry,10,1869.01
2028-12-16,Saturday,12,Winter,1,0,0,0,0,13,2.6,182,6.23,Pastry,11,1283.32
2028-12-17,Sunday,12,Winter,1,0,0,1,1,15,0.0,324,8.62,Cappuccino,11,3195.13
2028-12-18,Monday,12,Winter,0,0,0,0,1,12,0.0,181,8.8,Mocha,10,1757.33
2028-12-19,Tuesday,12,Winter,0,0,0,0,1,17,1.5,197,8.96,Pastry,10,1842.93
2028-12-20,Wednesday,12,Winter,0,0,0,1,1,6,5.3,237,10.29,Sandwich,10,2730.9
2028-12-21,Thursday,12,Winter,0,0,0,0,1,7,0.7,212,4.56,Cappuccino,10,878.75
2028-12-22,Friday,12,Winter,0,0,0,0,0,12,1.5,115,7.76,Sandwich,10,847.8
2028-12-23,Saturday,12,Winter,1,0,0,1,0,5,3.1,263,6.37,Espresso,11,1847.25
2028-12-24,Sunday,12,Winter,1,0,0,0,1,14,5.3,262,10.19,Americano,11,2869.0
2028-12-25,Monday,12,Winter,0,0,0,0,1,12,5.1,197,7.4,Americano,10,1496.64
2028-12-26,Tuesday,12,Winter,0,0,0,0,0,8,0.0,122,5.08,Pastry,10,582.64
2028-12-27,Wednesday,12,Winter,0,0,0,0,0,12,5.1,147,8.39,Mocha,10,1319.91
2028-12-28,Thursday,12,Winter,0,0,0,1,0,10,1.3,184,5.48,Espresso,10,1099.05
2028-12-29,Friday,12,Winter,0,0,0,0,0,9,0.0,150,7.44,Latte,10,1100.12
2028-12-30,Saturday,12,Winter,1,0,0,1,1,14,1.6,290,10.38,Sandwich,11,3512.62
2028-12-31,Sunday,12,Winter,1,0,0,1,0,11,2.8,240,5.25,Latte,11,1526.04
2029-01-01,Monday,1,Winter,0,0,0,0,0,7,2.1,137,5.76,Americano,10,916.7
2029-01-02,Tuesday,1,Winter,0,0,0,0,0,8,7.4,113,10.25,Cappuccino,10,1079.24
2029-01-03,Wednesday,1,Winter,0,0,0,0,0,13,2.7,141,6.3,Cappuccino,10,744.95
2029-01-04,Thursday,1,Winter,0,0,0,1,0,5,3.6,200,5.3,Latte,10,1101.26
2029-01-05,Friday,1,Winter,0,0,0,0,1,14,0.9,173,5.96,Americano,10,1019.32
2029-01-06,Saturday,1,Winter,1,0,0,0,0,9,3.5,205,7.96,Latte,11,1748.18
2029-01-07,Sunday,1,Winter,1,0,0,1,0,6,1.5,248,6.63,Mocha,11,1772.53
2029-01-08,Monday,1,Winter,0,0,0,0,0,8,3.9,121,7.61,Tea,10,806.08
2029-01-09,Tuesday,1,Winter,0,0,0,1,0,14,2.2,189,10.47,Espresso,10,2199.63
2029-01-10,Wednesday,1,Winter,0,1,0,1,0,18,0.0,180,5.4,Sandwich,10,961.77
2029-01-11,Thursday,1,Winter,0,0,0,1,0,18,2.0,161,6.19,Sandwich,10,1246.1
2029-01-12,Friday,1,Winter,0,0,0,0,0,17,1.4,161,6.4,Sandwich,10,1130.25
2029-01-13,Saturday,1,Winter,1,0,0,0,0,16,1.1,189,9.92,Mocha,11,1955.73
2029-01-14,Sunday,1,Winter,1,0,0,1,0,5,2.8,273,7.95,Cappuccino,11,2503.63
2029-01-15,Monday,1,Winter,0,0,0,0,0,13,1.6,129,9.06,Mocha,10,1028.62
2029-01-16,Tuesday,1,Winter,0,0,0,1,0,6,2.8,167,6.47,Americano,10,1210.15
2029-01-17,Wednesday,1,Winter,0,0,0,0,0,17,5.8,150,9.6,Americano,10,1396.79
2029-01-18,Thursday,1,Winter,0,0,0,0,0,17,3.3,150,7.06,Mocha,10,1195.58
2029-01-19,Friday,1,Winter,0,0,0,0,1,5,0.0,187,5.24,Latte,10,1168.67
2029-01-20,Saturday,1,Winter,1,0,0,0,0,9,9.0,175,6.05,Cappuccino,11,1124.9
2029-01-21,Sunday,1,Winter,1,0,0,0,0,11,0.4,191,5.38,Espresso,11,983.95
2029-01-22,Monday,1,Winter,0,0,0,1,0,16,2.8,195,7.81,Sandwich,10,1744.8
2029-01-23,Tuesday,1,Winter,0,0,0,0,0,9,0.0,135,5.35,Sandwich,10,743.46
2029-01-24,Wednesday,1,Winter,0,0,0,1,0,17,2.7,204,9.57,Pastry,10,2050.7
2029-01-25,Thursday,1,Winter,0,0,0,1,0,17,1.2,199,9.39,Mocha,10,1905.89
2029-01-26,Friday,1,Winter,0,0,0,1,1,9,2.4,220,8.53,Americano,10,2183.98
2029-01-27,Saturday,1,Winter,1,0,0,0,0,11,0.3,232,8.5,Espresso,11,1895.66
2029-01-28,Sunday,1,Winter,1,0,0,1,0,18,1.6,272,6.75,Sandwich,11,2049.25
2029-01-29,Monday,1,Winter,0,0,0,0,1,7,1.8,185,7.19,Pastry,10,1373.6
2029-01-30,Tuesday,1,Winter,0,0,0,1,1,17,4.4,246,9.47,Pastry,10,2626.29
2029-01-31,Wednesday,1,Winter,0,0,0,0,0,6,6.5,147,7.42,Pastry,10,1015.11
2029-02-01,Thursday,2,Winter,0,0,0,0,1,8,4.2,162,9.24,Tea,10,1557.45
2029-02-02,Friday,2,Winter,0,0,0,0,0,14,5.5,104,9.19,Espresso,10,899.35
2029-02-03,Saturday,2,Winter,1,0,0,0,0,8,0.9,192,5.06,Mocha,11,824.67
2029-02-04,Sunday,2,Winter,1,0,0,0,0,17,3.2,207,6.37,Tea,11,1336.5
2029-02-05,Monday,2,Winter,0,1,0,0,0,11,1.4,141,9.81,Americano,10,1524.07
2029-02-06,Tuesday,2,Winter,0,0,0,0,0,8,0.0,162,5.47,Pastry,10,867.05
2029-02-07,Wednesday,2,Winter,0,0,0,0,1,16,5.1,171,7.52,Mocha,10,1205.43
2029-02-08,Thursday,2,Winter,0,0,0,1,0,8,3.9,174,8.59,Tea,10,1709.49
2029-02-09,Friday,2,Winter,0,0,0,0,0,12,1.9,136,5.82,Americano,10,809.85
2029-02-10,Saturday,2,Winter,1,0,0,1,0,8,6.8,253,8.84,Cappuccino,11,2371.09
2029-02-11,Sunday,2,Winter,1,0,0,0,0,16,6.0,194,9.53,Americano,11,1890.26
2029-02-12,Monday,2,Winter,0,0,0,1,0,15,0.0,198,6.62,Americano,10,1431.51
2029-02-13,Tuesday,2,Winter,0,0,0,0,0,11,3.6,127,8.35,Cappuccino,10,1175.5
2029-02-14,Wednesday,2,Winter,0,0,0,0,0,5,0.0,165,6.47,Cappuccino,10,1142.59
2029-02-15,Thursday,2,Winter,0,0,0,0,0,16,10.9,105,5.2,Cappuccino,10,630.64
2029-02-16,Friday,2,Winter,0,0,0,1,0,18,2.4,160,6.17,Espresso,10,948.92
2029-02-17,Saturday,2,Winter,1,0,0,1,0,12,4.6,253,8.59,Sandwich,11,2328.46
2029-02-18,Sunday,2,Winter,1,0,0,1,0,9,4.4,239,9.28,Tea,11,2343.99
2029-02-19,Monday,2,Winter,0,0,0,0,0,9,2.5,142,7.13,Sandwich,10,968.16
2029-02-20,Tuesday,2,Winter,0,0,0,0,0,18,1.6,117,4.62,Pastry,10,458.18
2029-02-21,Wednesday,2,Winter,0,0,0,0,1,16,4.5,201,9.04,Americano,10,1837.53
2029-02-22,Thursday,2,Winter,0,0,0,0,0,12,2.2,127,6.35,Americano,10,749.64
2029-02-23,Friday,2,Winter,0,0,0,0,0,6,4.4,107,7.02,Cappuccino,10,630.92
2029-02-24,Saturday,2,Winter,1,0,0,1,0,5,3.4,228,5.0,Pastry,11,1111.76
2029-02-25,Sunday,2,Winter,1,0,0,0,0,13,9.2,168,6.46,Pastry,11,1031.78
2029-02-26,Monday,2,Winter,0,0,0,0,0,11,4.3,147,7.67,Cappuccino,10,1128.44
2029-02-27,Tuesday,2,Winter,0,0,0,0,0,18,6.4,107,8.96,Sandwich,10,849.88
2029-02-28,Wednesday,2,Winter,0,0,0,1,0,6,4.8,162,8.48,Mocha,10,1483.68
2029-03-01,Thursday,3,Spring,0,0,1,0,0,28,6.6,111,9.45,Mocha,10,1039.74
2029-03-02,Friday,3,Spring,0,0,0,0,0,21,3.3,156,7.07,Americano,10,1183.16
2029-03-03,Saturday,3,Spring,1,0,0,0,1,22,2.9,275,6.98,Latte,11,1949.98
2029-03-04,Sunday,3,Spring,1,0,0,0,0,24,0.0,225,7.06,Tea,11,1596.69
2029-03-05,Monday,3,Spring,0,0,1,0,0,20,1.8,117,10.2,Latte,10,1142.13
2029-03-06,Tuesday,3,Spring,0,0,0,0,1,25,3.9,191,7.32,Americano,10,1491.61
2029-03-07,Wednesday,3,Spring,0,0,1,1,0,28,3.8,164,8.61,Tea,10,1438.65
2029-03-08,Thursday,3,Spring,0,0,1,0,0,30,0.0,131,9.3,Espresso,10,1354.69
2029-03-09,Friday,3,Spring,0,0,1,0,0,22,3.5,124,6.47,Americano,10,688.4
2029-03-10,Saturday,3,Spring,1,0,0,1,1,25,0.0,292,8.58,Mocha,11,2764.25
2029-03-11,Sunday,3,Spring,1,0,1,0,0,28,5.3,206,10.15,Pastry,11,2002.88
2029-03-12,Monday,3,Spring,0,0,1,1,0,19,0.0,161,7.36,Sandwich,10,1339.49
2029-03-13,Tuesday,3,Spring,0,0,0,1,0,27,4.1,192,6.29,Tea,10,1334.88
2029-03-14,Wednesday,3,Spring,0,0,0,1,0,22,3.5,192,7.3,Pastry,10,1537.85
2029-03-15,Thursday,3,Spring,0,0,1,1,1,24,0.0,216,6.32,Americano,10,1670.44
2029-03-16,Friday,3,Spring,0,0,1,1,0,25,2.2,148,4.74,Americano,10,897.96
2029-03-17,Saturday,3,Spring,1,0,1,1,0,22,0.4,249,7.46,Espresso,11,1900.21
2029-03-18,Sunday,3,Spring,1,0,1,0,0,25,0.0,188,6.14,Cappuccino,11,1107.72
2029-03-19,Monday,3,Spring,0,0,0,0,0,25,1.0,152,8.01,Cappuccino,10,1183.87
2029-03-20,Tuesday,3,Spring,0,0,1,1,1,18,0.0,232,7.4,Cappuccino,10,1834.96
2029-03-21,Wednesday,3,Spring,0,0,0,0,0,24,8.5,132,7.82,Mocha,10,921.74
2029-03-22,Thursday,3,Spring,0,0,0,0,1,25,5.1,160,8.63,Tea,10,1477.6
2029-03-23,Friday,3,Spring,0,0,0,0,0,23,4.0,141,5.23,Cappuccino,10,693.64
2029-03-24,Saturday,3,Spring,1,0,0,0,0,21,0.0,204,7.58,Latte,11,1469.13
2029-03-25,Sunday,3,Spring,1,0,1,0,0,30,0.0,205,8.61,Espresso,11,1869.93
2029-03-26,Monday,3,Spring,0,0,0,1,0,21,10.3,154,7.64,Cappuccino,10,1144.84
2029-03-27,Tuesday,3,Spring,0,0,1,0,0,28,2.8,129,6.86,Americano,10,928.97
2029-03-28,Wednesday,3,Spring,0,0,0,1,0,26,2.1,169,4.89,Mocha,10,982.63
2029-03-29,Thursday,3,Spring,0,1,0,0,0,26,1.1,107,10.44,Tea,10,1134.12
2029-03-30,Friday,3,Spring,0,0,1,0,0,27,6.2,135,7.58,Cappuccino,10,963.29
2029-03-31,Saturday,3,Spring,1,1,0,0,0,19,5.6,184,8.6,Espresso,11,1454.88
2029-04-01,Sunday,4,Spring,1,0,0,1,0,29,4.4,265,6.23,Sandwich,11,1816.43
2029-04-02,Monday,4,Spring,0,0,1,0,0,25,0.0,120,6.1,Americano,10,865.52
2029-04-03,Tuesday,4,Spring,0,0,0,0,0,27,0.0,143,6.57,Mocha,10,977.71
2029-04-04,Wednesday,4,Spring,0,0,0,1,0,25,5.0,161,9.98,Tea,10,1688.64
2029-04-05,Thursday,4,Spring,0,0,1,1,0,18,1.5,162,7.19,Latte,10,1139.91
2029-04-06,Friday,4,Spring,0,0,0,0,1,22,6.3,190,5.17,Tea,10,1007.81
2029-04-07,Saturday,4,Spring,1,0,0,0,0,27,0.0,221,6.55,Sandwich,11,1360.09
2029-04-08,Sunday,4,Spring,1,0,0,0,0,25,0.1,227,4.64,Latte,11,1164.03
2029-04-09,Monday,4,Spring,0,0,0,0,0,24,5.6,137,5.14,Americano,10,725.12
2029-04-10,Tuesday,4,Spring,0,0,1,1,0,23,0.0,184,9.7,Tea,10,1927.38
2029-04-11,Wednesday,4,Spring,0,0,1,0,0,25,11.1,93,10.29,Espresso,10,1005.86
2029-04-12,Thursday,4,Spring,0,0,0,1,1,28,4.0,215,5.1,Espresso,10,1202.18
2029-04-13,Friday,4,Spring,0,1,1,1,0,24,3.9,153,10.25,Sandwich,10,1727.59
2029-04-14,Saturday,4,Spring,1,0,1,0,1,28,3.3,241,7.1,Cappuccino,11,1704.61
2029-04-15,Sunday,4,Spring,1,0,1,0,0,27,5.2,165,5.44,Pastry,11,779.06
2029-04-16,Monday,4,Spring,0,0,0,0,0,29,4.3,149,5.77,Sandwich,10,962.7
2029-04-17,Tuesday,4,Spring,0,0,1,0,0,27,0.6,108,8.44,Sandwich,10,834.96
2029-04-18,Wednesday,4,Spring,0,1,0,0,1,21,4.9,169,10.08,Latte,10,1705.23
2029-04-19,Thursday,4,Spring,0,0,1,0,0,26,3.1,102,8.47,Sandwich,10,755.83
2029-04-20,Friday,4,Spring,0,0,1,0,0,19,1.6,106,6.4,Mocha,10,619.02
2029-04-21,Saturday,4,Spring,1,0,1,1,1,27,0.0,312,9.2,Sandwich,11,3194.91
2029-04-22,Sunday,4,Spring,1,0,0,0,0,25,1.5,192,8.72,Sandwich,11,1811.35
2029-04-23,Monday,4,Spring,0,0,1,0,0,27,3.1,122,7.09,Latte,10,720.77
2029-04-24,Tuesday,4,Spring,0,0,1,0,0,19,5.9,124,5.96,Cappuccino,10,741.34
2029-04-25,Wednesday,4,Spring,0,0,1,0,1,26,5.7,151,9.23,Latte,10,1525.32
2029-04-26,Thursday,4,Spring,0,0,1,1,0,27,7.7,155,4.92,Sandwich,10,798.54
2029-04-27,Friday,4,Spring,0,0,0,1,0,23,3.8,177,6.16,Cappuccino,10,1138.49
2029-04-28,Saturday,4,Spring,1,0,0,0,0,24,3.0,192,7.47,Latte,11,1476.51
2029-04-29,Sunday,4,Spring,1,0,1,0,1,27,10.0,241,9.44,Sandwich,11,2228.21
2029-04-30,Monday,4,Spring,0,0,1,0,0,23,5.0,119,6.13,Cappuccino,10,690.14
2029-05-01,Tuesday,5,Spring,0,0,0,1,0,22,0.4,199,6.33,Sandwich,10,1514.19
2029-05-02,Wednesday,5,Spring,0,0,0,0,0,24,2.3,159,5.4,Espresso,10,802.45
2029-05-03,Thursday,5,Spring,0,0,0,1,0,26,0.4,192,10.36,Americano,10,2050.99
2029-05-04,Friday,5,Spring,0,0,0,0,0,27,4.6,153,5.93,Espresso,10,982.4
2029-05-05,Saturday,5,Spring,1,0,0,1,0,30,2.0,276,6.88,Mocha,11,2152.13
2029-05-06,Sunday,5,Spring,1,0,0,1,0,27,0.0,246,9.43,Mocha,11,2649.73
2029-05-07,Monday,5,Spring,0,0,0,0,0,30,4.1,118,6.41,Cappuccino,10,899.08
2029-05-08,Tuesday,5,Spring,0,0,0,1,0,27,1.2,203,8.81,Latte,10,2064.48
2029-05-09,Wednesday,5,Spring,0,0,0,0,1,19,3.3,191,7.24,Espresso,10,1411.38
2029-05-10,Thursday,5,Spring,0,0,0,0,1,23,2.5,197,8.59,Cappuccino,10,1746.09
2029-05-11,Friday,5,Spring,0,0,0,1,0,24,0.0,206,7.35,Sandwich,10,1770.15
2029-05-12,Saturday,5,Spring,1,0,0,1,0,29,1.3,261,10.5,Espresso,11,2950.8
2029-05-13,Sunday,5,Spring,1,0,0,1,0,19,3.6,237,7.2,Tea,11,1741.92
2029-05-14,Monday,5,Spring,0,0,0,0,0,22,6.5,142,10.47,Latte,10,1408.75
2029-05-15,Tuesday,5,Spring,0,0,0,0,0,19,5.2,121,4.52,Americano,10,563.51
2029-05-16,Wednesday,5,Spring,0,0,0,0,0,23,5.1,117,6.13,Americano,10,592.76
2029-05-17,Thursday,5,Spring,0,0,0,1,0,27,0.7,190,8.79,Cappuccino,10,1972.01
2029-05-18,Friday,5,Spring,0,0,0,0,1,20,4.7,165,8.44,Pastry,10,1403.18
2029-05-19,Saturday,5,Spring,1,0,0,1,1,29,7.3,293,5.2,Pastry,11,1864.88
2029-05-20,Sunday,5,Spring,1,0,0,1,0,23,3.2,265,8.09,Pastry,11,2385.92
2029-05-21,Monday,5,Spring,0,0,0,0,0,26,8.5,138,9.18,Latte,10,1318.7
2029-05-22,Tuesday,5,Spring,0,0,0,1,0,25,0.7,185,6.06,Sandwich,10,1287.44
2029-05-23,Wednesday,5,Spring,0,0,0,1,0,25,8.1,185,6.99,Sandwich,10,1380.09
2029-05-24,Thursday,5,Spring,0,0,0,0,1,23,6.2,165,9.34,Espresso,10,1707.58
2029-05-25,Friday,5,Spring,0,0,0,0,0,29,2.4,122,8.85,Mocha,10,1208.03
2029-05-26,Saturday,5,Spring,1,0,0,0,0,23,6.6,180,6.8,Tea,11,1123.06
2029-05-27,Sunday,5,Spring,1,1,0,0,0,28,0.0,197,5.39,Sandwich,11,1106.02
2029-05-28,Monday,5,Spring,0,0,0,0,0,28,0.5,154,5.46,Pastry,10,747.28
2029-05-29,Tuesday,5,Spring,0,0,0,0,1,23,0.0,205,8.0,Cappuccino,10,1706.24
2029-05-30,Wednesday,5,Spring,0,0,0,0,0,19,2.5,143,6.8,Espresso,10,1018.41
2029-05-31,Thursday,5,Spring,0,0,0,0,0,29,4.5,109,9.05,Cappuccino,10,972.7
2029-06-01,Friday,6,Summer,0,0,0,0,0,42,1.2,151,8.78,Pastry,10,1184.45
2029-06-02,Saturday,6,Summer,1,0,0,0,1,36,4.7,276,10.18,Pastry,11,2857.73
2029-06-03,Sunday,6,Summer,1,0,0,0,0,34,2.0,223,7.95,Espresso,11,1872.39
2029-06-04,Monday,6,Summer,0,0,0,0,0,33,6.7,149,7.54,Cappuccino,10,1033.96
2029-06-05,Tuesday,6,Summer,0,0,0,0,1,32,1.7,200,7.16,Tea,10,1373.98
2029-06-06,Wednesday,6,Summer,0,1,0,1,0,38,0.0,166,10.19,Latte,10,1992.91
2029-06-07,Thursday,6,Summer,0,1,0,0,0,37,7.4,138,4.58,Tea,10,699.18
2029-06-08,Friday,6,Summer,0,0,0,1,0,28,0.0,206,8.19,Tea,10,1954.53
2029-06-09,Saturday,6,Summer,1,0,0,0,0,36,0.0,197,7.95,Cappuccino,11,1467.16
2029-06-10,Sunday,6,Summer,1,0,0,0,1,40,5.3,258,7.31,Mocha,11,2029.33
2029-06-11,Monday,6,Summer,0,0,0,0,0,36,0.0,145,9.81,Latte,10,1328.16
2029-06-12,Tuesday,6,Summer,0,0,0,0,1,33,1.6,208,8.06,Pastry,10,1753.26
2029-06-13,Wednesday,6,Summer,0,0,0,0,0,29,0.0,134,6.71,Sandwich,10,1010.2
2029-06-14,Thursday,6,Summer,0,0,0,0,0,29,0.0,127,10.04,Pastry,10,1154.29
2029-06-15,Friday,6,Summer,0,0,0,0,0,32,0.0,140,9.15,Sandwich,10,1166.34
2029-06-16,Saturday,6,Summer,1,0,0,0,0,38,0.0,215,8.32,Pastry,11,1884.44
2029-06-17,Sunday,6,Summer,1,0,0,0,0,35,0.0,232,4.62,Cappuccino,11,1205.29
2029-06-18,Monday,6,Summer,0,0,0,1,1,30,0.0,264,8.34,Sandwich,10,2523.83
2029-06-19,Tuesday,6,Summer,0,0,0,1,0,41,3.0,172,7.37,Americano,10,1318.04
2029-06-20,Wednesday,6,Summer,0,0,0,0,0,33,0.5,140,6.72,Cappuccino,10,918.29
2029-06-21,Thursday,6,Summer,0,0,0,1,0,36,0.1,199,10.27,Americano,10,2261.61
2029-06-22,Friday,6,Summer,0,0,0,0,0,37,2.8,112,9.02,Espresso,10,969.54
2029-06-23,Saturday,6,Summer,1,0,0,1,0,35,0.0,243,8.23,Mocha,11,2181.56
2029-06-24,Sunday,6,Summer,1,1,0,1,0,28,0.0,222,5.99,Cappuccino,11,1503.17
2029-06-25,Monday,6,Summer,0,0,0,0,1,35,3.0,175,6.42,Tea,10,1277.78
2029-06-26,Tuesday,6,Summer,0,0,0,0,0,32,0.0,142,10.18,Americano,10,1506.33
2029-06-27,Wednesday,6,Summer,0,0,0,1,0,29,1.0,197,6.48,Latte,10,1333.34
2029-06-28,Thursday,6,Summer,0,0,0,0,0,31,2.9,143,7.05,Pastry,10,959.25
2029-06-29,Friday,6,Summer,0,0,0,0,0,35,3.4,141,5.63,Espresso,10,881.34
2029-06-30,Saturday,6,Summer,1,0,0,0,0,38,0.0,197,9.39,Espresso,11,1819.2
2029-07-01,Sunday,7,Summer,1,0,0,0,0,37,0.3,231,4.89,Americano,11,1197.87
2029-07-02,Monday,7,Summer,0,1,0,0,1,31,0.9,177,6.94,Latte,10,1402.79
2029-07-03,Tuesday,7,Summer,0,0,0,0,0,33,3.1,120,5.79,Espresso,10,797.3
2029-07-04,Wednesday,7,Summer,0,0,0,0,0,39,0.0,128,4.51,Tea,10,447.13
2029-07-05,Thursday,7,Summer,0,0,0,0,0,33,1.1,159,6.55,Mocha,10,1064.31
2029-07-06,Friday,7,Summer,0,0,0,0,1,28,2.1,202,5.64,Sandwich,10,1158.1
2029-07-07,Saturday,7,Summer,1,0,0,0,0,38,1.8,186,7.4,Espresso,11,1405.65
2029-07-08,Sunday,7,Summer,1,0,0,0,0,33,0.0,200,9.41,Mocha,11,1939.19
2029-07-09,Monday,7,Summer,0,0,0,0,0,34,4.3,121,7.68,Mocha,10,800.51
2029-07-10,Tuesday,7,Summer,0,0,0,0,0,40,4.3,156,8.04,Espresso,10,1275.93
2029-07-11,Wednesday,7,Summer,0,0,0,0,1,31,0.0,206,7.17,Cappuccino,10,1419.45
2029-07-12,Thursday,7,Summer,0,0,0,0,1,34,0.0,201,10.35,Cappuccino,10,2096.72
2029-07-13,Friday,7,Summer,0,0,0,0,1,39,0.0,194,6.21,Pastry,10,1131.34
2029-07-14,Saturday,7,Summer,1,0,0,1,0,28,0.9,232,5.09,Espresso,11,1369.7
2029-07-15,Sunday,7,Summer,1,0,0,0,0,38,3.3,189,4.93,Pastry,11,937.86
2029-07-16,Monday,7,Summer,0,0,0,0,1,33,0.4,193,5.69,Sandwich,10,1298.51
2029-07-17,Tuesday,7,Summer,0,0,0,0,0,33,2.9,152,6.93,Pastry,10,978.85
2029-07-18,Wednesday,7,Summer,0,0,0,0,0,34,4.0,139,9.91,Sandwich,10,1339.93
2029-07-19,Thursday,7,Summer,0,0,0,0,0,32,0.9,141,6.17,Pastry,10,901.34
2029-07-20,Friday,7,Summer,0,0,0,0,0,35,0.0,133,8.93,Latte,10,1130.71
2029-07-21,Saturday,7,Summer,1,0,0,0,0,41,4.4,199,5.62,Mocha,11,1023.8
2029-07-22,Sunday,7,Summer,1,0,0,1,0,39,0.0,265,7.41,Mocha,11,2114.08
2029-07-23,Monday,7,Summer,0,0,0,0,0,41,0.9,129,9.62,Tea,10,1376.81
2029-07-24,Tuesday,7,Summer,0,0,0,1,0,36,6.3,164,5.83,Tea,10,1200.65
2029-07-25,Wednesday,7,Summer,0,0,0,1,0,42,4.7,200,7.35,Pastry,10,1733.34
2029-07-26,Thursday,7,Summer,0,0,0,0,0,36,3.0,158,9.46,Latte,10,1625.83
2029-07-27,Friday,7,Summer,0,0,0,0,0,34,0.0,134,6.46,Americano,10,941.54
2029-07-28,Saturday,7,Summer,1,0,0,0,0,29,1.0,196,5.63,Sandwich,11,1087.67
2029-07-29,Sunday,7,Summer,1,0,0,1,0,28,5.8,254,5.04,Latte,11,1354.29
2029-07-30,Monday,7,Summer,0,0,0,0,1,30,0.0,212,6.04,Pastry,10,1272.92
2029-07-31,Tuesday,7,Summer,0,0,0,0,0,35,0.0,126,8.62,Espresso,10,949.95
2029-08-01,Wednesday,8,Summer,0,0,0,0,0,34,3.7,125,9.32,Mocha,10,1309.98
2029-08-02,Thursday,8,Summer,0,1,0,1,0,29,0.2,165,7.33,Cappuccino,10,1389.57
2029-08-03,Friday,8,Summer,0,0,0,1,1,32,1.5,214,5.52,Espresso,10,1219.15
2029-08-04,Saturday,8,Summer,1,1,0,0,0,28,0.0,193,9.17,Americano,11,1824.92
2029-08-05,Sunday,8,Summer,1,0,0,0,0,40,3.4,195,7.68,Mocha,11,1489.33
2029-08-06,Monday,8,Summer,0,0,0,0,0,37,0.5,138,5.39,Pastry,10,788.85
2029-08-07,Tuesday,8,Summer,0,0,0,1,0,31,3.0,177,8.82,Mocha,10,1692.53
2029-08-08,Wednesday,8,Summer,0,0,0,0,0,29,2.6,121,8.91,Sandwich,10,999.81
2029-08-09,Thursday,8,Summer,0,0,0,0,1,32,0.0,186,8.04,Americano,10,1450.92
2029-08-10,Friday,8,Summer,0,0,0,0,0,31,4.6,144,7.62,Pastry,10,1112.06
2029-08-11,Saturday,8,Summer,1,0,0,0,0,42,0.9,213,8.27,Cappuccino,11,1714.31
2029-08-12,Sunday,8,Summer,1,0,0,0,0,32,0.5,187,9.59,Cappuccino,11,1903.7
2029-08-13,Monday,8,Summer,0,0,0,0,0,35,0.0,159,9.45,Americano,10,1616.93
2029-08-14,Tuesday,8,Summer,0,0,0,0,1,42,5.6,164,5.72,Latte,10,1073.87
2029-08-15,Wednesday,8,Summer,0,0,0,0,0,33,5.0,139,7.48,Pastry,10,1166.62
2029-08-16,Thursday,8,Summer,0,0,0,1,1,38,0.0,246,9.6,Latte,10,2608.13
2029-08-17,Friday,8,Summer,0,0,0,0,1,40,3.4,170,9.42,Pastry,10,1712.88
2029-08-18,Saturday,8,Summer,1,0,0,0,1,30,0.0,241,4.68,Americano,11,1117.75
2029-08-19,Sunday,8,Summer,1,0,0,0,0,40,4.3,184,8.18,Mocha,11,1411.19
2029-08-20,Monday,8,Summer,0,0,0,1,0,42,2.8,173,10.12,Sandwich,10,1893.65
2029-08-21,Tuesday,8,Summer,0,1,0,0,0,29,0.0,130,5.61,Mocha,10,634.26
2029-08-22,Wednesday,8,Summer,0,0,0,1,1,38,2.0,248,8.32,Cappuccino,10,2237.89
2029-08-23,Thursday,8,Summer,0,0,0,0,0,29,1.1,123,9.08,Sandwich,10,1159.64
2029-08-24,Friday,8,Summer,0,0,0,0,0,34,0.7,150,8.62,Mocha,10,1236.64
2029-08-25,Saturday,8,Summer,1,0,0,0,0,29,0.0,195,9.3,Mocha,11,1744.14
2029-08-26,Sunday,8,Summer,1,0,0,1,1,38,0.0,298,4.88,Mocha,11,1659.04
2029-08-27,Monday,8,Summer,0,0,0,1,0,42,0.0,201,5.61,Tea,10,1270.22
2029-08-28,Tuesday,8,Summer,0,0,0,0,0,38,3.8,136,8.39,Espresso,10,1076.63
2029-08-29,Wednesday,8,Summer,0,0,0,0,0,31,4.4,136,9.88,Sandwich,10,1371.2
2029-08-30,Thursday,8,Summer,0,0,0,0,1,40,6.6,171,7.38,Latte,10,1194.92
2029-08-31,Friday,8,Summer,0,0,0,0,0,30,1.4,163,6.55,Americano,10,1058.05
2029-09-01,Saturday,9,Autumn,1,0,0,0,0,27,8.4,183,5.91,Pastry,11,1149.41
2029-09-02,Sunday,9,Autumn,1,0,0,0,0,29,9.7,215,8.37,Mocha,11,1742.44
2029-09-03,Monday,9,Autumn,0,0,0,1,0,23,2.6,164,5.48,Latte,10,1081.15
2029-09-04,Tuesday,9,Autumn,0,0,0,0,0,25,2.8,138,6.28,Latte,10,873.25
2029-09-05,Wednesday,9,Autumn,0,0,0,0,0,19,2.8,144,7.24,Espresso,10,1169.1
2029-09-06,Thursday,9,Autumn,0,0,0,0,0,23,0.1,134,5.79,Pastry,10,722.74
2029-09-07,Friday,9,Autumn,0,0,0,0,0,30,2.1,155,5.71,Tea,10,802.77
2029-09-08,Saturday,9,Autumn,1,0,0,0,0,27,1.6,207,10.28,Sandwich,11,2193.05
2029-09-09,Sunday,9,Autumn,1,0,0,1,0,25,1.8,260,4.93,Tea,11,1545.28
2029-09-10,Monday,9,Autumn,0,0,0,0,0,28,3.0,110,10.07,Tea,10,1078.97
2029-09-11,Tuesday,9,Autumn,0,0,0,1,0,22,2.1,186,8.6,Mocha,10,1731.48
2029-09-12,Wednesday,9,Autumn,0,0,0,0,0,26,10.8,143,6.74,Tea,10,894.45
2029-09-13,Thursday,9,Autumn,0,0,0,0,1,30,3.7,213,10.35,Mocha,10,2218.66
2029-09-14,Friday,9,Autumn,0,0,0,0,0,23,0.3,137,4.89,Cappuccino,10,744.65
2029-09-15,Saturday,9,Autumn,1,0,0,0,0,26,6.4,222,8.55,Tea,11,1804.01
2029-09-16,Sunday,9,Autumn,1,0,0,0,0,26,5.2,184,6.9,Americano,11,1230.27
2029-09-17,Monday,9,Autumn,0,0,0,0,0,28,1.5,143,8.16,Cappuccino,10,1089.95
2029-09-18,Tuesday,9,Autumn,0,0,0,1,0,18,5.3,172,9.34,Tea,10,1726.91
2029-09-19,Wednesday,9,Autumn,0,0,0,0,0,29,3.3,148,8.25,Espresso,10,1220.1
2029-09-20,Thursday,9,Autumn,0,0,0,1,1,19,1.9,238,8.84,Sandwich,10,2394.05
2029-09-21,Friday,9,Autumn,0,0,0,0,0,18,5.0,150,6.49,Mocha,10,1074.22
2029-09-22,Saturday,9,Autumn,1,0,0,0,0,18,0.0,224,4.84,Espresso,11,995.39
2029-09-23,Sunday,9,Autumn,1,0,0,1,0,25,3.7,229,10.01,Pastry,11,2458.51
2029-09-24,Monday,9,Autumn,0,0,0,0,1,22,0.0,188,7.9,Sandwich,10,1468.38
2029-09-25,Tuesday,9,Autumn,0,0,0,0,0,21,4.6,149,9.94,Pastry,10,1338.31
2029-09-26,Wednesday,9,Autumn,0,0,0,1,0,28,0.0,166,10.48,Mocha,10,1993.35
2029-09-27,Thursday,9,Autumn,0,0,0,0,1,18,3.4,167,5.05,Tea,10,969.2
2029-09-28,Friday,9,Autumn,0,0,0,0,0,24,0.0,121,10.47,Cappuccino,10,1303.11
2029-09-29,Saturday,9,Autumn,1,0,0,0,0,27,0.0,210,6.17,Latte,11,1442.15
2029-09-30,Sunday,9,Autumn,1,0,0,0,0,26,4.9,223,10.19,Pastry,11,2181.69
2029-10-01,Monday,10,Autumn,0,0,0,0,0,27,2.1,146,5.31,Latte,10,820.58
2029-10-02,Tuesday,10,Autumn,0,0,0,0,0,26,1.8,159,9.57,Espresso,10,1463.09
2029-10-03,Wednesday,10,Autumn,0,0,0,0,0,24,0.5,161,7.6,Pastry,10,1118.26
2029-10-04,Thursday,10,Autumn,0,0,0,0,0,25,8.8,98,5.09,Americano,10,540.1
2029-10-05,Friday,10,Autumn,0,0,0,0,0,29,5.6,131,5.22,Tea,10,827.65
2029-10-06,Saturday,10,Autumn,1,0,0,0,0,30,1.0,218,8.39,Americano,11,1733.07
2029-10-07,Sunday,10,Autumn,1,1,0,1,0,22,5.2,210,9.01,Cappuccino,11,2123.98
2029-10-08,Monday,10,Autumn,0,0,0,0,0,23,4.8,126,7.92,Latte,10,1032.09
2029-10-09,Tuesday,10,Autumn,0,0,0,0,0,23,0.1,148,10.43,Latte,10,1661.9
2029-10-10,Wednesday,10,Autumn,0,0,0,1,0,24,5.7,152,6.05,Latte,10,965.37
2029-10-11,Thursday,10,Autumn,0,0,0,0,0,20,3.7,146,9.53,Latte,10,1328.76
2029-10-12,Friday,10,Autumn,0,0,0,1,0,18,4.4,177,4.55,Americano,10,988.97
2029-10-13,Saturday,10,Autumn,1,0,0,0,0,27,2.5,212,6.34,Latte,11,1414.83
2029-10-14,Sunday,10,Autumn,1,0,0,0,0,24,3.0,218,9.54,Americano,11,2004.3
2029-10-15,Monday,10,Autumn,0,0,0,0,0,27,1.1,127,6.23,Americano,10,654.56
2029-10-16,Tuesday,10,Autumn,0,0,0,0,0,30,2.5,158,5.4,Latte,10,717.9
2029-10-17,Wednesday,10,Autumn,0,0,0,0,0,27,2.4,135,7.51,Tea,10,897.91
2029-10-18,Thursday,10,Autumn,0,0,0,0,0,26,8.5,131,4.92,Sandwich,10,712.47
2029-10-19,Friday,10,Autumn,0,0,0,1,0,18,6.7,192,9.45,Americano,10,1992.97
2029-10-20,Saturday,10,Autumn,1,0,0,0,0,26,0.0,223,7.5,Mocha,11,1579.91
2029-10-21,Sunday,10,Autumn,1,0,0,0,0,28,2.7,197,4.98,Espresso,11,1050.12
2029-10-22,Monday,10,Autumn,0,0,0,0,0,23,7.7,131,6.67,Cappuccino,10,789.35
2029-10-23,Tuesday,10,Autumn,0,0,0,0,0,28,11.9,110,5.94,Latte,10,691.59
2029-10-24,Wednesday,10,Autumn,0,0,0,1,0,19,0.0,168,5.79,Latte,10,969.72
2029-10-25,Thursday,10,Autumn,0,0,0,0,0,24,2.7,113,7.42,Pastry,10,892.79
2029-10-26,Friday,10,Autumn,0,0,0,1,0,30,3.9,157,5.95,Espresso,10,1037.4
2029-10-27,Saturday,10,Autumn,1,0,0,1,0,23,1.4,268,9.27,Latte,11,2691.71
2029-10-28,Sunday,10,Autumn,1,0,0,0,0,23,0.0,229,6.91,Espresso,11,1604.37
2029-10-29,Monday,10,Autumn,0,0,0,0,0,18,0.3,152,5.66,Mocha,10,960.26
2029-10-30,Tuesday,10,Autumn,0,1,0,1,1,28,4.3,228,6.47,Pastry,10,1808.45
2029-10-31,Wednesday,10,Autumn,0,0,0,0,0,25,3.7,149,5.83,Cappuccino,10,789.31
2029-11-01,Thursday,11,Autumn,0,0,0,0,0,22,2.9,118,10.31,Pastry,10,1312.11
2029-11-02,Friday,11,Autumn,0,1,0,0,0,24,0.0,115,6.6,Americano,10,764.19
2029-11-03,Saturday,11,Autumn,1,0,0,0,0,22,3.3,182,10.34,Latte,11,1867.93
2029-11-04,Sunday,11,Autumn,1,0,0,1,0,30,2.4,248,6.82,Espresso,11,1930.27
2029-11-05,Monday,11,Autumn,0,0,0,1,0,19,2.3,187,5.79,Pastry,10,1160.87
2029-11-06,Tuesday,11,Autumn,0,0,0,0,0,25,4.0,154,9.14,Americano,10,1304.26
2029-11-07,Wednesday,11,Autumn,0,0,0,0,0,22,0.5,129,6.87,Mocha,10,863.23
2029-11-08,Thursday,11,Autumn,0,1,0,0,0,21,9.5,128,8.34,Cappuccino,10,929.3
2029-11-09,Friday,11,Autumn,0,0,0,0,1,26,5.2,195,5.53,Espresso,10,1096.78
2029-11-10,Saturday,11,Autumn,1,0,0,0,1,23,0.2,273,8.8,Mocha,11,2490.37
2029-11-11,Sunday,11,Autumn,1,0,0,0,0,25,1.1,194,9.38,Espresso,11,1694.11
2029-11-12,Monday,11,Autumn,0,0,0,0,0,29,3.6,127,10.26,Mocha,10,1382.21
2029-11-13,Tuesday,11,Autumn,0,0,0,0,1,26,5.4,164,5.42,Espresso,10,992.91
2029-11-14,Wednesday,11,Autumn,0,0,0,0,1,28,9.0,195,7.04,Americano,10,1533.83
2029-11-15,Thursday,11,Autumn,0,0,0,0,0,20,0.0,141,10.1,Cappuccino,10,1297.46
2029-11-16,Friday,11,Autumn,0,0,0,0,0,28,7.2,104,4.86,Tea,10,393.54
2029-11-17,Saturday,11,Autumn,1,0,0,0,0,20,4.5,215,10.12,Tea,11,2284.6
2029-11-18,Sunday,11,Autumn,1,0,0,0,1,26,7.0,260,9.84,Tea,11,2730.67
2029-11-19,Monday,11,Autumn,0,0,0,1,1,27,6.0,214,8.42,Pastry,10,2064.69
2029-11-20,Tuesday,11,Autumn,0,0,0,0,1,28,3.8,165,9.21,Tea,10,1668.69
2029-11-21,Wednesday,11,Autumn,0,0,0,0,0,28,3.9,120,8.38,Espresso,10,950.09
2029-11-22,Thursday,11,Autumn,0,0,0,0,0,24,8.5,148,7.1,Espresso,10,1024.85
2029-11-23,Friday,11,Autumn,0,0,0,1,0,22,6.3,166,5.24,Pastry,10,849.53
2029-11-24,Saturday,11,Autumn,1,0,0,0,0,22,4.4,225,9.66,Tea,11,2283.18
2029-11-25,Sunday,11,Autumn,1,0,0,0,0,25,1.2,187,8.94,Sandwich,11,1796.86
2029-11-26,Monday,11,Autumn,0,0,0,0,0,24,5.7,111,5.3,Latte,10,483.58
2029-11-27,Tuesday,11,Autumn,0,0,0,0,0,24,4.4,128,7.84,Pastry,10,966.21
2029-11-28,Wednesday,11,Autumn,0,0,0,0,0,25,11.1,131,8.05,Pastry,10,1117.33
2029-11-29,Thursday,11,Autumn,0,0,0,0,1,30,2.8,178,5.72,Americano,10,1142.98
2029-11-30,Friday,11,Autumn,0,0,0,1,0,21,6.6,173,9.52,Sandwich,10,1926.75
2029-12-01,Saturday,12,Winter,1,0,0,0,0,7,7.1,177,5.43,Sandwich,11,1058.23
2029-12-02,Sunday,12,Winter,1,0,0,0,0,11,0.0,228,10.08,Tea,11,2167.03
2029-12-03,Monday,12,Winter,0,0,0,1,0,17,0.0,191,6.26,Cappuccino,10,1245.27
2029-12-04,Tuesday,12,Winter,0,0,0,1,1,5,2.8,210,5.71,Sandwich,10,1436.74
2029-12-05,Wednesday,12,Winter,0,0,0,0,0,9,0.0,151,9.6,Americano,10,1381.48
2029-12-06,Thursday,12,Winter,0,0,0,0,0,10,7.5,130,5.48,Espresso,10,763.92
2029-12-07,Friday,12,Winter,0,0,0,0,0,5,5.2,111,6.55,Mocha,10,715.05
2029-12-08,Saturday,12,Winter,1,0,0,1,1,11,4.7,319,5.85,Espresso,11,2170.01
2029-12-09,Sunday,12,Winter,1,0,0,1,1,8,0.8,299,10.01,Latte,11,3536.38
2029-12-10,Monday,12,Winter,0,0,0,1,0,15,4.4,185,6.53,Americano,10,1367.53
2029-12-11,Tuesday,12,Winter,0,0,0,0,0,8,0.0,153,10.3,Tea,10,1568.66
2029-12-12,Wednesday,12,Winter,0,0,0,0,0,6,1.3,158,5.98,Latte,10,795.5
2029-12-13,Thursday,12,Winter,0,0,0,0,0,7,3.3,139,9.2,Pastry,10,1192.19
2029-12-14,Friday,12,Winter,0,0,0,0,0,17,7.2,107,8.32,Cappuccino,10,935.18
2029-12-15,Saturday,12,Winter,1,0,0,1,1,14,7.2,275,7.41,Americano,11,2240.38
2029-12-16,Sunday,12,Winter,1,1,0,0,0,11,3.4,188,7.22,Americano,11,1425.11
2029-12-17,Monday,12,Winter,0,0,0,1,0,14,0.7,171,7.78,Tea,10,1367.8
2029-12-18,Tuesday,12,Winter,0,0,0,0,0,5,4.0,147,8.65,Mocha,10,1300.35
2029-12-19,Wednesday,12,Winter,0,0,0,0,1,16,2.5,198,8.04,Mocha,10,1765.49
2029-12-20,Thursday,12,Winter,0,0,0,1,1,8,2.4,250,9.62,Americano,10,2776.75
2029-12-21,Friday,12,Winter,0,0,0,0,0,5,3.1,144,10.04,Mocha,10,1530.91
2029-12-22,Saturday,12,Winter,1,0,0,1,1,9,4.6,323,6.16,Pastry,11,2433.82
2029-12-23,Sunday,12,Winter,1,0,0,0,0,17,5.8,180,10.45,Pastry,11,1998.61
2029-12-24,Monday,12,Winter,0,0,0,0,0,14,0.4,142,9.94,Espresso,10,1403.82
2029-12-25,Tuesday,12,Winter,0,0,0,1,0,18,0.4,163,5.51,Americano,10,1065.88
2029-12-26,Wednesday,12,Winter,0,0,0,0,0,10,0.0,125,8.09,Latte,10,1119.44
2029-12-27,Thursday,12,Winter,0,0,0,1,0,5,1.6,204,6.38,Americano,10,1577.58
2029-12-28,Friday,12,Winter,0,0,0,1,0,6,4.6,151,9.56,Latte,10,1622.77
2029-12-29,Saturday,12,Winter,1,0,0,0,0,11,1.7,215,5.25,Sandwich,11,1223.31
2029-12-30,Sunday,12,Winter,1,0,0,0,0,5,2.0,230,5.99,Mocha,11,1455.0
2029-12-31,Monday,12,Winter,0,0,0,0,0,17,0.0,136,9.35,Espresso,10,1226.56
2030-01-01,Tuesday,1,Winter,0,0,0,0,1,10,7.7,179,9.65,Tea,10,1834.85
2030-01-02,Wednesday,1,Winter,0,0,0,1,0,14,0.0,192,5.57,Americano,10,1223.0
2030-01-03,Thursday,1,Winter,0,0,0,1,0,12,3.7,203,6.6,Mocha,10,1435.41
2030-01-04,Friday,1,Winter,0,0,0,0,0,5,0.1,136,5.86,Cappuccino,10,833.12
2030-01-05,Saturday,1,Winter,1,0,0,0,0,6,1.9,221,4.69,Mocha,11,1120.44
2030-01-06,Sunday,1,Winter,1,0,0,1,1,8,2.7,304,7.25,Pastry,11,2537.01
2030-01-07,Monday,1,Winter,0,0,0,0,0,8,0.0,139,7.41,Mocha,10,1021.84
2030-01-08,Tuesday,1,Winter,0,0,0,0,1,5,2.5,188,7.24,Tea,10,1503.73
2030-01-09,Wednesday,1,Winter,0,0,0,0,0,15,2.9,142,8.67,Sandwich,10,1305.61
2030-01-10,Thursday,1,Winter,0,0,0,0,0,13,6.4,113,9.95,Pastry,10,1198.63
2030-01-11,Friday,1,Winter,0,0,0,0,0,18,0.0,124,9.75,Tea,10,1146.47
2030-01-12,Saturday,1,Winter,1,0,0,1,0,12,5.9,249,9.0,Espresso,11,2549.47
2030-01-13,Sunday,1,Winter,1,0,0,1,1,9,5.4,296,4.68,Mocha,11,1466.03
2030-01-14,Monday,1,Winter,0,0,0,1,0,7,3.6,178,8.74,Mocha,10,1641.24
2030-01-15,Tuesday,1,Winter,0,0,0,0,1,7,5.5,165,7.4,Americano,10,1313.69
2030-01-16,Wednesday,1,Winter,0,0,0,0,0,5,5.7,147,10.32,Cappuccino,10,1474.08
2030-01-17,Thursday,1,Winter,0,0,0,0,1,10,5.1,177,5.12,Latte,10,962.02
2030-01-18,Friday,1,Winter,0,0,0,0,0,12,2.1,158,4.7,Tea,10,693.38
2030-01-19,Saturday,1,Winter,1,0,0,0,0,8,8.5,180,10.02,Espresso,11,1679.74
2030-01-20,Sunday,1,Winter,1,0,0,0,0,11,4.1,180,5.6,Sandwich,11,960.13
2030-01-21,Monday,1,Winter,0,0,0,1,0,10,5.9,149,5.3,Mocha,10,860.44
2030-01-22,Tuesday,1,Winter,0,0,0,0,0,5,5.6,146,7.01,Espresso,10,952.21
2030-01-23,Wednesday,1,Winter,0,0,0,1,0,12,4.2,168,9.74,Tea,10,1702.06
2030-01-24,Thursday,1,Winter,0,0,0,0,0,5,7.7,130,10.42,Americano,10,1451.1
2030-01-25,Friday,1,Winter,0,1,0,1,0,6,8.4,154,6.82,Mocha,10,1127.97
2030-01-26,Saturday,1,Winter,1,0,0,1,0,13,3.6,233,5.65,Americano,11,1328.53
2030-01-27,Sunday,1,Winter,1,0,0,1,0,13,7.4,232,7.12,Pastry,11,1901.42
2030-01-28,Monday,1,Winter,0,0,0,0,0,11,2.6,155,8.71,Cappuccino,10,1421.0
2030-01-29,Tuesday,1,Winter,0,0,0,0,0,16,1.6,158,10.46,Mocha,10,1612.42
2030-01-30,Wednesday,1,Winter,0,0,0,0,0,16,0.3,153,7.84,Cappuccino,10,1133.97
2030-01-31,Thursday,1,Winter,0,0,0,1,1,8,0.0,259,8.32,Sandwich,10,2379.3
2030-02-01,Friday,2,Winter,0,0,0,0,0,6,5.3,142,9.52,Tea,10,1373.78
2030-02-02,Saturday,2,Winter,1,0,0,0,0,12,0.0,218,10.07,Sandwich,11,2251.23
2030-02-03,Sunday,2,Winter,1,1,0,1,0,8,6.7,239,9.86,Sandwich,11,2573.66
2030-02-04,Monday,2,Winter,0,0,0,0,0,7,3.2,121,10.2,Mocha,10,1348.25
2030-02-05,Tuesday,2,Winter,0,0,0,0,0,16,2.7,142,7.6,Espresso,10,1031.17
2030-02-06,Wednesday,2,Winter,0,0,0,1,0,18,0.0,192,9.26,Latte,10,1933.91
2030-02-07,Thursday,2,Winter,0,0,0,0,0,13,0.0,142,4.55,Latte,10,670.0
2030-02-08,Friday,2,Winter,0,0,0,0,0,10,1.6,143,6.53,Latte,10,816.23
2030-02-09,Saturday,2,Winter,1,0,0,0,0,16,3.5,202,10.07,Tea,11,2111.56
2030-02-10,Sunday,2,Winter,1,0,0,1,0,5,0.0,261,4.68,Espresso,11,1258.67
2030-02-11,Monday,2,Winter,0,0,0,0,0,12,3.7,119,6.15,Pastry,10,586.0
2030-02-12,Tuesday,2,Winter,0,0,0,1,1,18,4.1,214,9.77,Tea,10,2504.83
2030-02-13,Wednesday,2,Winter,0,0,0,0,0,15,0.0,150,5.76,Tea,10,955.31
2030-02-14,Thursday,2,Winter,0,0,0,1,0,13,2.6,203,6.71,Latte,10,1556.03
2030-02-15,Friday,2,Winter,0,0,0,0,0,7,8.0,109,7.28,Cappuccino,10,693.13
2030-02-16,Saturday,2,Winter,1,0,0,0,1,7,5.4,256,8.75,Tea,11,2388.08
2030-02-17,Sunday,2,Winter,1,0,0,1,0,18,1.8,274,8.59,Latte,11,2618.99
2030-02-18,Monday,2,Winter,0,0,0,0,1,12,6.1,182,9.98,Cappuccino,10,1963.93
2030-02-19,Tuesday,2,Winter,0,0,0,0,0,14,0.0,115,8.78,Pastry,10,927.0
2030-02-20,Wednesday,2,Winter,0,0,0,0,1,9,3.7,186,5.85,Espresso,10,1221.66
2030-02-21,Thursday,2,Winter,0,0,0,0,0,9,2.8,147,7.02,Mocha,10,1023.76
2030-02-22,Friday,2,Winter,0,0,0,0,0,12,7.2,134,9.42,Pastry,10,1410.91
2030-02-23,Saturday,2,Winter,1,0,0,0,0,6,0.7,196,7.06,Cappuccino,11,1506.44
2030-02-24,Sunday,2,Winter,1,0,0,0,0,12,3.9,195,4.67,Mocha,11,1016.85
2030-02-25,Monday,2,Winter,0,0,0,0,0,16,2.6,130,9.13,Americano,10,1301.66
2030-02-26,Tuesday,2,Winter,0,0,0,0,1,12,0.6,210,5.48,Americano,10,1096.06
2030-02-27,Wednesday,2,Winter,0,1,0,0,1,9,0.0,175,8.75,Cappuccino,10,1636.83
2030-02-28,Thursday,2,Winter,0,0,0,0,0,17,3.0,112,8.96,Cappuccino,10,965.99
2030-03-01,Friday,3,Spring,0,0,1,0,1,20,0.0,202,5.6,Cappuccino,10,1056.87
2030-03-02,Saturday,3,Spring,1,0,1,0,0,30,0.0,182,10.26,Tea,11,1821.7
2030-03-03,Sunday,3,Spring,1,0,1,0,0,18,0.0,209,7.67,Sandwich,11,1504.39
2030-03-04,Monday,3,Spring,0,0,1,0,0,19,4.2,116,7.35,Tea,10,874.49
2030-03-05,Tuesday,3,Spring,0,0,0,0,1,29,3.9,177,5.04,Mocha,10,877.47
2030-03-06,Wednesday,3,Spring,0,0,0,0,0,26,4.5,129,4.7,Cappuccino,10,622.67
2030-03-07,Thursday,3,Spring,0,0,1,0,1,22,1.7,155,8.18,Mocha,10,1477.8
2030-03-08,Friday,3,Spring,0,0,1,0,0,18,2.2,125,9.34,Espresso,10,1187.08
2030-03-09,Saturday,3,Spring,1,0,0,0,1,27,4.1,279,4.97,Cappuccino,11,1393.93
2030-03-10,Sunday,3,Spring,1,0,1,0,1,30,6.1,213,10.28,Cappuccino,11,2442.31
2030-03-11,Monday,3,Spring,0,0,1,0,0,25,3.8,118,9.49,Mocha,10,1151.56
2030-03-12,Tuesday,3,Spring,0,0,0,0,0,29,4.4,143,5.92,Americano,10,933.69
2030-03-13,Wednesday,3,Spring,0,0,1,0,0,26,0.0,132,9.96,Sandwich,10,1417.32
2030-03-14,Thursday,3,Spring,0,0,0,1,1,28,1.2,241,8.68,Cappuccino,10,2438.82
2030-03-15,Friday,3,Spring,0,0,1,0,0,25,3.8,105,9.31,Mocha,10,1004.38
2030-03-16,Saturday,3,Spring,1,0,1,1,0,25,0.8,257,4.69,Mocha,11,1237.03
2030-03-17,Sunday,3,Spring,1,0,1,0,0,23,1.5,206,9.74,Americano,11,2060.93
2030-03-18,Monday,3,Spring,0,0,0,0,0,23,7.0,146,8.11,Americano,10,1218.91
2030-03-19,Tuesday,3,Spring,0,1,0,1,1,20,1.7,205,8.21,Mocha,10,1868.88
2030-03-20,Wednesday,3,Spring,0,0,0,0,0,18,5.3,147,7.25,Latte,10,1006.86
2030-03-21,Thursday,3,Spring,0,0,1,0,0,20,7.2,91,6.9,Tea,10,721.18
2030-03-22,Friday,3,Spring,0,0,0,0,0,19,5.0,137,5.33,Americano,10,581.43
2030-03-23,Saturday,3,Spring,1,0,1,0,0,28,10.0,196,8.46,Sandwich,11,1468.84
2030-03-24,Sunday,3,Spring,1,0,0,0,0,30,1.5,187,5.03,Americano,11,1048.31
2030-03-25,Monday,3,Spring,0,0,0,1,0,28,1.9,190,5.33,Americano,10,1143.97
2030-03-26,Tuesday,3,Spring,0,0,1,1,0,24,4.7,152,7.59,Americano,10,1310.58
2030-03-27,Wednesday,3,Spring,0,0,0,0,1,21,10.5,167,9.24,Americano,10,1653.91
2030-03-28,Thursday,3,Spring,0,0,1,0,0,30,0.0,107,7.35,Sandwich,10,891.78
2030-03-29,Friday,3,Spring,0,0,1,0,0,21,1.9,128,10.05,Pastry,10,1356.69
2030-03-30,Saturday,3,Spring,1,0,0,0,0,24,0.1,201,8.04,Mocha,11,1668.55
2030-03-31,Sunday,3,Spring,1,0,1,1,0,22,2.2,260,6.72,Tea,11,2008.52
2030-04-01,Monday,4,Spring,0,0,1,1,1,26,0.2,201,9.12,Sandwich,10,2045.59
2030-04-02,Tuesday,4,Spring,0,0,1,1,0,28,6.5,161,6.79,Sandwich,10,1124.57
2030-04-03,Wednesday,4,Spring,0,0,1,1,0,29,4.1,161,6.22,Mocha,10,1023.35
2030-04-04,Thursday,4,Spring,0,0,0,1,0,26,1.5,198,9.91,Americano,10,2036.45
2030-04-05,Friday,4,Spring,0,0,0,0,0,22,5.8,126,7.87,Latte,10,1073.27
2030-04-06,Saturday,4,Spring,1,0,1,1,0,30,4.6,224,6.78,Tea,11,1738.11
2030-04-07,Sunday,4,Spring,1,0,1,0,0,24,2.4,207,5.64,Americano,11,1287.85
2030-04-08,Monday,4,Spring,0,0,0,1,0,26,0.0,189,6.46,Espresso,10,1231.23
2030-04-09,Tuesday,4,Spring,0,0,1,1,0,28,0.5,179,6.16,Pastry,10,1148.97
2030-04-10,Wednesday,4,Spring,0,0,0,1,0,28,9.2,182,5.97,Sandwich,10,1158.15
2030-04-11,Thursday,4,Spring,0,0,0,1,0,28,0.0,208,5.85,Pastry,10,1322.75
2030-04-12,Friday,4,Spring,0,0,0,0,0,19,2.5,143,5.95,Pastry,10,782.37
2030-04-13,Saturday,4,Spring,1,0,1,0,0,27,6.7,203,5.27,Tea,11,1154.07
2030-04-14,Sunday,4,Spring,1,0,0,1,0,22,0.2,254,9.8,Pastry,11,2703.58
2030-04-15,Monday,4,Spring,0,0,1,0,0,24,0.0,119,9.38,Tea,10,1214.76
2030-04-16,Tuesday,4,Spring,0,0,1,0,0,21,2.7,143,8.4,Americano,10,1217.69
2030-04-17,Wednesday,4,Spring,0,0,1,0,0,30,1.3,143,10.27,Latte,10,1501.54
2030-04-18,Thursday,4,Spring,0,0,1,0,0,30,0.7,135,5.48,Pastry,10,742.37
2030-04-19,Friday,4,Spring,0,0,0,0,0,23,3.5,112,6.38,Cappuccino,10,704.9
2030-04-20,Saturday,4,Spring,1,0,1,1,0,25,6.1,249,4.57,Americano,11,1243.5
2030-04-21,Sunday,4,Spring,1,0,1,1,0,21,0.0,262,6.79,Latte,11,1909.29
2030-04-22,Monday,4,Spring,0,0,1,0,0,28,2.5,103,5.97,Sandwich,10,752.44
2030-04-23,Tuesday,4,Spring,0,0,1,0,0,23,0.0,139,8.8,Latte,10,1326.99
2030-04-24,Wednesday,4,Spring,0,0,0,0,0,30,7.2,150,9.82,Cappuccino,10,1552.97
2030-04-25,Thursday,4,Spring,0,0,1,1,0,21,4.5,171,6.5,Mocha,10,1085.28
2030-04-26,Friday,4,Spring,0,0,0,0,0,29,2.3,113,5.69,Espresso,10,544.19
2030-04-27,Saturday,4,Spring,1,0,1,1,0,18,7.0,241,9.79,Mocha,11,2509.84
2030-04-28,Sunday,4,Spring,1,0,1,0,0,23,0.8,207,4.61,Pastry,11,1061.19
2030-04-29,Monday,4,Spring,0,0,0,0,0,24,5.3,155,5.78,Latte,10,985.78
2030-04-30,Tuesday,4,Spring,0,0,1,0,0,18,3.9,111,5.59,Espresso,10,742.17
2030-05-01,Wednesday,5,Spring,0,0,0,0,0,30,6.5,135,7.5,Pastry,10,948.25
2030-05-02,Thursday,5,Spring,0,0,0,0,0,26,1.5,124,4.92,Sandwich,10,580.06
2030-05-03,Friday,5,Spring,0,0,0,0,0,19,1.7,148,8.78,Mocha,10,1272.04
2030-05-04,Saturday,5,Spring,1,0,0,1,0,20,4.4,241,5.5,Sandwich,11,1532.58
2030-05-05,Sunday,5,Spring,1,0,0,0,0,18,5.2,188,9.65,Espresso,11,1796.5
2030-05-06,Monday,5,Spring,0,0,0,0,0,25,5.8,122,5.38,Cappuccino,10,548.17
2030-05-07,Tuesday,5,Spring,0,0,0,0,1,19,2.0,172,4.79,Americano,10,1007.64
2030-05-08,Wednesday,5,Spring,0,0,0,1,0,20,5.9,193,8.28,Espresso,10,1850.25
2030-05-09,Thursday,5,Spring,0,0,0,0,0,21,6.2,128,8.55,Tea,10,1133.24
2030-05-10,Friday,5,Spring,0,0,0,0,1,29,0.1,204,9.82,Latte,10,2069.37
2030-05-11,Saturday,5,Spring,1,0,0,0,0,27,4.8,201,4.52,Mocha,11,796.99
2030-05-12,Sunday,5,Spring,1,0,0,1,0,26,5.4,256,9.07,Cappuccino,11,2437.21
2030-05-13,Monday,5,Spring,0,0,0,0,0,28,2.4,117,5.82,Pastry,10,584.45
2030-05-14,Tuesday,5,Spring,0,0,0,1,0,19,2.5,187,8.99,Pastry,10,1908.53
2030-05-15,Wednesday,5,Spring,0,0,0,1,0,28,3.6,178,6.76,Cappuccino,10,1303.08
2030-05-16,Thursday,5,Spring,0,0,0,0,0,27,5.2,146,8.47,Mocha,10,1092.28
2030-05-17,Friday,5,Spring,0,0,0,1,0,19,2.4,168,5.41,Espresso,10,943.64
2030-05-18,Saturday,5,Spring,1,0,0,0,0,23,3.2,229,6.42,Latte,11,1338.74
2030-05-19,Sunday,5,Spring,1,0,0,0,0,26,4.5,214,9.67,Americano,11,2060.03
2030-05-20,Monday,5,Spring,0,0,0,1,0,20,0.9,197,6.31,Sandwich,10,1440.79
2030-05-21,Tuesday,5,Spring,0,0,0,0,0,26,4.8,139,4.99,Cappuccino,10,664.69
2030-05-22,Wednesday,5,Spring,0,0,0,0,0,26,0.0,125,7.49,Cappuccino,10,1000.13
2030-05-23,Thursday,5,Spring,0,0,0,0,0,30,5.4,130,9.02,Cappuccino,10,1123.48
2030-05-24,Friday,5,Spring,0,0,0,0,0,20,1.1,132,9.53,Americano,10,1120.06
2030-05-25,Saturday,5,Spring,1,0,0,1,0,29,7.2,261,7.74,Sandwich,11,2291.24
2030-05-26,Sunday,5,Spring,1,0,0,0,0,24,1.3,185,9.83,Mocha,11,1893.65
2030-05-27,Monday,5,Spring,0,0,0,0,0,26,3.2,115,4.52,Sandwich,10,469.39
2030-05-28,Tuesday,5,Spring,0,0,0,1,0,20,1.7,157,9.19,Sandwich,10,1681.66
2030-05-29,Wednesday,5,Spring,0,0,0,0,0,28,0.0,139,10.38,Espresso,10,1392.61
2030-05-30,Thursday,5,Spring,0,0,0,0,0,30,4.5,147,7.97,Sandwich,10,1152.7
2030-05-31,Friday,5,Spring,0,0,0,0,0,30,0.0,150,5.61,Latte,10,959.17
2030-06-01,Saturday,6,Summer,1,0,0,0,0,28,0.0,188,5.03,Tea,11,1032.28
2030-06-02,Sunday,6,Summer,1,0,0,1,0,29,0.4,252,7.61,Sandwich,11,2159.02
2030-06-03,Monday,6,Summer,0,0,0,0,0,37,2.2,141,4.89,Americano,10,794.1
2030-06-04,Tuesday,6,Summer,0,0,0,1,0,38,0.0,199,4.85,Latte,10,1111.74
2030-06-05,Wednesday,6,Summer,0,0,0,0,1,38,0.0,178,9.7,Mocha,10,1669.74
2030-06-06,Thursday,6,Summer,0,0,0,0,0,38,2.7,112,4.69,Tea,10,554.42
2030-06-07,Friday,6,Summer,0,0,0,0,1,40,1.5,217,10.29,Espresso,10,2335.73
2030-06-08,Saturday,6,Summer,1,0,0,0,0,32,0.0,202,8.96,Espresso,11,1672.45
2030-06-09,Sunday,6,Summer,1,0,0,0,1,35,2.8,246,7.11,Pastry,11,1837.1
2030-06-10,Monday,6,Summer,0,0,0,0,0,39,0.9,148,7.25,Pastry,10,962.22
2030-06-11,Tuesday,6,Summer,0,0,0,1,0,38,2.0,190,8.34,Espresso,10,1714.45
2030-06-12,Wednesday,6,Summer,0,0,0,0,0,39,0.0,117,5.06,Cappuccino,10,448.91
2030-06-13,Thursday,6,Summer,0,0,0,1,0,41,0.0,201,4.82,Cappuccino,10,988.28
2030-06-14,Friday,6,Summer,0,0,0,1,0,37,0.9,159,6.39,Tea,10,1101.34
2030-06-15,Saturday,6,Summer,1,0,0,0,1,38,0.0,253,6.66,Tea,11,1629.45
2030-06-16,Sunday,6,Summer,1,0,0,0,0,36,0.0,205,7.57,Latte,11,1686.0
2030-06-17,Monday,6,Summer,0,0,0,0,0,31,3.5,146,9.3,Espresso,10,1320.13
2030-06-18,Tuesday,6,Summer,0,0,0,0,0,34,3.2,122,4.57,Sandwich,10,599.47
2030-06-19,Wednesday,6,Summer,0,0,0,1,0,29,3.2,157,5.84,Pastry,10,1045.64
2030-06-20,Thursday,6,Summer,0,0,0,0,0,36,0.0,142,9.04,Sandwich,10,1176.57
2030-06-21,Friday,6,Summer,0,0,0,1,1,34,0.0,249,5.45,Espresso,10,1621.67
2030-06-22,Saturday,6,Summer,1,0,0,0,0,30,0.0,203,6.49,Espresso,11,1397.62
2030-06-23,Sunday,6,Summer,1,0,0,1,0,32,6.8,246,10.05,Espresso,11,2679.33
2030-06-24,Monday,6,Summer,0,0,0,1,0,39,0.0,178,7.46,Cappuccino,10,1378.37
2030-06-25,Tuesday,6,Summer,0,0,0,0,0,35,1.7,133,8.79,Espresso,10,1057.59
2030-06-26,Wednesday,6,Summer,0,0,0,0,0,32,2.1,115,6.52,Sandwich,10,614.71
2030-06-27,Thursday,6,Summer,0,0,0,0,0,30,3.5,118,6.29,Espresso,10,601.14
2030-06-28,Friday,6,Summer,0,1,0,0,0,33,0.0,142,5.19,Sandwich,10,802.93
2030-06-29,Saturday,6,Summer,1,0,0,1,0,39,3.8,224,8.44,Cappuccino,11,2047.78
2030-06-30,Sunday,6,Summer,1,0,0,0,0,31,0.0,206,8.56,Latte,11,1698.3
2030-07-01,Monday,7,Summer,0,0,0,0,0,36,2.5,111,8.76,Mocha,10,1027.85
2030-07-02,Tuesday,7,Summer,0,0,0,1,0,38,3.3,159,8.93,Espresso,10,1643.95
2030-07-03,Wednesday,7,Summer,0,0,0,1,0,38,0.0,209,8.76,Americano,10,2055.16
2030-07-04,Thursday,7,Summer,0,0,0,0,0,36,0.0,149,8.62,Latte,10,1159.82
2030-07-05,Friday,7,Summer,0,0,0,0,1,42,1.8,178,5.33,Latte,10,883.67
2030-07-06,Saturday,7,Summer,1,0,0,0,0,36,2.5,202,9.2,Mocha,11,1842.09
2030-07-07,Sunday,7,Summer,1,0,0,0,0,35,0.0,199,4.77,Cappuccino,11,952.11
2030-07-08,Monday,7,Summer,0,0,0,0,0,40,4.3,157,9.29,Mocha,10,1344.16
2030-07-09,Tuesday,7,Summer,0,0,0,0,0,37,1.8,145,4.59,Americano,10,811.87
2030-07-10,Wednesday,7,Summer,0,0,0,1,0,41,0.0,210,8.2,Sandwich,10,1852.87
2030-07-11,Thursday,7,Summer,0,0,0,0,0,28,3.0,129,9.22,Espresso,10,1222.42
2030-07-12,Friday,7,Summer,0,0,0,0,1,39,0.0,219,7.87,Americano,10,1846.95
2030-07-13,Saturday,7,Summer,1,0,0,0,0,39,2.0,193,5.24,Tea,11,881.44
2030-07-14,Sunday,7,Summer,1,0,0,0,0,41,0.0,187,9.48,Tea,11,1896.11
2030-07-15,Monday,7,Summer,0,0,0,0,0,30,0.0,147,8.82,Pastry,10,1252.45
2030-07-16,Tuesday,7,Summer,0,0,0,1,0,36,4.1,193,7.32,Tea,10,1662.11
2030-07-17,Wednesday,7,Summer,0,0,0,1,0,38,0.0,177,8.3,Americano,10,1709.41
2030-07-18,Thursday,7,Summer,0,0,0,0,0,42,7.3,148,9.03,Pastry,10,1364.84
2030-07-19,Friday,7,Summer,0,0,0,0,0,34,2.3,158,5.74,Americano,10,798.13
2030-07-20,Saturday,7,Summer,1,0,0,0,1,42,0.0,287,7.35,Tea,11,2290.21
2030-07-21,Sunday,7,Summer,1,0,0,1,0,39,0.0,242,9.89,Sandwich,11,2623.96
2030-07-22,Monday,7,Summer,0,0,0,0,0,37,3.2,151,8.27,Espresso,10,1310.85
2030-07-23,Tuesday,7,Summer,0,0,0,0,1,38,0.0,182,5.81,Cappuccino,10,1048.8
2030-07-24,Wednesday,7,Summer,0,0,0,0,0,29,2.9,151,7.34,Latte,10,1232.53
2030-07-25,Thursday,7,Summer,0,0,0,0,0,42,7.0,117,9.16,Cappuccino,10,960.0
2030-07-26,Friday,7,Summer,0,0,0,1,0,33,0.1,205,8.84,Pastry,10,2103.63
2030-07-27,Saturday,7,Summer,1,0,0,0,0,32,0.0,235,4.63,Sandwich,11,1083.57
2030-07-28,Sunday,7,Summer,1,0,0,0,0,36,3.5,190,5.55,Americano,11,1088.84
2030-07-29,Monday,7,Summer,0,0,0,0,0,30,0.0,165,6.22,Latte,10,889.83
2030-07-30,Tuesday,7,Summer,0,0,0,0,1,36,0.0,196,5.93,Americano,10,1105.04
2030-07-31,Wednesday,7,Summer,0,0,0,0,0,30,4.9,138,6.1,Mocha,10,929.12
2030-08-01,Thursday,8,Summer,0,0,0,1,0,37,4.9,194,7.39,Cappuccino,10,1554.57
2030-08-02,Friday,8,Summer,0,0,0,0,0,36,3.7,140,5.74,Sandwich,10,822.19
2030-08-03,Saturday,8,Summer,1,0,0,0,0,33,6.3,186,4.87,Mocha,11,1005.22
2030-08-04,Sunday,8,Summer,1,0,0,1,0,32,0.0,234,9.37,Latte,11,2432.5
2030-08-05,Monday,8,Summer,0,0,0,1,0,33,0.0,170,8.96,Espresso,10,1730.97
2030-08-06,Tuesday,8,Summer,0,0,0,0,0,40,3.0,138,10.24,Espresso,10,1353.84
2030-08-07,Wednesday,8,Summer,0,0,0,0,0,38,2.4,151,4.99,Tea,10,670.35
2030-08-08,Thursday,8,Summer,0,0,0,0,0,31,0.2,158,5.56,Sandwich,10,820.95
2030-08-09,Friday,8,Summer,0,0,0,0,0,41,0.0,143,5.06,Tea,10,807.51
2030-08-10,Saturday,8,Summer,1,0,0,0,0,31,5.5,188,10.33,Espresso,11,2025.88
2030-08-11,Sunday,8,Summer,1,0,0,0,0,32,1.4,189,4.65,Tea,11,812.46
2030-08-12,Monday,8,Summer,0,0,0,0,0,40,2.1,113,10.17,Mocha,10,1050.61
2030-08-13,Tuesday,8,Summer,0,0,0,1,0,42,0.0,188,8.71,Cappuccino,10,1832.1
2030-08-14,Wednesday,8,Summer,0,0,0,0,0,35,5.0,150,8.48,Cappuccino,10,1137.17
2030-08-15,Thursday,8,Summer,0,0,0,1,0,31,0.0,168,6.73,Espresso,10,1106.99
2030-08-16,Friday,8,Summer,0,0,0,0,0,41,1.8,151,5.5,Cappuccino,10,931.55
2030-08-17,Saturday,8,Summer,1,0,0,1,0,39,0.0,243,7.04,Cappuccino,11,1903.01
2030-08-18,Sunday,8,Summer,1,0,0,0,0,34,6.7,174,7.95,Sandwich,11,1309.07
2030-08-19,Monday,8,Summer,0,0,0,0,0,31,0.0,143,7.79,Americano,10,1109.17
2030-08-20,Tuesday,8,Summer,0,0,0,1,0,29,2.4,169,9.69,Espresso,10,1843.42
2030-08-21,Wednesday,8,Summer,0,0,0,1,0,42,0.0,186,10.2,Tea,10,1954.16
2030-08-22,Thursday,8,Summer,0,0,0,1,0,34,1.8,199,5.82,Espresso,10,1379.18
2030-08-23,Friday,8,Summer,0,0,0,0,0,36,0.0,147,5.09,Cappuccino,10,599.96
2030-08-24,Saturday,8,Summer,1,0,0,0,1,39,0.0,254,8.66,Pastry,11,2254.09
2030-08-25,Sunday,8,Summer,1,0,0,0,0,42,1.0,228,5.2,Pastry,11,1073.94
2030-08-26,Monday,8,Summer,0,0,0,0,1,29,1.0,207,8.14,Latte,10,1628.97
2030-08-27,Tuesday,8,Summer,0,0,0,1,0,28,0.0,197,9.79,Tea,10,2196.97
2030-08-28,Wednesday,8,Summer,0,0,0,0,0,33,1.0,128,8.86,Espresso,10,1006.98
2030-08-29,Thursday,8,Summer,0,0,0,0,1,33,3.5,185,6.04,Tea,10,1183.37
2030-08-30,Friday,8,Summer,0,0,0,0,0,40,0.0,134,7.99,Mocha,10,1183.27
2030-08-31,Saturday,8,Summer,1,0,0,0,0,39,0.4,205,8.4,Latte,11,1838.14
2030-09-01,Sunday,9,Autumn,1,0,0,0,0,25,5.2,214,7.75,Cappuccino,11,1751.65
2030-09-02,Monday,9,Autumn,0,0,0,0,0,20,5.3,136,5.89,Latte,10,834.19
2030-09-03,Tuesday,9,Autumn,0,0,0,1,0,19,1.3,205,8.94,Americano,10,1917.8
2030-09-04,Wednesday,9,Autumn,0,0,0,1,0,28,9.4,164,6.14,Mocha,10,1082.01
2030-09-05,Thursday,9,Autumn,0,0,0,1,0,20,4.6,157,10.22,Cappuccino,10,1630.91
2030-09-06,Friday,9,Autumn,0,0,0,1,0,26,0.0,179,8.16,Mocha,10,1711.17
2030-09-07,Saturday,9,Autumn,1,0,0,0,0,18,1.7,217,6.81,Americano,11,1567.62
2030-09-08,Sunday,9,Autumn,1,0,0,0,1,19,2.3,260,7.87,Mocha,11,2061.26
2030-09-09,Monday,9,Autumn,0,0,0,0,0,18,1.1,131,8.29,Americano,10,1187.04
2030-09-10,Tuesday,9,Autumn,0,0,0,1,1,30,1.2,232,8.72,Espresso,10,2392.64
2030-09-11,Wednesday,9,Autumn,0,0,0,0,0,25,2.5,134,8.83,Cappuccino,10,1070.7
2030-09-12,Thursday,9,Autumn,0,0,0,0,0,21,5.1,129,8.05,Espresso,10,1096.85
2030-09-13,Friday,9,Autumn,0,0,0,1,1,20,9.1,209,7.44,Pastry,10,1842.98
2030-09-14,Saturday,9,Autumn,1,0,0,1,0,21,4.8,231,7.66,Tea,11,1940.05
2030-09-15,Sunday,9,Autumn,1,0,0,0,0,22,0.0,186,6.41,Americano,11,1320.68
2030-09-16,Monday,9,Autumn,0,0,0,0,0,18,0.0,162,8.23,Mocha,10,1230.72
2030-09-17,Tuesday,9,Autumn,0,0,0,0,0,29,0.0,134,6.56,Pastry,10,929.27
2030-09-18,Wednesday,9,Autumn,0,0,0,1,0,28,3.2,159,7.66,Sandwich,10,1476.52
2030-09-19,Thursday,9,Autumn,0,0,0,0,1,23,3.1,164,9.78,Espresso,10,1682.45
2030-09-20,Friday,9,Autumn,0,0,0,1,0,21,4.8,155,4.8,Espresso,10,772.49
2030-09-21,Saturday,9,Autumn,1,0,0,0,0,29,0.0,233,8.15,Cappuccino,11,1916.37
2030-09-22,Sunday,9,Autumn,1,0,0,0,0,30,3.2,215,8.87,Espresso,11,2012.98
2030-09-23,Monday,9,Autumn,0,0,0,1,0,19,2.4,180,9.26,Mocha,10,1877.88
2030-09-24,Tuesday,9,Autumn,0,0,0,0,0,24,5.2,119,6.72,Cappuccino,10,808.35
2030-09-25,Wednesday,9,Autumn,0,0,0,0,0,22,0.0,144,8.07,Pastry,10,1058.69
2030-09-26,Thursday,9,Autumn,0,0,0,0,1,20,3.0,173,7.52,Tea,10,1283.25
2030-09-27,Friday,9,Autumn,0,0,0,0,0,22,8.9,114,6.08,Americano,10,585.26
2030-09-28,Saturday,9,Autumn,1,0,0,1,0,18,4.0,223,6.74,Espresso,11,1649.16
2030-09-29,Sunday,9,Autumn,1,0,0,0,0,23,0.0,221,5.58,Cappuccino,11,1140.38
2030-09-30,Monday,9,Autumn,0,0,0,0,0,23,6.3,138,7.27,Mocha,10,862.68
2030-10-01,Tuesday,10,Autumn,0,0,0,1,0,19,1.7,167,6.62,Espresso,10,1258.54
2030-10-02,Wednesday,10,Autumn,0,0,0,0,0,25,6.9,126,4.96,Latte,10,575.32
2030-10-03,Thursday,10,Autumn,0,0,0,0,1,30,0.0,214,7.22,Tea,10,1706.01
2030-10-04,Friday,10,Autumn,0,0,0,0,0,26,6.8,108,7.6,Espresso,10,727.83
2030-10-05,Saturday,10,Autumn,1,0,0,0,0,25,4.8,204,5.19,Sandwich,11,1071.31
2030-10-06,Sunday,10,Autumn,1,0,0,0,0,19,3.5,190,9.94,Latte,11,1938.17
2030-10-07,Monday,10,Autumn,0,0,0,1,0,30,6.3,197,7.71,Cappuccino,10,1574.84
2030-10-08,Tuesday,10,Autumn,0,0,0,0,1,24,1.8,175,7.59,Cappuccino,10,1522.92
2030-10-09,Wednesday,10,Autumn,0,0,0,0,0,28,4.1,110,5.58,Cappuccino,10,586.09
2030-10-10,Thursday,10,Autumn,0,0,0,0,0,28,3.4,126,7.32,Tea,10,886.95
2030-10-11,Friday,10,Autumn,0,0,0,1,0,27,2.0,181,7.2,Tea,10,1363.3
2030-10-12,Saturday,10,Autumn,1,0,0,0,0,24,9.1,171,6.89,Sandwich,11,1206.08
2030-10-13,Sunday,10,Autumn,1,0,0,1,0,26,5.8,237,7.37,Sandwich,11,1903.99
2030-10-14,Monday,10,Autumn,0,0,0,0,0,24,4.1,111,5.01,Sandwich,10,691.39
2030-10-15,Tuesday,10,Autumn,0,0,0,1,0,29,2.7,185,7.85,Latte,10,1589.07
2030-10-16,Wednesday,10,Autumn,0,0,0,0,0,22,6.2,139,5.03,Cappuccino,10,796.94
2030-10-17,Thursday,10,Autumn,0,0,0,0,0,22,6.9,110,7.12,Tea,10,802.28
2030-10-18,Friday,10,Autumn,0,0,0,1,1,29,3.7,258,7.57,Espresso,10,2256.07
2030-10-19,Saturday,10,Autumn,1,0,0,0,0,20,1.5,228,8.39,Espresso,11,1994.2
2030-10-20,Sunday,10,Autumn,1,0,0,0,0,27,3.8,224,8.63,Americano,11,1872.89
2030-10-21,Monday,10,Autumn,0,0,0,1,0,19,0.0,188,9.85,Cappuccino,10,1908.17
2030-10-22,Tuesday,10,Autumn,0,0,0,0,0,22,5.0,105,4.66,Espresso,10,557.38
2030-10-23,Wednesday,10,Autumn,0,0,0,0,0,18,0.0,159,6.8,Cappuccino,10,996.06
2030-10-24,Thursday,10,Autumn,0,0,0,0,0,18,1.1,139,6.49,Mocha,10,955.21
2030-10-25,Friday,10,Autumn,0,0,0,0,1,25,0.0,198,7.93,Cappuccino,10,1734.16
2030-10-26,Saturday,10,Autumn,1,0,0,0,0,28,2.6,207,10.11,Sandwich,11,1946.82
2030-10-27,Sunday,10,Autumn,1,0,0,0,0,23,0.1,227,5.34,Mocha,11,1309.53
2030-10-28,Monday,10,Autumn,0,0,0,1,0,26,4.9,157,4.55,Sandwich,10,768.0
2030-10-29,Tuesday,10,Autumn,0,0,0,0,0,26,4.1,129,7.46,Sandwich,10,1059.29
2030-10-30,Wednesday,10,Autumn,0,0,0,0,0,19,1.4,116,6.82,Espresso,10,720.78
2030-10-31,Thursday,10,Autumn,0,0,0,1,0,27,0.3,172,6.34,Pastry,10,1208.86
2030-11-01,Friday,11,Autumn,0,0,0,0,0,18,1.6,159,9.02,Pastry,10,1467.24
2030-11-02,Saturday,11,Autumn,1,0,0,0,0,20,4.3,180,9.69,Sandwich,11,1815.06
2030-11-03,Sunday,11,Autumn,1,0,0,0,0,30,0.4,232,8.89,Latte,11,1994.21
2030-11-04,Monday,11,Autumn,0,0,0,0,0,29,7.7,146,6.38,Latte,10,1073.39
2030-11-05,Tuesday,11,Autumn,0,0,0,0,0,19,5.0,133,10.01,Pastry,10,1372.99
2030-11-06,Wednesday,11,Autumn,0,0,0,1,0,27,3.0,159,5.48,Latte,10,913.37
2030-11-07,Thursday,11,Autumn,0,0,0,0,0,26,6.1,103,10.15,Mocha,10,969.0
2030-11-08,Friday,11,Autumn,0,0,0,1,0,25,5.7,157,8.23,Latte,10,1395.98
2030-11-09,Saturday,11,Autumn,1,0,0,1,0,20,3.4,248,8.32,Americano,11,2162.44
2030-11-10,Sunday,11,Autumn,1,0,0,1,0,29,4.3,247,9.76,Americano,11,2614.91
2030-11-11,Monday,11,Autumn,0,0,0,0,0,24,0.9,140,5.94,Sandwich,10,739.28
2030-11-12,Tuesday,11,Autumn,0,0,0,0,0,24,2.8,160,5.8,Americano,10,791.1
2030-11-13,Wednesday,11,Autumn,0,0,0,0,0,27,3.1,120,7.54,Cappuccino,10,1005.26
2030-11-14,Thursday,11,Autumn,0,0,0,0,1,18,1.2,169,10.28,Tea,10,1839.85
2030-11-15,Friday,11,Autumn,0,0,0,0,0,27,0.0,118,7.61,Sandwich,10,1031.15
2030-11-16,Saturday,11,Autumn,1,0,0,0,0,30,3.2,219,8.77,Cappuccino,11,1950.54
2030-11-17,Sunday,11,Autumn,1,0,0,0,0,18,3.8,217,4.59,Espresso,11,1026.93
2030-11-18,Monday,11,Autumn,0,0,0,0,0,26,7.2,112,9.58,Tea,10,1037.34
2030-11-19,Tuesday,11,Autumn,0,0,0,1,0,30,3.0,201,5.46,Tea,10,1322.02
2030-11-20,Wednesday,11,Autumn,0,0,0,1,0,19,5.4,179,7.53,Latte,10,1429.34
2030-11-21,Thursday,11,Autumn,0,0,0,0,0,29,11.1,141,9.03,Pastry,10,1274.92
2030-11-22,Friday,11,Autumn,0,0,0,1,0,25,4.4,158,10.41,Latte,10,1728.92
2030-11-23,Saturday,11,Autumn,1,0,0,0,0,29,5.1,211,4.93,Sandwich,11,1053.03
2030-11-24,Sunday,11,Autumn,1,0,0,0,0,23,0.7,225,10.16,Sandwich,11,2239.61
2030-11-25,Monday,11,Autumn,0,0,0,0,1,25,3.7,170,7.01,Pastry,10,1201.69
2030-11-26,Tuesday,11,Autumn,0,0,0,0,0,27,0.5,137,7.44,Cappuccino,10,932.71
2030-11-27,Wednesday,11,Autumn,0,0,0,1,0,18,1.7,188,9.91,Latte,10,1989.3
2030-11-28,Thursday,11,Autumn,0,0,0,0,0,30,2.1,155,9.26,Pastry,10,1555.59
2030-11-29,Friday,11,Autumn,0,0,0,0,1,27,7.3,173,6.64,Tea,10,1201.61
2030-11-30,Saturday,11,Autumn,1,0,0,1,0,20,5.5,242,9.78,Latte,11,2677.59
2030-12-01,Sunday,12,Winter,1,0,0,0,0,6,4.5,207,7.2,Latte,11,1500.88
2030-12-02,Monday,12,Winter,0,0,0,1,0,14,0.4,193,8.44,Sandwich,10,1826.23
2030-12-03,Tuesday,12,Winter,0,0,0,1,0,18,1.3,164,10.36,Espresso,10,1924.6
2030-12-04,Wednesday,12,Winter,0,0,0,1,0,7,0.0,176,6.41,Cappuccino,10,1354.25
2030-12-05,Thursday,12,Winter,0,0,0,1,0,8,0.0,170,6.61,Latte,10,1311.0
2030-12-06,Friday,12,Winter,0,0,0,1,0,9,1.5,162,9.27,Tea,10,1711.41
2030-12-07,Saturday,12,Winter,1,0,0,0,0,17,1.7,196,9.97,Latte,11,1906.8
2030-12-08,Sunday,12,Winter,1,0,0,1,0,13,0.0,265,5.16,Latte,11,1653.43
2030-12-09,Monday,12,Winter,0,0,0,0,0,8,0.0,136,8.73,Mocha,10,1055.37
2030-12-10,Tuesday,12,Winter,0,0,0,0,0,5,0.0,161,6.32,Americano,10,1000.65
2030-12-11,Wednesday,12,Winter,0,0,0,0,0,13,0.0,138,7.33,Sandwich,10,1002.73
2030-12-12,Thursday,12,Winter,0,0,0,1,0,12,0.0,187,4.91,Mocha,10,1083.46
2030-12-13,Friday,12,Winter,0,0,0,1,0,15,1.8,176,6.59,Americano,10,1141.92
2030-12-14,Saturday,12,Winter,1,0,0,0,0,17,5.8,181,5.71,Cappuccino,11,1158.17
2030-12-15,Sunday,12,Winter,1,0,0,0,0,13,8.4,202,9.05,Sandwich,11,1754.96
2030-12-16,Monday,12,Winter,0,0,0,1,0,6,3.7,180,4.98,Mocha,10,878.36
2030-12-17,Tuesday,12,Winter,0,0,0,0,0,13,4.2,135,7.81,Cappuccino,10,926.06
2030-12-18,Wednesday,12,Winter,0,0,0,0,0,7,6.1,113,7.19,Tea,10,705.46
2030-12-19,Thursday,12,Winter,0,0,0,0,0,12,4.2,131,6.54,Tea,10,927.35
2030-12-20,Friday,12,Winter,0,0,0,0,0,5,0.0,136,7.76,Tea,10,975.63
2030-12-21,Saturday,12,Winter,1,0,0,1,0,13,5.6,234,4.82,Tea,11,1167.89
2030-12-22,Sunday,12,Winter,1,0,0,0,0,6,8.6,172,6.64,Espresso,11,1027.05
2030-12-23,Monday,12,Winter,0,0,0,0,0,7,4.8,128,8.47,Latte,10,1145.55
2030-12-24,Tuesday,12,Winter,0,0,0,0,1,11,1.0,193,6.2,Cappuccino,10,1295.56
2030-12-25,Wednesday,12,Winter,0,0,0,1,0,14,1.6,183,7.08,Espresso,10,1391.31
2030-12-26,Thursday,12,Winter,0,0,0,0,0,11,0.2,130,6.14,Cappuccino,10,723.6
2030-12-27,Friday,12,Winter,0,0,0,0,0,18,3.1,153,9.02,Cappuccino,10,1280.01
2030-12-28,Saturday,12,Winter,1,0,0,1,1,7,0.3,302,8.76,Sandwich,11,3067.34
2030-12-29,Sunday,12,Winter,1,0,0,0,0,13,10.3,175,6.76,Cappuccino,11,1258.67
2030-12-30,Monday,12,Winter,0,0,0,0,0,6,0.0,115,9.79,Mocha,10,1027.99
2030-12-31,Tuesday,12,Winter,0,0,0,1,0,9,7.4,195,10.15,Espresso,10,2072.0
2031-01-01,Wednesday,1,Winter,0,0,0,0,0,5,0.0,117,5.94,Sandwich,10,740.51
2031-01-02,Thursday,1,Winter,0,0,0,0,0,10,1.4,114,5.01,Pastry,10,482.9
2031-01-03,Friday,1,Winter,0,0,0,0,0,7,5.6,135,4.9,Mocha,10,674.25
2031-01-04,Saturday,1,Winter,1,0,0,0,0,17,1.5,209,6.9,Americano,11,1424.17
2031-01-05,Sunday,1,Winter,1,0,0,0,0,10,4.2,204,9.21,Sandwich,11,1818.55
2031-01-06,Monday,1,Winter,0,0,0,0,0,13,0.4,163,7.08,Americano,10,1278.63
2031-01-07,Tuesday,1,Winter,0,0,0,0,0,12,4.1,148,8.93,Mocha,10,1388.55
2031-01-08,Wednesday,1,Winter,0,0,0,0,0,11,6.1,138,4.87,Latte,10,816.46
2031-01-09,Thursday,1,Winter,0,0,0,0,1,5,0.0,201,6.8,Mocha,10,1362.92
2031-01-10,Friday,1,Winter,0,0,0,0,0,10,5.4,117,9.03,Pastry,10,1144.36
2031-01-11,Saturday,1,Winter,1,0,0,0,0,7,1.7,212,5.71,Pastry,11,1163.6
2031-01-12,Sunday,1,Winter,1,0,0,0,0,13,6.4,212,9.77,Cappuccino,11,2032.58
2031-01-13,Monday,1,Winter,0,0,0,0,0,7,3.5,144,5.91,Americano,10,731.48
2031-01-14,Tuesday,1,Winter,0,0,0,0,0,16,4.3,112,10.26,Latte,10,1232.78
2031-01-15,Wednesday,1,Winter,0,0,0,0,0,15,4.8,132,7.6,Pastry,10,1125.28
2031-01-16,Thursday,1,Winter,0,0,0,0,0,16,2.7,152,9.0,Cappuccino,10,1517.96
2031-01-17,Friday,1,Winter,0,0,0,0,0,5,6.0,149,9.85,Pastry,10,1545.01
2031-01-18,Saturday,1,Winter,1,0,0,1,0,18,0.7,270,7.54,Americano,11,2193.05
2031-01-19,Sunday,1,Winter,1,0,0,1,0,8,0.0,260,8.39,Sandwich,11,2315.15
2031-01-20,Monday,1,Winter,0,0,0,0,0,7,5.8,112,9.56,Sandwich,10,1118.16
2031-01-21,Tuesday,1,Winter,0,0,0,1,0,13,1.0,168,6.9,Tea,10,1306.25
2031-01-22,Wednesday,1,Winter,0,0,0,0,1,18,2.8,185,4.8,Cappuccino,10,831.47
2031-01-23,Thursday,1,Winter,0,0,0,0,0,17,4.5,134,9.1,Espresso,10,1140.28
2031-01-24,Friday,1,Winter,0,0,0,0,1,16,0.0,175,10.29,Sandwich,10,1931.28
2031-01-25,Saturday,1,Winter,1,0,0,0,0,18,4.7,191,5.05,Americano,11,877.04
2031-01-26,Sunday,1,Winter,1,0,0,0,0,10,2.5,210,7.31,Espresso,11,1632.97
2031-01-27,Monday,1,Winter,0,0,0,1,0,9,0.0,207,9.61,Espresso,10,2273.74
2031-01-28,Tuesday,1,Winter,0,0,0,1,1,17,4.6,253,6.9,Tea,10,2122.0
2031-01-29,Wednesday,1,Winter,0,0,0,0,0,8,2.2,131,5.14,Sandwich,10,539.57
2031-01-30,Thursday,1,Winter,0,0,0,1,0,11,3.4,194,6.57,Pastry,10,1476.17
2031-01-31,Friday,1,Winter,0,0,0,0,0,11,0.0,145,8.74,Latte,10,1179.44
2031-02-01,Saturday,2,Winter,1,0,0,1,0,16,1.0,273,6.8,Espresso,11,2173.01
2031-02-02,Sunday,2,Winter,1,0,0,0,1,8,6.7,275,9.62,Tea,11,2925.36
2031-02-03,Monday,2,Winter,0,0,0,0,1,13,4.0,209,9.68,Espresso,10,2083.73
2031-02-04,Tuesday,2,Winter,0,0,0,0,0,10,4.2,119,4.51,Espresso,10,414.92
2031-02-05,Wednesday,2,Winter,0,0,0,0,0,17,0.0,134,5.7,Mocha,10,673.22
2031-02-06,Thursday,2,Winter,0,0,0,0,0,9,5.0,126,6.68,Espresso,10,927.58
2031-02-07,Friday,2,Winter,0,0,0,1,1,13,4.5,230,10.08,Cappuccino,10,2756.89
2031-02-08,Saturday,2,Winter,1,0,0,0,0,18,0.0,210,7.85,Latte,11,1755.21
2031-02-09,Sunday,2,Winter,1,0,0,0,0,8,2.0,182,7.88,Pastry,11,1284.85
2031-02-10,Monday,2,Winter,0,1,0,0,0,13,4.3,145,6.7,Pastry,10,873.98
2031-02-11,Tuesday,2,Winter,0,0,0,0,0,10,0.0,146,4.67,Sandwich,10,758.16
2031-02-12,Wednesday,2,Winter,0,0,0,1,0,12,2.4,170,8.76,Tea,10,1731.86
2031-02-13,Thursday,2,Winter,0,0,0,0,0,14,1.7,127,7.19,Tea,10,1045.64
2031-02-14,Friday,2,Winter,0,0,0,1,0,14,3.5,176,4.67,Pastry,10,839.55
2031-02-15,Saturday,2,Winter,1,0,0,0,1,16,0.6,240,7.09,Americano,11,1747.74
2031-02-16,Sunday,2,Winter,1,0,0,0,0,12,3.3,203,9.02,Americano,11,1743.71
2031-02-17,Monday,2,Winter,0,0,0,1,0,7,2.4,180,10.37,Mocha,10,1978.98
2031-02-18,Tuesday,2,Winter,0,0,0,1,0,14,1.5,168,8.69,Latte,10,1473.38
2031-02-19,Wednesday,2,Winter,0,0,0,0,0,13,0.0,151,4.69,Espresso,10,667.56
2031-02-20,Thursday,2,Winter,0,0,0,0,0,7,6.5,105,5.3,Pastry,10,524.07
2031-02-21,Friday,2,Winter,0,0,0,0,0,14,0.0,140,7.57,Tea,10,1137.97
2031-02-22,Saturday,2,Winter,1,0,0,1,1,7,2.9,283,5.25,Sandwich,11,1582.4
2031-02-23,Sunday,2,Winter,1,0,0,0,0,6,0.0,227,10.02,Pastry,11,2299.77
2031-02-24,Monday,2,Winter,0,0,0,1,0,15,6.8,172,7.19,Mocha,10,1344.23
2031-02-25,Tuesday,2,Winter,0,0,0,0,0,10,5.7,150,9.57,Mocha,10,1323.74
2031-02-26,Wednesday,2,Winter,0,0,0,0,0,5,5.4,132,10.07,Americano,10,1267.65
2031-02-27,Thursday,2,Winter,0,0,0,0,0,12,4.8,148,8.38,Americano,10,1381.7
2031-02-28,Friday,2,Winter,0,0,0,0,0,9,2.3,154,7.09,Cappuccino,10,993.63
2031-03-01,Saturday,3,Spring,1,0,1,1,0,28,6.3,203,5.62,Sandwich,11,1351.95
2031-03-02,Sunday,3,Spring,1,0,1,0,1,20,0.0,258,8.43,Tea,11,2305.47
2031-03-03,Monday,3,Spring,0,0,0,0,1,19,2.7,170,10.48,Sandwich,10,1856.11
2031-03-04,Tuesday,3,Spring,0,0,1,0,0,30,0.0,114,5.61,Americano,10,674.33
2031-03-05,Wednesday,3,Spring,0,0,1,1,0,21,7.0,147,9.86,Pastry,10,1675.57
2031-03-06,Thursday,3,Spring,0,0,1,1,1,28,2.8,230,8.95,Americano,10,2489.74
2031-03-07,Friday,3,Spring,0,0,1,0,0,25,3.5,118,8.14,Americano,10,830.42
2031-03-08,Saturday,3,Spring,1,0,1,1,0,28,5.1,244,5.23,Mocha,11,1510.64
2031-03-09,Sunday,3,Spring,1,0,0,0,1,18,4.4,272,8.15,Cappuccino,11,2217.15
2031-03-10,Monday,3,Spring,0,0,0,0,1,30,0.0,220,8.32,Latte,10,1902.48
2031-03-11,Tuesday,3,Spring,0,0,1,1,0,24,0.0,151,8.21,Tea,10,1299.5
2031-03-12,Wednesday,3,Spring,0,0,1,0,0,20,0.0,108,9.31,Espresso,10,1009.06
2031-03-13,Thursday,3,Spring,0,0,0,0,0,24,6.2,122,5.71,Mocha,10,773.47
2031-03-14,Friday,3,Spring,0,0,0,0,0,29,1.6,154,6.86,Cappuccino,10,1079.74
2031-03-15,Saturday,3,Spring,1,0,1,1,0,23,3.3,226,5.19,Espresso,11,1211.13
2031-03-16,Sunday,3,Spring,1,0,0,1,0,26,4.3,262,9.67,Espresso,11,2936.39
2031-03-17,Monday,3,Spring,0,0,0,0,0,23,1.5,158,6.9,Tea,10,1162.49
2031-03-18,Tuesday,3,Spring,0,0,0,0,0,28,2.5,127,9.27,Latte,10,1106.71
2031-03-19,Wednesday,3,Spring,0,0,1,1,0,19,0.0,194,6.67,Latte,10,1464.06
2031-03-20,Thursday,3,Spring,0,0,0,0,0,20,5.6,149,6.66,Cappuccino,10,943.34
2031-03-21,Friday,3,Spring,0,0,1,1,0,28,1.3,163,9.99,Sandwich,10,1688.43
2031-03-22,Saturday,3,Spring,1,0,1,1,1,19,0.0,287,9.46,Espresso,11,3068.88
2031-03-23,Sunday,3,Spring,1,0,0,1,0,24,5.4,260,5.76,Americano,11,1570.61
2031-03-24,Monday,3,Spring,0,0,0,0,0,26,4.4,118,7.24,Mocha,10,967.05
2031-03-25,Tuesday,3,Spring,0,0,1,0,0,23,1.4,147,8.31,Americano,10,1191.86
2031-03-26,Wednesday,3,Spring,0,0,1,0,0,24,2.0,98,9.23,Cappuccino,10,982.18
2031-03-27,Thursday,3,Spring,0,0,0,0,0,19,0.0,140,9.07,Espresso,10,1144.69
2031-03-28,Friday,3,Spring,0,0,1,1,0,18,8.0,173,7.35,Mocha,10,1505.86
2031-03-29,Saturday,3,Spring,1,0,1,0,1,19,0.5,250,5.98,Pastry,11,1498.89
2031-03-30,Sunday,3,Spring,1,0,1,0,0,20,0.0,217,10.04,Cappuccino,11,2195.73
2031-03-31,Monday,3,Spring,0,0,1,1,0,21,3.1,165,9.69,Cappuccino,10,1785.12
2031-04-01,Tuesday,4,Spring,0,0,0,1,0,28,0.3,180,6.56,Mocha,10,1427.9
2031-04-02,Wednesday,4,Spring,0,0,1,0,0,24,5.2,121,8.18,Sandwich,10,1118.65
2031-04-03,Thursday,4,Spring,0,0,0,0,0,27,0.0,137,8.37,Espresso,10,1234.14
2031-04-04,Friday,4,Spring,0,0,1,0,1,23,5.8,173,7.07,Sandwich,10,1394.47
2031-04-05,Saturday,4,Spring,1,0,1,0,0,23,3.6,195,6.9,Americano,11,1337.72
2031-04-06,Sunday,4,Spring,1,0,1,0,0,21,5.7,197,8.44,Mocha,11,1597.26
2031-04-07,Monday,4,Spring,0,0,0,1,0,27,0.0,193,8.63,Espresso,10,1696.96
2031-04-08,Tuesday,4,Spring,0,0,1,0,0,22,1.7,140,6.81,Cappuccino,10,1051.83
2031-04-09,Wednesday,4,Spring,0,0,1,0,0,21,2.3,117,6.51,Latte,10,888.51
2031-04-10,Thursday,4,Spring,0,0,0,0,0,28,2.1,137,7.43,Tea,10,977.61
2031-04-11,Friday,4,Spring,0,0,1,0,0,21,3.2,140,4.57,Cappuccino,10,681.02
2031-04-12,Saturday,4,Spring,1,0,1,0,0,30,8.2,198,10.07,Americano,11,2030.03
2031-04-13,Sunday,4,Spring,1,0,1,1,0,20,3.6,247,4.54,Mocha,11,1129.4
2031-04-14,Monday,4,Spring,0,0,1,0,0,30,7.0,132,7.89,Espresso,10,916.03
2031-04-15,Tuesday,4,Spring,0,0,0,0,0,23,3.3,154,5.9,Americano,10,827.45
2031-04-16,Wednesday,4,Spring,0,0,0,0,0,19,2.8,145,6.79,Sandwich,10,1106.84
2031-04-17,Thursday,4,Spring,0,0,1,0,1,27,2.7,188,8.3,Cappuccino,10,1604.45
2031-04-18,Friday,4,Spring,0,0,1,1,0,20,0.1,147,6.83,Latte,10,970.19
2031-04-19,Saturday,4,Spring,1,0,1,0,0,18,6.7,188,10.46,Americano,11,1928.4
2031-04-20,Sunday,4,Spring,1,0,0,0,0,28,8.7,188,8.58,Tea,11,1428.87
2031-04-21,Monday,4,Spring,0,1,1,0,0,28,1.6,137,7.78,Americano,10,938.32
2031-04-22,Tuesday,4,Spring,0,0,1,1,0,24,0.0,163,8.3,Americano,10,1355.71
2031-04-23,Wednesday,4,Spring,0,0,0,1,0,28,1.5,162,8.3,Mocha,10,1343.69
2031-04-24,Thursday,4,Spring,0,0,0,0,0,23,3.3,145,5.49,Mocha,10,663.66
2031-04-25,Friday,4,Spring,0,0,1,0,1,28,0.0,192,10.43,Cappuccino,10,2129.29
2031-04-26,Saturday,4,Spring,1,0,1,0,0,26,1.8,216,6.2,Cappuccino,11,1204.21
2031-04-27,Sunday,4,Spring,1,0,0,0,0,23,0.4,187,7.93,Espresso,11,1391.51
2031-04-28,Monday,4,Spring,0,0,0,0,0,19,1.6,157,7.89,Cappuccino,10,1282.58
2031-04-29,Tuesday,4,Spring,0,0,1,1,0,28,2.6,187,6.7,Cappuccino,10,1526.56
2031-04-30,Wednesday,4,Spring,0,0,1,0,0,30,0.0,131,5.61,Latte,10,853.16
2031-05-01,Thursday,5,Spring,0,0,0,0,0,19,2.9,150,5.21,Tea,10,851.5
2031-05-02,Friday,5,Spring,0,0,0,0,0,30,0.0,131,7.19,Sandwich,10,1003.88
2031-05-03,Saturday,5,Spring,1,0,0,0,0,24,1.3,192,9.56,Pastry,11,1972.31
2031-05-04,Sunday,5,Spring,1,0,0,0,0,23,2.0,230,8.34,Pastry,11,2063.33
2031-05-05,Monday,5,Spring,0,0,0,0,0,23,0.2,131,10.43,Espresso,10,1362.78
2031-05-06,Tuesday,5,Spring,0,0,0,0,0,30,0.0,128,8.0,Espresso,10,1130.75
2031-05-07,Wednesday,5,Spring,0,0,0,1,0,29,4.9,153,7.95,Pastry,10,1264.57
2031-05-08,Thursday,5,Spring,0,0,0,1,0,28,5.8,162,8.02,Latte,10,1513.66
2031-05-09,Friday,5,Spring,0,0,0,1,1,26,2.0,240,8.27,Mocha,10,2223.01
2031-05-10,Saturday,5,Spring,1,0,0,0,1,29,2.0,257,4.51,Americano,11,1102.23
2031-05-11,Sunday,5,Spring,1,0,0,0,0,26,0.0,194,8.61,Latte,11,1775.67
2031-05-12,Monday,5,Spring,0,0,0,0,0,24,4.0,157,6.88,Espresso,10,1023.29
2031-05-13,Tuesday,5,Spring,0,0,0,1,0,29,5.7,153,7.28,Sandwich,10,1225.15
2031-05-14,Wednesday,5,Spring,0,0,0,0,0,21,4.4,157,6.94,Cappuccino,10,1136.94
2031-05-15,Thursday,5,Spring,0,0,0,0,0,22,0.0,139,8.5,Pastry,10,1195.65
2031-05-16,Friday,5,Spring,0,0,0,0,0,26,1.4,157,10.31,Tea,10,1673.88
2031-05-17,Saturday,5,Spring,1,0,0,0,0,21,4.9,222,6.57,Pastry,11,1576.82
2031-05-18,Sunday,5,Spring,1,0,0,1,0,19,7.6,231,9.43,Latte,11,2388.36
2031-05-19,Monday,5,Spring,0,0,0,1,1,26,5.2,241,6.72,Americano,10,1887.35
2031-05-20,Tuesday,5,Spring,0,0,0,0,0,28,4.1,156,5.36,Americano,10,698.03
2031-05-21,Wednesday,5,Spring,0,0,0,0,0,18,0.0,151,9.56,Mocha,10,1398.16
2031-05-22,Thursday,5,Spring,0,0,0,1,1,20,5.3,206,7.54,Sandwich,10,1701.19
2031-05-23,Friday,5,Spring,0,0,0,0,0,27,3.4,141,6.33,Pastry,10,768.85
2031-05-24,Saturday,5,Spring,1,0,0,0,0,19,3.1,189,10.48,Cappuccino,11,1848.01
2031-05-25,Sunday,5,Spring,1,0,0,0,0,27,3.5,213,9.87,Tea,11,2201.51
2031-05-26,Monday,5,Spring,0,0,0,1,0,21,6.0,154,5.71,Tea,10,996.55
2031-05-27,Tuesday,5,Spring,0,0,0,0,0,22,0.0,125,7.75,Latte,10,956.01
2031-05-28,Wednesday,5,Spring,0,0,0,0,0,27,4.2,129,8.03,Pastry,10,1072.73
2031-05-29,Thursday,5,Spring,0,0,0,0,0,22,5.0,132,8.93,Sandwich,10,1150.83
2031-05-30,Friday,5,Spring,0,0,0,0,0,20,3.9,134,8.93,Pastry,10,1061.28
2031-05-31,Saturday,5,Spring,1,0,0,0,1,28,0.4,279,8.29,Tea,11,2354.65
2031-06-01,Sunday,6,Summer,1,0,0,1,0,33,0.0,268,8.43,Americano,11,2362.85
2031-06-02,Monday,6,Summer,0,0,0,0,0,36,10.5,133,7.03,Americano,10,762.63
2031-06-03,Tuesday,6,Summer,0,0,0,0,0,28,4.3,149,7.22,Americano,10,1053.03
2031-06-04,Wednesday,6,Summer,0,0,0,0,1,34,3.4,183,7.17,Sandwich,10,1280.44
2031-06-05,Thursday,6,Summer,0,0,0,0,0,36,4.9,136,9.92,Latte,10,1268.77
2031-06-06,Friday,6,Summer,0,0,0,0,1,41,1.5,198,9.5,Americano,10,1964.04
2031-06-07,Saturday,6,Summer,1,0,0,1,0,33,0.4,248,9.25,Sandwich,11,2485.9
2031-06-08,Sunday,6,Summer,1,0,0,0,0,40,5.5,189,4.96,Latte,11,871.37
2031-06-09,Monday,6,Summer,0,0,0,0,1,42,2.9,170,5.47,Cappuccino,10,1057.46
2031-06-10,Tuesday,6,Summer,0,0,0,0,1,39,1.3,200,7.91,Tea,10,1544.23
2031-06-11,Wednesday,6,Summer,0,0,0,1,0,39,1.3,207,9.77,Latte,10,2348.65
2031-06-12,Thursday,6,Summer,0,0,0,1,0,38,2.5,186,9.58,Sandwich,10,1972.43
2031-06-13,Friday,6,Summer,0,0,0,1,0,30,0.0,160,8.47,Tea,10,1402.34
2031-06-14,Saturday,6,Summer,1,0,0,0,0,32,2.2,231,8.3,Sandwich,11,1832.72
2031-06-15,Sunday,6,Summer,1,0,0,0,0,32,4.0,199,7.27,Pastry,11,1576.14
2031-06-16,Monday,6,Summer,0,0,0,0,0,37,1.3,150,8.76,Tea,10,1226.12
2031-06-17,Tuesday,6,Summer,0,0,0,1,0,34,5.3,195,9.34,Pastry,10,2049.92
2031-06-18,Wednesday,6,Summer,0,0,0,0,1,33,0.0,173,9.14,Tea,10,1773.81
2031-06-19,Thursday,6,Summer,0,0,0,1,0,36,0.0,178,6.28,Latte,10,1248.18
2031-06-20,Friday,6,Summer,0,0,0,0,0,41,0.0,140,7.11,Sandwich,10,918.06
2031-06-21,Saturday,6,Summer,1,0,0,0,0,32,5.7,215,8.98,Tea,11,1859.89
2031-06-22,Sunday,6,Summer,1,0,0,0,0,33,1.5,196,10.01,Pastry,11,1833.05
2031-06-23,Monday,6,Summer,0,0,0,0,0,38,4.8,145,10.49,Espresso,10,1491.08
2031-06-24,Tuesday,6,Summer,0,0,0,1,1,35,2.3,229,8.0,Latte,10,2018.9
2031-06-25,Wednesday,6,Summer,0,0,0,1,0,38,0.0,189,9.98,Sandwich,10,2119.12
2031-06-26,Thursday,6,Summer,0,0,0,0,0,36,2.5,118,9.94,Mocha,10,1114.47
2031-06-27,Friday,6,Summer,0,0,0,0,0,39,1.6,112,4.79,Tea,10,544.54
2031-06-28,Saturday,6,Summer,1,0,0,0,0,35,0.0,200,10.2,Latte,11,1984.91
2031-06-29,Sunday,6,Summer,1,0,0,0,0,40,2.5,209,7.58,Pastry,11,1537.99
2031-06-30,Monday,6,Summer,0,0,0,0,0,35,8.5,136,6.05,Sandwich,10,905.06
2031-07-01,Tuesday,7,Summer,0,0,0,0,0,30,1.4,154,4.77,Cappuccino,10,733.58
2031-07-02,Wednesday,7,Summer,0,0,0,0,0,31,5.7,152,8.24,Latte,10,1213.23
2031-07-03,Thursday,7,Summer,0,0,0,1,0,31,1.5,177,9.35,Latte,10,1686.63
2031-07-04,Friday,7,Summer,0,1,0,0,0,38,1.8,140,9.83,Americano,10,1305.33
2031-07-05,Saturday,7,Summer,1,0,0,1,0,31,1.1,256,4.82,Tea,11,1448.92
2031-07-06,Sunday,7,Summer,1,0,0,0,0,38,0.0,211,7.88,Sandwich,11,1556.15
2031-07-07,Monday,7,Summer,0,0,0,0,0,36,1.1,148,9.16,Pastry,10,1340.13
2031-07-08,Tuesday,7,Summer,0,0,0,0,0,33,0.0,141,9.65,Cappuccino,10,1505.71
2031-07-09,Wednesday,7,Summer,0,0,0,0,1,36,1.0,189,8.89,Espresso,10,1876.43
2031-07-10,Thursday,7,Summer,0,0,0,0,1,37,0.0,202,5.77,Cappuccino,10,1102.3
2031-07-11,Friday,7,Summer,0,0,0,0,0,33,5.6,123,9.52,Sandwich,10,1244.32
2031-07-12,Saturday,7,Summer,1,0,0,0,0,34,0.0,189,4.53,Pastry,11,903.6
2031-07-13,Sunday,7,Summer,1,0,0,0,0,39,0.0,214,5.69,Latte,11,1242.8
2031-07-14,Monday,7,Summer,0,0,0,0,0,36,4.8,143,8.68,Sandwich,10,1376.65
2031-07-15,Tuesday,7,Summer,0,0,0,0,0,39,0.0,148,5.71,Cappuccino,10,831.34
2031-07-16,Wednesday,7,Summer,0,0,0,0,1,42,0.0,192,6.11,Sandwich,10,1235.57
2031-07-17,Thursday,7,Summer,0,0,0,1,0,31,0.0,185,8.94,Pastry,10,1826.0
2031-07-18,Friday,7,Summer,0,0,0,1,0,42,4.9,184,8.25,Americano,10,1752.07
2031-07-19,Saturday,7,Summer,1,0,0,0,0,33,0.0,223,6.51,Pastry,11,1409.3
2031-07-20,Sunday,7,Summer,1,0,0,0,0,41,0.0,198,8.8,Tea,11,1738.6
2031-07-21,Monday,7,Summer,0,0,0,0,0,29,0.0,155,4.79,Sandwich,10,881.95
2031-07-22,Tuesday,7,Summer,0,0,0,0,1,28,6.1,187,5.81,Pastry,10,1174.26
2031-07-23,Wednesday,7,Summer,0,0,0,0,1,38,0.0,187,5.55,Espresso,10,1053.8
2031-07-24,Thursday,7,Summer,0,0,0,0,0,28,5.0,117,5.34,Tea,10,696.79
2031-07-25,Friday,7,Summer,0,0,0,0,0,35,3.1,124,8.29,Pastry,10,977.99
2031-07-26,Saturday,7,Summer,1,0,0,0,0,30,0.1,199,6.79,Tea,11,1308.53
2031-07-27,Sunday,7,Summer,1,0,0,1,0,29,0.0,267,6.21,Sandwich,11,1773.77
2031-07-28,Monday,7,Summer,0,0,0,1,0,38,4.7,159,8.74,Cappuccino,10,1512.12
2031-07-29,Tuesday,7,Summer,0,1,0,0,0,41,1.1,110,6.17,Latte,10,625.38
2031-07-30,Wednesday,7,Summer,0,0,0,1,0,33,1.1,181,5.67,Mocha,10,1087.22
2031-07-31,Thursday,7,Summer,0,0,0,0,1,41,4.4,207,6.22,Mocha,10,1314.47
2031-08-01,Friday,8,Summer,0,0,0,0,0,42,0.0,151,5.22,Americano,10,861.96
2031-08-02,Saturday,8,Summer,1,1,0,1,0,35,1.3,250,4.5,Pastry,11,1243.17
2031-08-03,Sunday,8,Summer,1,0,0,0,0,40,0.0,186,7.71,Latte,11,1554.78
2031-08-04,Monday,8,Summer,0,0,0,1,1,39,4.4,241,7.89,Mocha,10,2060.51
2031-08-05,Tuesday,8,Summer,0,0,0,0,0,31,2.7,148,5.58,Mocha,10,752.42
2031-08-06,Wednesday,8,Summer,0,0,0,1,0,28,1.6,158,5.2,Latte,10,1048.14
2031-08-07,Thursday,8,Summer,0,0,0,0,1,34,4.6,166,7.01,Cappuccino,10,1163.33
2031-08-08,Friday,8,Summer,0,0,0,0,0,42,5.0,110,9.51,Espresso,10,1092.05
2031-08-09,Saturday,8,Summer,1,0,0,0,0,29,5.1,189,8.74,Cappuccino,11,1535.69
2031-08-10,Sunday,8,Summer,1,0,0,0,0,40,1.4,225,7.48,Tea,11,1589.71
2031-08-11,Monday,8,Summer,0,0,0,0,0,40,0.0,147,9.59,Cappuccino,10,1336.65
2031-08-12,Tuesday,8,Summer,0,0,0,1,0,40,7.1,167,6.93,Pastry,10,1370.03
2031-08-13,Wednesday,8,Summer,0,0,0,1,0,36,0.0,162,8.44,Pastry,10,1537.71
2031-08-14,Thursday,8,Summer,0,0,0,0,0,31,0.0,154,6.51,Americano,10,939.26
2031-08-15,Friday,8,Summer,0,0,0,0,0,40,0.0,158,4.96,Latte,10,776.54
2031-08-16,Saturday,8,Summer,1,0,0,0,0,38,1.0,226,6.8,Sandwich,11,1439.4
2031-08-17,Sunday,8,Summer,1,1,0,0,0,39,0.0,219,7.18,Latte,11,1588.47
2031-08-18,Monday,8,Summer,0,0,0,0,0,37,3.3,143,8.84,Pastry,10,1118.4
2031-08-19,Tuesday,8,Summer,0,0,0,0,0,31,0.0,155,6.81,Sandwich,10,1057.63
2031-08-20,Wednesday,8,Summer,0,0,0,1,0,36,0.2,207,8.95,Tea,10,2052.4
2031-08-21,Thursday,8,Summer,0,0,0,0,0,28,0.0,165,8.26,Tea,10,1423.68
2031-08-22,Friday,8,Summer,0,0,0,0,1,39,0.8,192,9.16,Pastry,10,1741.69
2031-08-23,Saturday,8,Summer,1,1,0,0,0,42,1.6,219,9.08,Cappuccino,11,1938.75
2031-08-24,Sunday,8,Summer,1,0,0,1,0,35,3.0,258,6.12,Mocha,11,1766.73
2031-08-25,Monday,8,Summer,0,0,0,1,0,29,2.0,185,5.06,Tea,10,994.63
2031-08-26,Tuesday,8,Summer,0,0,0,0,1,29,1.7,167,9.34,Espresso,10,1689.79
2031-08-27,Wednesday,8,Summer,0,0,0,1,0,38,0.0,186,8.15,Tea,10,1801.04
2031-08-28,Thursday,8,Summer,0,0,0,0,0,30,3.7,127,6.01,Sandwich,10,617.98
2031-08-29,Friday,8,Summer,0,0,0,0,0,41,0.0,161,8.67,Cappuccino,10,1299.84
2031-08-30,Saturday,8,Summer,1,0,0,1,0,36,0.1,236,7.97,Latte,11,2016.75
2031-08-31,Sunday,8,Summer,1,0,0,0,0,40,0.0,224,10.01,Latte,11,2335.57
2031-09-01,Monday,9,Autumn,0,0,0,0,0,28,2.2,144,9.96,Latte,10,1577.49
2031-09-02,Tuesday,9,Autumn,0,0,0,1,0,18,4.0,153,10.49,Sandwich,10,1911.37
2031-09-03,Wednesday,9,Autumn,0,0,0,0,0,27,9.5,123,10.25,Espresso,10,1094.7
2031-09-04,Thursday,9,Autumn,0,0,0,0,0,24,6.7,142,7.45,Cappuccino,10,1064.23
2031-09-05,Friday,9,Autumn,0,0,0,0,0,29,0.0,133,10.04,Cappuccino,10,1228.8
2031-09-06,Saturday,9,Autumn,1,0,0,0,1,28,4.6,281,7.75,Americano,11,2376.81
2031-09-07,Sunday,9,Autumn,1,0,0,0,0,29,1.1,204,9.27,Latte,11,1752.18
2031-09-08,Monday,9,Autumn,0,0,0,0,0,24,4.8,142,8.47,Tea,10,1251.08
2031-09-09,Tuesday,9,Autumn,0,0,0,0,0,21,4.6,106,9.66,Mocha,10,1053.38
2031-09-10,Wednesday,9,Autumn,0,0,0,1,0,27,1.8,160,7.1,Espresso,10,1355.34
2031-09-11,Thursday,9,Autumn,0,0,0,1,0,19,0.8,196,8.92,Pastry,10,1862.66
2031-09-12,Friday,9,Autumn,0,0,0,0,0,21,1.4,119,4.53,Espresso,10,510.6
2031-09-13,Saturday,9,Autumn,1,0,0,0,0,30,2.5,185,5.03,Pastry,11,987.99
2031-09-14,Sunday,9,Autumn,1,0,0,0,1,18,6.2,240,4.6,Sandwich,11,1010.36
2031-09-15,Monday,9,Autumn,0,0,0,1,1,24,0.0,238,9.07,Mocha,10,2494.68
2031-09-16,Tuesday,9,Autumn,0,0,0,1,0,21,0.8,179,5.3,Latte,10,1185.0
2031-09-17,Wednesday,9,Autumn,0,0,0,0,0,26,0.0,157,8.88,Cappuccino,10,1349.35
2031-09-18,Thursday,9,Autumn,0,0,0,1,0,24,7.3,184,5.95,Espresso,10,1283.04
2031-09-19,Friday,9,Autumn,0,0,0,1,0,19,2.8,189,6.1,Latte,10,1217.71
2031-09-20,Saturday,9,Autumn,1,0,0,1,0,20,4.5,223,7.2,Pastry,11,1675.05
2031-09-21,Sunday,9,Autumn,1,0,0,1,0,24,0.0,263,4.53,Americano,11,1291.71
2031-09-22,Monday,9,Autumn,0,0,0,0,0,26,2.2,149,6.97,Americano,10,988.69
2031-09-23,Tuesday,9,Autumn,0,0,0,0,0,30,1.9,122,5.06,Mocha,10,706.73
2031-09-24,Wednesday,9,Autumn,0,0,0,1,1,29,7.5,236,8.23,Cappuccino,10,2204.07
2031-09-25,Thursday,9,Autumn,0,0,0,1,0,27,0.0,162,9.98,Pastry,10,1886.7
2031-09-26,Friday,9,Autumn,0,0,0,0,0,24,1.1,123,7.99,Latte,10,1103.14
2031-09-27,Saturday,9,Autumn,1,0,0,0,0,23,1.3,196,8.06,Latte,11,1454.86
2031-09-28,Sunday,9,Autumn,1,0,0,0,1,21,2.8,254,8.33,Cappuccino,11,2367.98
2031-09-29,Monday,9,Autumn,0,0,0,0,0,18,0.0,134,4.8,Tea,10,778.08
2031-09-30,Tuesday,9,Autumn,0,0,0,0,1,29,4.5,177,9.65,Espresso,10,1785.83
2031-10-01,Wednesday,10,Autumn,0,0,0,0,1,28,4.2,163,6.25,Pastry,10,1106.48
2031-10-02,Thursday,10,Autumn,0,0,0,0,1,27,5.2,180,8.09,Sandwich,10,1666.84
2031-10-03,Friday,10,Autumn,0,0,0,0,0,19,0.8,124,5.82,Pastry,10,626.87
2031-10-04,Saturday,10,Autumn,1,0,0,1,0,21,3.8,244,6.28,Cappuccino,11,1728.11
2031-10-05,Sunday,10,Autumn,1,0,0,0,0,22,0.3,206,9.08,Americano,11,2008.03
2031-10-06,Monday,10,Autumn,0,0,0,0,0,27,4.4,144,9.11,Pastry,10,1255.47
2031-10-07,Tuesday,10,Autumn,0,0,0,1,0,30,6.1,196,7.73,Mocha,10,1520.24
2031-10-08,Wednesday,10,Autumn,0,0,0,0,0,25,3.6,116,8.22,Tea,10,926.51
2031-10-09,Thursday,10,Autumn,0,0,0,0,0,24,5.2,129,8.44,Espresso,10,1069.34
2031-10-10,Friday,10,Autumn,0,0,0,0,0,22,8.5,123,7.41,Mocha,10,860.63
2031-10-11,Saturday,10,Autumn,1,0,0,0,0,25,2.0,183,5.88,Espresso,11,1134.56
2031-10-12,Sunday,10,Autumn,1,0,0,1,0,26,4.3,227,5.37,Tea,11,1355.17
2031-10-13,Monday,10,Autumn,0,0,0,0,0,30,0.8,130,5.54,Cappuccino,10,694.79
2031-10-14,Tuesday,10,Autumn,0,0,0,0,0,24,0.6,137,4.74,Mocha,10,688.7
2031-10-15,Wednesday,10,Autumn,0,0,0,0,0,23,1.6,130,6.48,Tea,10,796.73
2031-10-16,Thursday,10,Autumn,0,0,0,0,0,18,0.0,155,6.6,Tea,10,1170.68
2031-10-17,Friday,10,Autumn,0,0,0,0,1,21,7.2,158,7.02,Cappuccino,10,1182.38
2031-10-18,Saturday,10,Autumn,1,0,0,0,0,25,4.7,200,5.42,Cappuccino,11,964.38
2031-10-19,Sunday,10,Autumn,1,0,0,1,0,28,8.7,249,8.45,Espresso,11,2126.69
2031-10-20,Monday,10,Autumn,0,0,0,1,0,29,0.7,168,5.07,Espresso,10,916.4
2031-10-21,Tuesday,10,Autumn,0,0,0,1,0,18,5.5,187,6.4,Cappuccino,10,1279.59
2031-10-22,Wednesday,10,Autumn,0,0,0,0,1,28,1.2,195,5.44,Sandwich,10,1071.61
2031-10-23,Thursday,10,Autumn,0,0,0,0,1,25,1.5,180,4.58,Cappuccino,10,818.25
2031-10-24,Friday,10,Autumn,0,0,0,1,0,28,3.9,189,5.82,Sandwich,10,1147.21
2031-10-25,Saturday,10,Autumn,1,0,0,0,0,21,3.5,179,7.48,Americano,11,1384.45
2031-10-26,Sunday,10,Autumn,1,0,0,0,0,20,0.0,186,9.87,Espresso,11,1841.3
2031-10-27,Monday,10,Autumn,0,0,0,0,0,25,0.0,134,8.67,Espresso,10,1168.89
2031-10-28,Tuesday,10,Autumn,0,0,0,0,1,30,0.8,209,7.92,Sandwich,10,1875.33
2031-10-29,Wednesday,10,Autumn,0,0,0,1,0,28,0.0,199,5.4,Latte,10,1319.02
2031-10-30,Thursday,10,Autumn,0,0,0,1,0,24,6.6,149,7.5,Pastry,10,1149.69
2031-10-31,Friday,10,Autumn,0,0,0,1,0,23,5.3,177,5.41,Americano,10,1072.08
2031-11-01,Saturday,11,Autumn,1,0,0,1,0,26,3.2,254,9.6,Latte,11,2648.18
2031-11-02,Sunday,11,Autumn,1,1,0,0,0,26,4.8,169,6.25,Cappuccino,11,1149.64
2031-11-03,Monday,11,Autumn,0,0,0,0,0,18,0.0,151,7.15,Sandwich,10,1018.45
2031-11-04,Tuesday,11,Autumn,0,0,0,1,0,27,8.3,155,9.79,Americano,10,1503.11
2031-11-05,Wednesday,11,Autumn,0,0,0,0,0,23,0.2,129,5.14,Sandwich,10,525.55
2031-11-06,Thursday,11,Autumn,0,0,0,0,0,21,4.8,140,9.45,Espresso,10,1328.47
2031-11-07,Friday,11,Autumn,0,0,0,0,0,22,0.5,141,7.18,Americano,10,1069.82
2031-11-08,Saturday,11,Autumn,1,0,0,0,0,21,6.0,186,6.89,Pastry,11,1193.53
2031-11-09,Sunday,11,Autumn,1,0,0,0,0,19,1.5,212,8.22,Pastry,11,1796.4
2031-11-10,Monday,11,Autumn,0,0,0,0,0,25,0.0,126,8.16,Pastry,10,1167.42
2031-11-11,Tuesday,11,Autumn,0,0,0,0,0,30,6.9,117,4.72,Tea,10,665.48
2031-11-12,Wednesday,11,Autumn,0,0,0,0,0,27,3.5,124,6.64,Americano,10,673.53
2031-11-13,Thursday,11,Autumn,0,0,0,0,1,21,2.6,193,6.27,Mocha,10,1202.08
2031-11-14,Friday,11,Autumn,0,0,0,0,0,27,0.0,136,5.21,Tea,10,589.21
2031-11-15,Saturday,11,Autumn,1,0,0,1,0,22,2.1,246,7.14,Tea,11,2005.04
2031-11-16,Sunday,11,Autumn,1,0,0,0,0,30,0.0,223,10.27,Tea,11,2418.53
2031-11-17,Monday,11,Autumn,0,0,0,0,0,24,3.2,150,6.45,Latte,10,955.0
2031-11-18,Tuesday,11,Autumn,0,0,0,0,0,25,0.7,150,4.91,Pastry,10,686.79
2031-11-19,Wednesday,11,Autumn,0,0,0,1,0,21,0.2,200,9.01,Tea,10,1925.54
2031-11-20,Thursday,11,Autumn,0,0,0,0,1,29,2.2,203,6.66,Tea,10,1547.8
2031-11-21,Friday,11,Autumn,0,0,0,1,0,30,3.5,174,5.24,Cappuccino,10,1039.57
2031-11-22,Saturday,11,Autumn,1,0,0,1,0,27,1.6,252,5.35,Cappuccino,11,1571.5
2031-11-23,Sunday,11,Autumn,1,0,0,0,0,20,6.5,210,8.6,Cappuccino,11,1848.18
2031-11-24,Monday,11,Autumn,0,0,0,0,0,25,5.0,122,10.11,Americano,10,1144.97
2031-11-25,Tuesday,11,Autumn,0,0,0,0,0,22,0.0,144,8.67,Latte,10,1178.18
2031-11-26,Wednesday,11,Autumn,0,0,0,0,0,27,4.1,118,9.32,Cappuccino,10,1224.52
2031-11-27,Thursday,11,Autumn,0,0,0,1,1,23,0.8,229,8.94,Americano,10,2454.14
2031-11-28,Friday,11,Autumn,0,0,0,1,0,29,5.6,157,6.02,Latte,10,917.54
2031-11-29,Saturday,11,Autumn,1,0,0,0,0,27,2.4,190,8.39,Espresso,11,1633.33
2031-11-30,Sunday,11,Autumn,1,0,0,0,0,18,0.0,215,7.58,Cappuccino,11,1653.04
2031-12-01,Monday,12,Winter,0,0,0,1,1,11,7.0,232,5.68,Tea,10,1650.63
2031-12-02,Tuesday,12,Winter,0,1,0,0,0,8,0.0,113,10.21,Latte,10,1059.2
2031-12-03,Wednesday,12,Winter,0,0,0,0,0,18,0.5,134,10.42,Espresso,10,1289.99
2031-12-04,Thursday,12,Winter,0,0,0,1,0,14,3.2,168,5.19,Espresso,10,1087.33
2031-12-05,Friday,12,Winter,0,0,0,0,1,18,4.0,202,5.92,Sandwich,10,1243.24
2031-12-06,Saturday,12,Winter,1,0,0,1,0,14,1.0,245,8.1,Latte,11,2158.78
2031-12-07,Sunday,12,Winter,1,0,0,0,0,14,4.4,200,8.26,Pastry,11,1642.1
2031-12-08,Monday,12,Winter,0,0,0,1,0,8,3.0,190,7.73,Tea,10,1647.76
2031-12-09,Tuesday,12,Winter,0,0,0,1,0,16,1.6,195,4.53,Sandwich,10,940.66
2031-12-10,Wednesday,12,Winter,0,0,0,1,0,13,0.0,182,9.63,Pastry,10,1916.04
2031-12-11,Thursday,12,Winter,0,0,0,0,0,10,0.0,152,8.48,Latte,10,1155.69
2031-12-12,Friday,12,Winter,0,0,0,0,0,14,5.0,130,9.6,Americano,10,1265.15
2031-12-13,Saturday,12,Winter,1,0,0,0,0,17,0.0,216,4.99,Americano,11,928.87
2031-12-14,Sunday,12,Winter,1,0,0,1,0,11,1.4,278,6.35,Latte,11,1974.45
2031-12-15,Monday,12,Winter,0,0,0,0,1,16,3.0,164,6.43,Sandwich,10,998.23
2031-12-16,Tuesday,12,Winter,0,0,0,1,0,18,3.7,181,7.5,Tea,10,1630.2
2031-12-17,Wednesday,12,Winter,0,0,0,0,0,9,7.0,129,7.18,Latte,10,908.98
2031-12-18,Thursday,12,Winter,0,0,0,0,0,15,3.9,131,8.17,Cappuccino,10,1072.11
2031-12-19,Friday,12,Winter,0,0,0,0,0,11,2.7,128,9.06,Cappuccino,10,1037.37
2031-12-20,Saturday,12,Winter,1,0,0,1,0,17,1.7,234,7.4,Americano,11,1887.75
2031-12-21,Sunday,12,Winter,1,0,0,1,0,15,2.4,245,10.23,Tea,11,2652.24
2031-12-22,Monday,12,Winter,0,0,0,0,0,15,4.6,146,6.4,Espresso,10,917.21
2031-12-23,Tuesday,12,Winter,0,0,0,0,0,13,10.1,142,8.81,Sandwich,10,1355.88
2031-12-24,Wednesday,12,Winter,0,0,0,1,0,8,0.0,183,8.08,Mocha,10,1680.23
2031-12-25,Thursday,12,Winter,0,0,0,0,0,12,0.9,116,10.36,Cappuccino,10,1058.33
2031-12-26,Friday,12,Winter,0,0,0,1,0,9,2.5,171,6.17,Latte,10,1291.27
2031-12-27,Saturday,12,Winter,1,0,0,0,0,11,6.4,192,10.35,Latte,11,2065.15
2031-12-28,Sunday,12,Winter,1,0,0,0,1,7,2.1,238,9.56,Latte,11,2285.91
2031-12-29,Monday,12,Winter,0,0,0,1,0,17,0.6,199,9.61,Espresso,10,2102.82
2031-12-30,Tuesday,12,Winter,0,0,0,1,0,10,1.1,204,7.12,Americano,10,1514.94
2031-12-31,Wednesday,12,Winter,0,0,0,0,1,17,4.0,187,9.25,Americano,10,1797.3
2032-01-01,Thursday,1,Winter,0,0,0,1,1,12,0.0,230,9.86,Pastry,10,2743.72
2032-01-02,Friday,1,Winter,0,0,0,1,1,6,3.8,208,7.0,Pastry,10,1719.29
2032-01-03,Saturday,1,Winter,1,0,0,0,0,18,4.6,214,8.24,Espresso,11,1900.75
2032-01-04,Sunday,1,Winter,1,0,0,0,0,13,2.2,222,9.59,Tea,11,2137.58
2032-01-05,Monday,1,Winter,0,0,0,0,1,17,3.4,192,7.2,Latte,10,1535.53
2032-01-06,Tuesday,1,Winter,0,0,0,1,0,16,0.8,169,7.97,Americano,10,1541.57
2032-01-07,Wednesday,1,Winter,0,0,0,0,0,8,1.2,148,7.85,Americano,10,1114.69
2032-01-08,Thursday,1,Winter,0,0,0,0,0,8,0.0,149,9.27,Sandwich,10,1371.57
2032-01-09,Friday,1,Winter,0,0,0,0,1,17,1.5,186,9.62,Mocha,10,2023.04
2032-01-10,Saturday,1,Winter,1,0,0,0,0,10,0.0,218,7.53,Espresso,11,1696.85
2032-01-11,Sunday,1,Winter,1,0,0,1,1,16,4.3,290,8.78,Tea,11,2856.94
2032-01-12,Monday,1,Winter,0,0,0,0,0,11,8.6,103,8.07,Americano,10,805.44
2032-01-13,Tuesday,1,Winter,0,0,0,0,1,16,0.3,183,6.45,Tea,10,1216.34
2032-01-14,Wednesday,1,Winter,0,0,0,0,0,16,4.4,146,8.25,Mocha,10,1099.9
2032-01-15,Thursday,1,Winter,0,0,0,1,0,10,4.6,197,7.2,Americano,10,1581.96
2032-01-16,Friday,1,Winter,0,0,0,0,1,18,0.0,187,8.4,Sandwich,10,1654.97
2032-01-17,Saturday,1,Winter,1,0,0,0,1,6,1.0,249,9.24,Latte,11,2544.72
2032-01-18,Sunday,1,Winter,1,0,0,0,0,10,5.0,182,6.01,Americano,11,963.93
2032-01-19,Monday,1,Winter,0,0,0,0,0,16,2.8,112,4.52,Mocha,10,475.44
2032-01-20,Tuesday,1,Winter,0,0,0,0,0,7,0.0,164,10.38,Cappuccino,10,1575.18
2032-01-21,Wednesday,1,Winter,0,0,0,0,0,14,2.8,114,8.89,Latte,10,1132.42
2032-01-22,Thursday,1,Winter,0,0,0,1,0,18,6.6,193,5.05,Mocha,10,950.6
2032-01-23,Friday,1,Winter,0,0,0,0,0,16,3.3,142,5.62,Tea,10,795.41
2032-01-24,Saturday,1,Winter,1,0,0,0,0,11,1.4,226,4.7,Mocha,11,1162.09
2032-01-25,Sunday,1,Winter,1,0,0,0,0,10,0.0,234,7.33,Pastry,11,1723.55
2032-01-26,Monday,1,Winter,0,0,0,1,0,18,1.8,188,9.32,Cappuccino,10,1836.22
2032-01-27,Tuesday,1,Winter,0,0,0,0,1,12,4.2,193,8.04,Tea,10,1647.32
2032-01-28,Wednesday,1,Winter,0,0,0,1,0,17,4.8,191,8.89,Latte,10,1876.28
2032-01-29,Thursday,1,Winter,0,1,0,0,0,9,1.9,122,10.16,Latte,10,1183.54
2032-01-30,Friday,1,Winter,0,0,0,0,0,7,6.3,105,7.91,Cappuccino,10,807.07
2032-01-31,Saturday,1,Winter,1,0,0,1,0,9,4.3,241,5.28,Espresso,11,1263.69
2032-02-01,Sunday,2,Winter,1,0,0,1,0,10,0.0,272,9.25,Sandwich,11,2769.03
2032-02-02,Monday,2,Winter,0,0,0,0,0,16,5.0,110,6.01,Espresso,10,523.5
2032-02-03,Tuesday,2,Winter,0,1,0,0,1,18,4.1,186,9.62,Cappuccino,10,1796.17
2032-02-04,Wednesday,2,Winter,0,0,0,0,0,7,3.9,135,7.64,Mocha,10,1028.69
2032-02-05,Thursday,2,Winter,0,0,0,1,0,18,0.0,176,5.14,Latte,10,879.34
2032-02-06,Friday,2,Winter,0,0,0,0,0,6,4.0,119,10.44,Cappuccino,10,1115.86
2032-02-07,Saturday,2,Winter,1,0,0,0,0,17,4.4,197,7.02,Mocha,11,1247.12
2032-02-08,Sunday,2,Winter,1,0,0,0,0,9,6.6,220,6.0,Mocha,11,1187.28
2032-02-09,Monday,2,Winter,0,0,0,0,0,13,2.0,159,6.07,Pastry,10,951.81
2032-02-10,Tuesday,2,Winter,0,0,0,1,0,12,6.0,182,5.7,Espresso,10,1117.17
2032-02-11,Wednesday,2,Winter,0,0,0,0,0,12,2.6,113,8.33,Mocha,10,824.28
2032-02-12,Thursday,2,Winter,0,0,0,0,0,18,0.0,157,7.36,Latte,10,1119.91
2032-02-13,Friday,2,Winter,0,0,0,0,0,10,1.4,147,5.41,Espresso,10,866.48
2032-02-14,Saturday,2,Winter,1,0,0,0,0,13,0.0,205,10.17,Tea,11,2153.98
2032-02-15,Sunday,2,Winter,1,0,0,0,0,12,4.1,223,6.63,Tea,11,1562.73
2032-02-16,Monday,2,Winter,0,0,0,0,0,9,2.1,113,8.86,Cappuccino,10,1149.51
2032-02-17,Tuesday,2,Winter,0,0,0,0,0,13,0.0,135,7.96,Latte,10,935.72
2032-02-18,Wednesday,2,Winter,0,0,0,1,0,18,1.3,160,10.33,Mocha,10,1719.5
2032-02-19,Thursday,2,Winter,0,0,0,0,0,9,2.2,125,9.31,Tea,10,1173.55
2032-02-20,Friday,2,Winter,0,0,0,0,0,7,0.0,143,9.12,Tea,10,1352.78
2032-02-21,Saturday,2,Winter,1,0,0,1,0,6,1.3,250,8.89,Cappuccino,11,2376.87
2032-02-22,Sunday,2,Winter,1,0,0,0,0,14,2.2,188,5.53,Pastry,11,1025.93
2032-02-23,Monday,2,Winter,0,0,0,0,0,8,2.1,134,9.0,Cappuccino,10,1344.26
2032-02-24,Tuesday,2,Winter,0,0,0,0,1,17,6.3,195,10.14,Latte,10,1995.19
2032-02-25,Wednesday,2,Winter,0,0,0,0,1,8,2.3,177,4.62,Pastry,10,994.26
2032-02-26,Thursday,2,Winter,0,0,0,0,0,14,2.7,138,4.58,Tea,10,700.08
2032-02-27,Friday,2,Winter,0,0,0,0,0,11,0.0,142,5.61,Latte,10,848.05
2032-02-28,Saturday,2,Winter,1,0,0,0,1,12,2.4,266,10.05,Pastry,11,2764.59
2032-02-29,Sunday,2,Winter,1,0,0,0,0,6,2.4,219,5.87,Americano,11,1241.0
2032-03-01,Monday,3,Spring,0,0,0,1,0,18,7.2,168,10.4,Pastry,10,2013.78
2032-03-02,Tuesday,3,Spring,0,0,0,0,1,18,2.9,176,7.1,Latte,10,1311.69
2032-03-03,Wednesday,3,Spring,0,0,0,1,0,20,3.7,178,8.42,Pastry,10,1738.39
2032-03-04,Thursday,3,Spring,0,0,0,0,0,19,6.3,126,9.73,Pastry,10,1151.79
2032-03-05,Friday,3,Spring,0,0,1,0,0,21,0.5,126,9.64,Tea,10,1096.26
2032-03-06,Saturday,3,Spring,1,1,1,0,0,19,0.0,175,8.37,Sandwich,11,1587.37
2032-03-07,Sunday,3,Spring,1,0,1,0,0,23,4.6,201,8.72,Sandwich,11,1818.35
2032-03-08,Monday,3,Spring,0,0,1,0,0,23,2.5,118,8.44,Tea,10,871.71
2032-03-09,Tuesday,3,Spring,0,0,1,1,1,24,4.3,224,7.71,Pastry,10,2101.42
2032-03-10,Wednesday,3,Spring,0,0,0,0,0,26,1.6,114,6.3,Sandwich,10,825.72
2032-03-11,Thursday,3,Spring,0,0,1,0,0,29,0.0,108,9.56,Sandwich,10,1101.32
2032-03-12,Friday,3,Spring,0,0,1,0,0,21,0.0,137,5.62,Americano,10,822.2
2032-03-13,Saturday,3,Spring,1,0,0,0,0,23,4.5,198,5.93,Pastry,11,1245.52
2032-03-14,Sunday,3,Spring,1,0,0,0,0,22,2.1,228,8.41,Pastry,11,1792.49
2032-03-15,Monday,3,Spring,0,0,0,0,0,21,4.0,155,9.92,Tea,10,1623.04
2032-03-16,Tuesday,3,Spring,0,0,1,0,0,28,7.5,94,9.08,Espresso,10,907.68
2032-03-17,Wednesday,3,Spring,0,1,1,1,0,28,6.5,140,5.9,Tea,10,830.18
2032-03-18,Thursday,3,Spring,0,0,0,1,1,30,1.5,246,6.8,Sandwich,10,1877.12
2032-03-19,Friday,3,Spring,0,0,0,1,0,26,3.2,164,4.68,Latte,10,759.06
2032-03-20,Saturday,3,Spring,1,0,0,0,1,20,1.3,254,8.48,Americano,11,2331.11
2032-03-21,Sunday,3,Spring,1,0,1,0,0,22,6.9,198,8.92,Pastry,11,1845.46
2032-03-22,Monday,3,Spring,0,0,0,0,1,28,5.9,208,8.29,Americano,10,1812.27
2032-03-23,Tuesday,3,Spring,0,0,1,1,0,19,0.0,186,8.52,Sandwich,10,1703.35
2032-03-24,Wednesday,3,Spring,0,0,1,0,0,28,5.3,124,6.66,Espresso,10,874.06
2032-03-25,Thursday,3,Spring,0,0,0,0,0,28,7.2,109,9.46,Pastry,10,954.7
2032-03-26,Friday,3,Spring,0,0,1,0,0,24,1.7,115,6.75,Sandwich,10,810.11
2032-03-27,Saturday,3,Spring,1,0,0,0,0,27,4.2,213,9.51,Espresso,11,2078.06
2032-03-28,Sunday,3,Spring,1,0,1,0,0,23,7.2,194,4.97,Mocha,11,913.93
2032-03-29,Monday,3,Spring,0,0,0,1,0,29,7.4,172,6.26,Espresso,10,1304.08
2032-03-30,Tuesday,3,Spring,0,0,0,0,0,23,3.1,159,10.01,Cappuccino,10,1694.98
2032-03-31,Wednesday,3,Spring,0,0,0,1,0,18,1.2,174,6.65,Espresso,10,1379.96
2032-04-01,Thursday,4,Spring,0,0,0,1,0,27,6.9,179,6.31,Pastry,10,1132.8
2032-04-02,Friday,4,Spring,0,0,1,0,0,28,0.0,146,7.7,Americano,10,1182.64
2032-04-03,Saturday,4,Spring,1,0,0,0,1,23,0.0,264,7.52,Sandwich,11,2054.03
2032-04-04,Sunday,4,Spring,1,0,1,0,0,29,1.4,213,6.6,Espresso,11,1399.33
2032-04-05,Monday,4,Spring,0,0,1,0,0,29,4.4,101,8.66,Espresso,10,768.21
2032-04-06,Tuesday,4,Spring,0,0,0,0,0,19,4.9,149,7.87,Sandwich,10,1063.52
2032-04-07,Wednesday,4,Spring,0,0,1,1,0,20,0.6,179,6.43,Cappuccino,10,1375.62
2032-04-08,Thursday,4,Spring,0,0,0,0,0,30,5.5,121,9.68,Cappuccino,10,1038.79
2032-04-09,Friday,4,Spring,0,1,1,0,0,27,5.9,122,5.78,Mocha,10,589.55
2032-04-10,Saturday,4,Spring,1,0,1,0,1,29,0.0,250,5.08,Cappuccino,11,1221.04
2032-04-11,Sunday,4,Spring,1,0,0,0,0,18,5.8,205,6.04,Latte,11,1094.58
2032-04-12,Monday,4,Spring,0,0,1,0,0,23,0.0,120,10.31,Americano,10,1291.73
2032-04-13,Tuesday,4,Spring,0,0,1,1,0,29,0.0,183,7.08,Americano,10,1554.66
2032-04-14,Wednesday,4,Spring,0,0,1,0,1,18,8.3,174,9.72,Cappuccino,10,1744.6
2032-04-15,Thursday,4,Spring,0,0,1,0,0,29,2.6,113,10.1,Tea,10,1019.99
2032-04-16,Friday,4,Spring,0,0,0,0,0,24,0.4,122,4.53,Espresso,10,551.44
2032-04-17,Saturday,4,Spring,1,0,1,0,0,27,4.6,206,6.76,Sandwich,11,1284.61
2032-04-18,Sunday,4,Spring,1,0,1,1,0,28,5.5,248,6.74,Latte,11,1783.36
2032-04-19,Monday,4,Spring,0,0,1,0,0,30,0.0,119,4.77,Cappuccino,10,603.79
2032-04-20,Tuesday,4,Spring,0,0,0,1,1,24,6.7,214,7.61,Mocha,10,1743.0
2032-04-21,Wednesday,4,Spring,0,0,1,1,0,21,3.3,155,9.32,Sandwich,10,1557.07
2032-04-22,Thursday,4,Spring,0,0,0,0,0,22,1.8,134,6.66,Mocha,10,1035.5
2032-04-23,Friday,4,Spring,0,0,1,1,0,23,4.6,136,5.6,Americano,10,770.52
2032-04-24,Saturday,4,Spring,1,0,0,1,0,25,8.0,255,7.96,Mocha,11,2314.51
2032-04-25,Sunday,4,Spring,1,0,1,1,0,25,2.5,219,8.68,Mocha,11,2023.07
2032-04-26,Monday,4,Spring,0,0,0,0,0,21,3.1,141,5.48,Mocha,10,891.11
2032-04-27,Tuesday,4,Spring,0,0,1,0,0,30,4.9,130,5.99,Mocha,10,864.57
2032-04-28,Wednesday,4,Spring,0,0,0,0,0,25,0.0,115,9.99,Mocha,10,1131.29
2032-04-29,Thursday,4,Spring,0,0,1,1,1,22,2.3,232,5.98,Sandwich,10,1671.98
2032-04-30,Friday,4,Spring,0,0,1,0,0,27,4.1,99,4.76,Espresso,10,431.16
2032-05-01,Saturday,5,Spring,1,0,0,0,1,27,5.6,259,5.49,Sandwich,11,1451.64
2032-05-02,Sunday,5,Spring,1,0,0,0,0,23,7.6,219,8.21,Espresso,11,1901.06
2032-05-03,Monday,5,Spring,0,0,0,1,0,21,3.5,188,6.81,Cappuccino,10,1327.25
2032-05-04,Tuesday,5,Spring,0,0,0,1,0,20,1.0,196,10.01,Americano,10,2301.33
2032-05-05,Wednesday,5,Spring,0,1,0,1,0,22,0.9,176,5.23,Americano,10,1144.5
2032-05-06,Thursday,5,Spring,0,1,0,1,0,30,0.3,189,7.58,Pastry,10,1477.44
2032-05-07,Friday,5,Spring,0,0,0,0,0,25,3.2,111,5.55,Espresso,10,468.75
2032-05-08,Saturday,5,Spring,1,0,0,1,0,18,3.4,266,5.61,Tea,11,1714.13
2032-05-09,Sunday,5,Spring,1,0,0,1,0,23,3.7,254,6.59,Espresso,11,1988.72
2032-05-10,Monday,5,Spring,0,0,0,0,0,28,6.7,132,4.64,Sandwich,10,682.68
2032-05-11,Tuesday,5,Spring,0,0,0,0,0,23,3.1,153,5.57,Pastry,10,820.68
2032-05-12,Wednesday,5,Spring,0,0,0,0,1,24,4.3,174,10.11,Pastry,10,1964.53
2032-05-13,Thursday,5,Spring,0,0,0,0,1,20,1.1,210,7.53,Mocha,10,1731.79
2032-05-14,Friday,5,Spring,0,0,0,0,0,21,3.6,138,8.21,Americano,10,1128.85
2032-05-15,Saturday,5,Spring,1,0,0,1,0,18,4.6,228,6.45,Sandwich,11,1765.43
2032-05-16,Sunday,5,Spring,1,0,0,0,0,23,2.0,217,9.32,Mocha,11,1897.91
2032-05-17,Monday,5,Spring,0,0,0,0,0,25,8.1,148,4.55,Espresso,10,605.54
2032-05-18,Tuesday,5,Spring,0,0,0,0,0,20,7.5,104,9.99,Tea,10,1150.28
2032-05-19,Wednesday,5,Spring,0,0,0,1,0,26,3.9,189,5.03,Mocha,10,911.23
2032-05-20,Thursday,5,Spring,0,0,0,1,0,27,0.1,188,4.76,Cappuccino,10,1064.78
2032-05-21,Friday,5,Spring,0,0,0,0,0,29,2.9,148,8.06,Espresso,10,1246.48
2032-05-22,Saturday,5,Spring,1,0,0,0,1,23,7.2,245,10.1,Americano,11,2744.14
2032-05-23,Sunday,5,Spring,1,0,0,0,0,28,0.0,208,7.55,Espresso,11,1715.98
2032-05-24,Monday,5,Spring,0,0,0,0,0,18,1.2,140,9.06,Tea,10,1273.87
2032-05-25,Tuesday,5,Spring,0,0,0,1,0,25,0.0,201,5.98,Cappuccino,10,1258.74
2032-05-26,Wednesday,5,Spring,0,0,0,1,0,23,0.4,197,8.35,Americano,10,1917.67
2032-05-27,Thursday,5,Spring,0,0,0,1,0,25,0.3,203,9.77,Pastry,10,2138.17
2032-05-28,Friday,5,Spring,0,0,0,1,1,24,3.0,209,9.36,Mocha,10,2132.02
2032-05-29,Saturday,5,Spring,1,0,0,0,0,23,0.0,202,4.81,Mocha,11,894.65
2032-05-30,Sunday,5,Spring,1,0,0,1,1,30,2.5,325,5.11,Pastry,11,2024.69
2032-05-31,Monday,5,Spring,0,0,0,0,0,27,5.4,110,7.9,Latte,10,959.4
2032-06-01,Tuesday,6,Summer,0,0,0,0,0,28,5.4,144,8.64,Cappuccino,10,1178.17
2032-06-02,Wednesday,6,Summer,0,0,0,1,0,28,0.4,167,7.27,Latte,10,1349.41
2032-06-03,Thursday,6,Summer,0,0,0,0,1,34,0.0,194,6.53,Americano,10,1368.18
2032-06-04,Friday,6,Summer,0,0,0,0,0,39,0.0,161,9.83,Espresso,10,1724.55
2032-06-05,Saturday,6,Summer,1,0,0,0,0,33,0.0,186,6.25,Sandwich,11,1248.38
2032-06-06,Sunday,6,Summer,1,0,0,1,0,29,0.1,253,5.75,Pastry,11,1538.73
2032-06-07,Monday,6,Summer,0,0,0,1,0,37,0.0,190,10.23,Americano,10,2251.57
2032-06-08,Tuesday,6,Summer,0,0,0,0,0,38,2.8,133,9.1,Tea,10,1283.34
2032-06-09,Wednesday,6,Summer,0,0,0,0,1,33,4.2,200,9.45,Americano,10,1891.82
2032-06-10,Thursday,6,Summer,0,0,0,1,1,37,0.0,249,4.9,Espresso,10,1327.91
2032-06-11,Friday,6,Summer,0,0,0,0,1,32,2.0,192,6.34,Pastry,10,1408.91
2032-06-12,Saturday,6,Summer,1,0,0,0,0,42,0.0,211,4.71,Tea,11,1048.48
2032-06-13,Sunday,6,Summer,1,0,0,0,1,31,2.0,281,8.68,Sandwich,11,2427.74
2032-06-14,Monday,6,Summer,0,0,0,1,0,31,0.0,169,7.43,Americano,10,1449.18
2032-06-15,Tuesday,6,Summer,0,0,0,0,0,30,6.0,145,7.65,Cappuccino,10,1113.17
2032-06-16,Wednesday,6,Summer,0,0,0,0,0,30,0.0,120,4.75,Cappuccino,10,623.9
2032-06-17,Thursday,6,Summer,0,0,0,1,0,33,0.0,177,7.75,Mocha,10,1656.7
2032-06-18,Friday,6,Summer,0,0,0,0,0,32,0.0,138,6.32,Cappuccino,10,889.82
2032-06-19,Saturday,6,Summer,1,0,0,1,0,37,2.0,253,5.59,Pastry,11,1458.74
2032-06-20,Sunday,6,Summer,1,0,0,0,0,35,1.2,190,5.46,Tea,11,948.75
2032-06-21,Monday,6,Summer,0,0,0,1,0,36,1.3,204,5.93,Mocha,10,1451.02
2032-06-22,Tuesday,6,Summer,0,0,0,1,0,31,0.0,191,10.19,Sandwich,10,2219.64
2032-06-23,Wednesday,6,Summer,0,0,0,1,1,40,0.0,228,7.33,Pastry,10,1815.59
2032-06-24,Thursday,6,Summer,0,0,0,1,0,30,0.0,201,4.56,Sandwich,10,964.22
2032-06-25,Friday,6,Summer,0,0,0,0,0,39,5.6,115,8.35,Cappuccino,10,1000.82
2032-06-26,Saturday,6,Summer,1,0,0,0,0,39,0.0,185,10.26,Americano,11,2014.53
2032-06-27,Sunday,6,Summer,1,0,0,0,0,32,0.0,187,9.95,Latte,11,1724.87
2032-06-28,Monday,6,Summer,0,0,0,0,0,28,0.0,145,9.1,Tea,10,1465.95
2032-06-29,Tuesday,6,Summer,0,0,0,0,0,33,0.0,161,4.81,Pastry,10,747.98
2032-06-30,Wednesday,6,Summer,0,0,0,0,0,33,0.2,139,10.29,Latte,10,1444.01
2032-07-01,Thursday,7,Summer,0,0,0,1,0,38,0.0,184,7.91,Pastry,10,1618.76
2032-07-02,Friday,7,Summer,0,0,0,0,1,35,1.4,199,5.94,Pastry,10,1093.28
2032-07-03,Saturday,7,Summer,1,0,0,1,0,39,5.8,256,6.8,Mocha,11,1800.35
2032-07-04,Sunday,7,Summer,1,0,0,1,0,34,0.0,243,10.41,Espresso,11,2862.71
2032-07-05,Monday,7,Summer,0,0,0,0,1,29,0.0,208,7.95,Mocha,10,1825.5
2032-07-06,Tuesday,7,Summer,0,0,0,0,0,42,3.8,141,7.78,Espresso,10,1190.47
2032-07-07,Wednesday,7,Summer,0,0,0,0,0,38,3.0,118,10.18,Tea,10,1097.44
2032-07-08,Thursday,7,Summer,0,0,0,0,1,29,0.0,208,7.93,Cappuccino,10,1831.1
2032-07-09,Friday,7,Summer,0,0,0,0,0,32,0.0,159,8.28,Mocha,10,1207.65
2032-07-10,Saturday,7,Summer,1,0,0,0,0,36,4.8,186,7.24,Mocha,11,1212.09
2032-07-11,Sunday,7,Summer,1,0,0,0,0,36,4.9,185,8.22,Espresso,11,1429.23
2032-07-12,Monday,7,Summer,0,0,0,0,1,40,3.0,214,6.57,Mocha,10,1584.39
2032-07-13,Tuesday,7,Summer,0,0,0,0,0,31,2.0,137,7.93,Cappuccino,10,1177.94
2032-07-14,Wednesday,7,Summer,0,0,0,0,0,28,6.6,132,6.87,Latte,10,983.29
2032-07-15,Thursday,7,Summer,0,0,0,1,0,34,0.0,183,5.58,Americano,10,1078.04
2032-07-16,Friday,7,Summer,0,0,0,0,0,41,0.0,152,5.55,Tea,10,813.32
2032-07-17,Saturday,7,Summer,1,0,0,1,0,39,3.0,269,7.71,Latte,11,2249.82
2032-07-18,Sunday,7,Summer,1,0,0,0,0,29,3.9,203,5.05,Espresso,11,1001.23
2032-07-19,Monday,7,Summer,0,0,0,1,0,37,0.0,169,8.78,Cappuccino,10,1727.0
2032-07-20,Tuesday,7,Summer,0,0,0,1,0,41,0.0,200,10.1,Sandwich,10,2339.28
2032-07-21,Wednesday,7,Summer,0,0,0,0,0,29,0.0,129,5.78,Mocha,10,865.03
2032-07-22,Thursday,7,Summer,0,0,0,0,0,35,0.0,160,7.19,Sandwich,10,1099.45
2032-07-23,Friday,7,Summer,0,0,0,0,0,35,0.0,131,9.62,Tea,10,1342.72
2032-07-24,Saturday,7,Summer,1,0,0,0,0,29,0.0,216,7.26,Sandwich,11,1592.92
2032-07-25,Sunday,7,Summer,1,0,0,0,1,29,0.0,271,5.74,Espresso,11,1619.4
2032-07-26,Monday,7,Summer,0,0,0,1,0,37,2.4,161,7.21,Latte,10,1359.26
2032-07-27,Tuesday,7,Summer,0,0,0,0,0,39,1.4,125,5.19,Tea,10,728.54
2032-07-28,Wednesday,7,Summer,0,0,0,0,0,39,6.0,124,5.47,Sandwich,10,532.62
2032-07-29,Thursday,7,Summer,0,0,0,0,0,39,0.0,158,6.36,Pastry,10,1076.16
2032-07-30,Friday,7,Summer,0,0,0,1,0,42,0.0,179,10.14,Mocha,10,2094.34
2032-07-31,Saturday,7,Summer,1,0,0,0,0,35,1.1,198,8.79,Americano,11,1655.56
2032-08-01,Sunday,8,Summer,1,0,0,1,0,38,0.0,266,5.91,Tea,11,1679.46
2032-08-02,Monday,8,Summer,0,0,0,0,0,28,1.4,142,4.91,Tea,10,781.27
2032-08-03,Tuesday,8,Summer,0,0,0,0,0,31,0.0,136,7.65,Americano,10,971.42
2032-08-04,Wednesday,8,Summer,0,0,0,1,0,37,0.0,174,8.13,Sandwich,10,1660.87
2032-08-05,Thursday,8,Summer,0,0,0,0,0,34,5.4,134,9.76,Latte,10,1400.0
2032-08-06,Friday,8,Summer,0,0,0,0,0,40,0.8,129,8.4,Pastry,10,1089.11
2032-08-07,Saturday,8,Summer,1,0,0,1,1,41,0.5,309,6.31,Tea,11,2206.48
2032-08-08,Sunday,8,Summer,1,0,0,0,0,36,0.0,227,5.13,Cappuccino,11,1296.33
2032-08-09,Monday,8,Summer,0,0,0,0,1,38,0.0,203,9.66,Tea,10,2094.01
2032-08-10,Tuesday,8,Summer,0,0,0,1,0,32,0.0,186,9.97,Espresso,10,2070.22
2032-08-11,Wednesday,8,Summer,0,0,0,1,0,31,3.0,161,7.23,Mocha,10,1134.71
2032-08-12,Thursday,8,Summer,0,0,0,1,1,30,1.9,231,7.59,Sandwich,10,2028.24
2032-08-13,Friday,8,Summer,0,0,0,0,0,42,0.0,127,10.09,Cappuccino,10,1281.76
2032-08-14,Saturday,8,Summer,1,0,0,0,0,36,0.0,186,8.81,Sandwich,11,1622.18
2032-08-15,Sunday,8,Summer,1,0,0,1,0,39,3.4,253,9.91,Sandwich,11,2873.14
2032-08-16,Monday,8,Summer,0,0,0,1,1,30,0.0,240,6.06,Cappuccino,10,1819.51
2032-08-17,Tuesday,8,Summer,0,0,0,0,0,31,3.5,150,5.94,Sandwich,10,929.56
2032-08-18,Wednesday,8,Summer,0,0,0,1,0,39,6.2,153,10.02,Pastry,10,1636.16
2032-08-19,Thursday,8,Summer,0,0,0,1,0,40,1.5,207,8.98,Mocha,10,1960.98
2032-08-20,Friday,8,Summer,0,0,0,0,0,31,0.4,156,7.45,Tea,10,1060.24
2032-08-21,Saturday,8,Summer,1,0,0,0,1,39,1.5,269,5.35,Latte,11,1447.73
2032-08-22,Sunday,8,Summer,1,0,0,0,0,34,3.4,220,6.95,Mocha,11,1387.03
2032-08-23,Monday,8,Summer,0,0,0,0,0,33,2.6,151,7.93,Tea,10,1318.51
2032-08-24,Tuesday,8,Summer,0,0,0,1,0,28,7.2,164,6.55,Sandwich,10,1260.12
2032-08-25,Wednesday,8,Summer,0,0,0,1,1,38,0.0,228,6.4,Mocha,10,1618.91
2032-08-26,Thursday,8,Summer,0,0,0,0,0,31,3.2,130,7.98,Mocha,10,1131.46
2032-08-27,Friday,8,Summer,0,0,0,0,0,41,4.6,106,7.4,Mocha,10,867.87
2032-08-28,Saturday,8,Summer,1,0,0,0,1,32,0.0,258,6.05,Latte,11,1673.94
2032-08-29,Sunday,8,Summer,1,1,0,0,0,34,0.0,216,6.21,Pastry,11,1310.49
2032-08-30,Monday,8,Summer,0,0,0,0,0,33,2.8,150,9.57,Mocha,10,1371.44
2032-08-31,Tuesday,8,Summer,0,0,0,1,0,35,6.2,153,8.07,Sandwich,10,1397.55
2032-09-01,Wednesday,9,Autumn,0,0,0,0,0,27,0.5,135,8.68,Mocha,10,1090.03
2032-09-02,Thursday,9,Autumn,0,0,0,0,0,22,9.0,121,9.03,Espresso,10,1078.48
2032-09-03,Friday,9,Autumn,0,0,0,0,0,26,1.5,160,10.08,Tea,10,1650.18
2032-09-04,Saturday,9,Autumn,1,0,0,1,0,24,6.7,258,9.14,Espresso,11,2711.51
2032-09-05,Sunday,9,Autumn,1,0,0,0,0,24,6.2,193,8.37,Pastry,11,1474.04
2032-09-06,Monday,9,Autumn,0,0,0,0,1,29,0.0,200,9.87,Cappuccino,10,1965.36
2032-09-07,Tuesday,9,Autumn,0,0,0,1,0,26,5.1,166,9.9,Latte,10,1786.33
2032-09-08,Wednesday,9,Autumn,0,1,0,0,0,27,2.4,119,6.85,Sandwich,10,671.5
2032-09-09,Thursday,9,Autumn,0,0,0,0,0,24,0.0,124,10.14,Mocha,10,1322.03
2032-09-10,Friday,9,Autumn,0,0,0,0,0,23,0.5,135,6.47,Tea,10,994.98
2032-09-11,Saturday,9,Autumn,1,0,0,0,0,22,8.4,191,9.53,Americano,11,1663.67
2032-09-12,Sunday,9,Autumn,1,0,0,1,0,25,4.5,254,6.14,Mocha,11,1752.8
2032-09-13,Monday,9,Autumn,0,0,0,0,0,24,5.9,107,10.4,Americano,10,1146.42
2032-09-14,Tuesday,9,Autumn,0,0,0,1,0,29,8.0,151,4.73,Espresso,10,798.78
2032-09-15,Wednesday,9,Autumn,0,0,0,0,0,21,7.6,124,7.2,Mocha,10,1032.1
2032-09-16,Thursday,9,Autumn,0,0,0,1,1,30,5.8,218,4.51,Sandwich,10,1030.86
2032-09-17,Friday,9,Autumn,0,0,0,1,1,19,4.7,219,7.82,Sandwich,10,2057.07
2032-09-18,Saturday,9,Autumn,1,0,0,0,1,29,9.2,233,9.98,Mocha,11,2448.39
2032-09-19,Sunday,9,Autumn,1,0,0,1,0,22,4.2,223,6.59,Sandwich,11,1755.13
2032-09-20,Monday,9,Autumn,0,0,0,1,0,28,0.7,162,8.83,Americano,10,1532.77
2032-09-21,Tuesday,9,Autumn,0,0,0,1,0,22,5.8,149,9.25,Pastry,10,1370.76
2032-09-22,Wednesday,9,Autumn,0,0,0,1,0,25,0.0,190,9.23,Tea,10,2015.19
2032-09-23,Thursday,9,Autumn,0,0,0,0,0,22,6.1,115,6.1,Pastry,10,657.58
2032-09-24,Friday,9,Autumn,0,0,0,1,0,26,4.1,176,6.83,Pastry,10,1394.53
2032-09-25,Saturday,9,Autumn,1,0,0,0,0,26,4.1,202,9.17,Americano,11,1830.46
2032-09-26,Sunday,9,Autumn,1,0,0,1,0,30,2.9,252,6.73,Latte,11,1885.43
2032-09-27,Monday,9,Autumn,0,0,0,1,1,30,6.1,227,5.54,Tea,10,1395.39
2032-09-28,Tuesday,9,Autumn,0,0,0,0,0,21,6.7,150,7.13,Pastry,10,1142.34
2032-09-29,Wednesday,9,Autumn,0,0,0,0,0,21,7.8,139,5.69,Sandwich,10,884.9
2032-09-30,Thursday,9,Autumn,0,0,0,0,0,18,1.8,153,8.52,Tea,10,1412.01
2032-10-01,Friday,10,Autumn,0,0,0,0,0,20,2.5,113,7.88,Mocha,10,762.04
2032-10-02,Saturday,10,Autumn,1,0,0,0,0,25,0.0,188,9.27,Tea,11,1620.05
2032-10-03,Sunday,10,Autumn,1,0,0,0,0,28,4.8,197,5.38,Cappuccino,11,1158.78
2032-10-04,Monday,10,Autumn,0,0,0,0,0,19,1.5,152,5.3,Mocha,10,814.97
2032-10-05,Tuesday,10,Autumn,0,0,0,0,0,26,0.0,156,5.69,Sandwich,10,903.94
2032-10-06,Wednesday,10,Autumn,0,0,0,0,0,24,4.0,121,9.15,Pastry,10,1070.97
2032-10-07,Thursday,10,Autumn,0,0,0,0,1,24,5.9,166,6.71,Tea,10,1255.65
2032-10-08,Friday,10,Autumn,0,0,0,1,0,22,1.2,197,6.59,Cappuccino,10,1462.83
2032-10-09,Saturday,10,Autumn,1,0,0,0,0,27,6.9,189,9.43,Americano,11,1660.9
2032-10-10,Sunday,10,Autumn,1,0,0,0,0,18,0.0,187,4.97,Pastry,11,787.79
2032-10-11,Monday,10,Autumn,0,0,0,0,0,22,1.6,162,5.57,Espresso,10,794.6
2032-10-12,Tuesday,10,Autumn,0,0,0,0,0,24,3.5,108,9.78,Pastry,10,1053.83
2032-10-13,Wednesday,10,Autumn,0,0,0,0,1,18,5.7,173,7.02,Espresso,10,1164.78
2032-10-14,Thursday,10,Autumn,0,0,0,1,0,20,2.0,175,8.16,Americano,10,1706.51
2032-10-15,Friday,10,Autumn,0,0,0,1,0,18,6.4,166,7.79,Espresso,10,1382.69
2032-10-16,Saturday,10,Autumn,1,0,0,1,1,26,2.1,324,4.94,Americano,11,1871.98
2032-10-17,Sunday,10,Autumn,1,0,0,0,0,19,4.0,190,4.85,Latte,11,881.61
2032-10-18,Monday,10,Autumn,0,0,0,0,0,28,5.7,143,5.61,Pastry,10,779.01
2032-10-19,Tuesday,10,Autumn,0,0,0,1,0,24,3.2,177,5.81,Latte,10,1249.73
2032-10-20,Wednesday,10,Autumn,0,0,0,0,0,21,0.5,149,6.04,Tea,10,783.55
2032-10-21,Thursday,10,Autumn,0,0,0,0,0,28,5.9,120,6.89,Americano,10,826.03
2032-10-22,Friday,10,Autumn,0,0,0,0,0,20,3.8,153,9.7,Tea,10,1337.2
2032-10-23,Saturday,10,Autumn,1,0,0,1,0,21,1.4,264,10.35,Cappuccino,11,2942.62
2032-10-24,Sunday,10,Autumn,1,1,0,0,0,22,0.7,205,5.4,Americano,11,1038.62
2032-10-25,Monday,10,Autumn,0,0,0,1,0,19,4.8,177,7.0,Latte,10,1322.2
2032-10-26,Tuesday,10,Autumn,0,0,0,1,0,26,1.9,179,6.72,Sandwich,10,1258.96
2032-10-27,Wednesday,10,Autumn,0,0,0,0,0,24,2.2,128,9.07,Cappuccino,10,1176.23
2032-10-28,Thursday,10,Autumn,0,1,0,0,1,24,1.7,180,7.93,Latte,10,1642.48
2032-10-29,Friday,10,Autumn,0,0,0,0,0,24,2.9,118,6.93,Mocha,10,839.41
2032-10-30,Saturday,10,Autumn,1,0,0,0,1,26,5.9,277,9.41,Latte,11,2724.17
2032-10-31,Sunday,10,Autumn,1,0,0,0,0,24,5.0,223,6.21,Mocha,11,1397.89
2032-11-01,Monday,11,Autumn,0,0,0,1,0,23,0.0,163,8.46,Sandwich,10,1518.17
2032-11-02,Tuesday,11,Autumn,0,0,0,1,0,30,4.7,153,8.27,Americano,10,1477.96
2032-11-03,Wednesday,11,Autumn,0,0,0,1,0,24,4.0,192,10.27,Mocha,10,2183.97
2032-11-04,Thursday,11,Autumn,0,0,0,1,1,19,8.9,206,8.42,Americano,10,1924.89
2032-11-05,Friday,11,Autumn,0,0,0,0,1,18,3.3,209,5.76,Tea,10,1268.31
2032-11-06,Saturday,11,Autumn,1,0,0,0,0,29,0.0,210,7.85,Sandwich,11,1503.38
2032-11-07,Sunday,11,Autumn,1,0,0,1,1,20,4.5,311,7.2,Sandwich,11,2468.42
2032-11-08,Monday,11,Autumn,0,0,0,0,0,27,1.0,140,10.38,Mocha,10,1335.36
2032-11-09,Tuesday,11,Autumn,0,0,0,0,0,22,3.3,132,10.0,Sandwich,10,1406.86
2032-11-10,Wednesday,11,Autumn,0,0,0,0,0,26,5.6,139,5.03,Sandwich,10,563.85
2032-11-11,Thursday,11,Autumn,0,0,0,0,0,30,5.6,119,7.23,Mocha,10,726.28
2032-11-12,Friday,11,Autumn,0,0,0,1,0,25,0.0,210,9.14,Pastry,10,2035.1
2032-11-13,Saturday,11,Autumn,1,0,0,0,0,28,3.7,185,8.73,Pastry,11,1634.12
2032-11-14,Sunday,11,Autumn,1,0,0,0,1,28,2.2,256,5.65,Cappuccino,11,1582.32
2032-11-15,Monday,11,Autumn,0,0,0,0,0,18,2.8,129,6.29,Tea,10,804.83
2032-11-16,Tuesday,11,Autumn,0,0,0,1,1,26,11.3,238,9.83,Americano,10,2566.93
2032-11-17,Wednesday,11,Autumn,0,0,0,0,0,24,4.5,139,6.83,Espresso,10,839.26
2032-11-18,Thursday,11,Autumn,0,0,0,0,0,26,1.3,150,5.27,Sandwich,10,712.29
2032-11-19,Friday,11,Autumn,0,0,0,1,1,21,0.8,262,7.23,Sandwich,10,2077.12
2032-11-20,Saturday,11,Autumn,1,0,0,1,0,19,2.3,262,8.46,Tea,11,2485.11
2032-11-21,Sunday,11,Autumn,1,0,0,0,0,21,4.6,196,5.48,Tea,11,1037.68
2032-11-22,Monday,11,Autumn,0,0,0,1,0,28,0.0,203,5.74,Latte,10,1163.66
2032-11-23,Tuesday,11,Autumn,0,0,0,0,1,27,0.0,199,6.03,Espresso,10,1273.14
2032-11-24,Wednesday,11,Autumn,0,0,0,0,0,21,0.0,117,4.84,Cappuccino,10,449.21
2032-11-25,Thursday,11,Autumn,0,0,0,0,0,23,2.8,127,6.79,Cappuccino,10,733.65
2032-11-26,Friday,11,Autumn,0,0,0,0,0,29,3.6,115,8.83,Americano,10,1147.39
2032-11-27,Saturday,11,Autumn,1,0,0,1,0,25,1.6,275,7.41,Espresso,11,2349.03
2032-11-28,Sunday,11,Autumn,1,0,0,0,0,20,6.8,207,7.12,Pastry,11,1613.21
2032-11-29,Monday,11,Autumn,0,0,0,0,0,30,2.0,141,6.95,Sandwich,10,1100.48
2032-11-30,Tuesday,11,Autumn,0,0,0,1,0,24,5.4,162,7.09,Latte,10,1265.38
2032-12-01,Wednesday,12,Winter,0,0,0,0,0,12,2.6,159,6.47,Sandwich,10,1039.53
2032-12-02,Thursday,12,Winter,0,0,0,1,1,13,0.2,249,6.88,Tea,10,2082.8
2032-12-03,Friday,12,Winter,0,0,0,1,0,11,0.0,197,6.17,Cappuccino,10,1342.89
2032-12-04,Saturday,12,Winter,1,0,0,0,0,6,0.0,216,5.3,Cappuccino,11,1052.64
2032-12-05,Sunday,12,Winter,1,0,0,0,0,8,0.0,210,8.91,Cappuccino,11,1796.54
2032-12-06,Monday,12,Winter,0,0,0,0,0,16,5.1,107,4.76,Latte,10,488.1
2032-12-07,Tuesday,12,Winter,0,0,0,0,0,11,3.5,126,10.2,Espresso,10,1281.27
2032-12-08,Wednesday,12,Winter,0,0,0,0,0,5,0.8,137,6.04,Americano,10,689.3
2032-12-09,Thursday,12,Winter,0,0,0,0,1,5,3.2,182,9.67,Sandwich,10,1892.87
2032-12-10,Friday,12,Winter,0,0,0,0,1,5,0.1,207,6.03,Americano,10,1263.08
2032-12-11,Saturday,12,Winter,1,0,0,0,0,9,0.8,226,7.5,Espresso,11,1607.27
2032-12-12,Sunday,12,Winter,1,0,0,0,0,7,5.5,205,4.65,Pastry,11,967.88
2032-12-13,Monday,12,Winter,0,0,0,1,0,14,6.0,193,6.75,Espresso,10,1316.27
2032-12-14,Tuesday,12,Winter,0,0,0,1,0,18,3.5,175,5.06,Americano,10,825.53
2032-12-15,Wednesday,12,Winter,0,0,0,0,0,13,3.9,118,7.18,Americano,10,866.58
2032-12-16,Thursday,12,Winter,0,0,0,1,0,17,0.0,188,6.05,Cappuccino,10,1293.01
2032-12-17,Friday,12,Winter,0,0,0,0,0,12,4.8,121,10.2,Mocha,10,1103.95
2032-12-18,Saturday,12,Winter,1,0,0,0,0,8,0.0,221,5.59,Mocha,11,1332.64
2032-12-19,Sunday,12,Winter,1,0,0,0,0,18,2.1,205,6.89,Americano,11,1313.22
2032-12-20,Monday,12,Winter,0,0,0,0,0,16,5.6,147,7.47,Tea,10,1178.18
2032-12-21,Tuesday,12,Winter,0,0,0,1,0,14,0.9,196,10.33,Pastry,10,2089.67
2032-12-22,Wednesday,12,Winter,0,0,0,0,1,9,0.4,212,8.68,Cappuccino,10,1950.75
2032-12-23,Thursday,12,Winter,0,0,0,1,0,8,4.7,169,6.13,Mocha,10,1277.44
2032-12-24,Friday,12,Winter,0,0,0,1,0,12,0.0,183,4.71,Latte,10,1066.47
2032-12-25,Saturday,12,Winter,1,0,0,0,0,17,1.9,221,8.22,Mocha,11,1951.12
2032-12-26,Sunday,12,Winter,1,0,0,0,1,8,8.8,240,10.23,Espresso,11,2490.26
2032-12-27,Monday,12,Winter,0,0,0,0,0,18,4.1,155,6.44,Pastry,10,930.35
2032-12-28,Tuesday,12,Winter,0,0,0,1,1,14,3.3,230,5.63,Cappuccino,10,1609.74
2032-12-29,Wednesday,12,Winter,0,0,0,0,1,10,1.7,207,6.6,Sandwich,10,1387.66
2032-12-30,Thursday,12,Winter,0,0,0,0,0,11,1.7,161,8.49,Espresso,10,1271.02
2032-12-31,Friday,12,Winter,0,0,0,0,1,17,2.2,182,6.54,Espresso,10,1256.37
2033-01-01,Saturday,1,Winter,1,0,0,1,0,6,1.7,235,5.38,Pastry,11,1411.86
2033-01-02,Sunday,1,Winter,1,0,0,0,0,13,2.0,221,5.59,Mocha,11,1329.69
2033-01-03,Monday,1,Winter,0,0,0,1,0,18,4.4,170,9.13,Latte,10,1854.45
2033-01-04,Tuesday,1,Winter,0,0,0,1,0,17,1.3,170,5.13,Americano,10,835.55
2033-01-05,Wednesday,1,Winter,0,0,0,0,0,6,6.5,134,7.04,Sandwich,10,1030.53
2033-01-06,Thursday,1,Winter,0,1,0,0,0,17,8.4,102,10.16,Latte,10,1093.43
2033-01-07,Friday,1,Winter,0,0,0,0,0,18,0.0,160,5.39,Mocha,10,1012.21
2033-01-08,Saturday,1,Winter,1,0,0,0,0,13,0.1,192,9.51,Espresso,11,1745.49
2033-01-09,Sunday,1,Winter,1,0,0,0,0,5,0.0,212,7.02,Espresso,11,1513.43
2033-01-10,Monday,1,Winter,0,0,0,0,0,7,4.5,155,4.72,Cappuccino,10,733.89
2033-01-11,Tuesday,1,Winter,0,0,0,0,0,13,0.0,116,9.35,Latte,10,1216.48
2033-01-12,Wednesday,1,Winter,0,0,0,1,0,9,3.6,189,6.79,Tea,10,1278.22
2033-01-13,Thursday,1,Winter,0,0,0,1,0,8,1.9,204,9.58,Tea,10,2184.95
2033-01-14,Friday,1,Winter,0,0,0,1,0,6,0.0,189,7.1,Cappuccino,10,1376.87
2033-01-15,Saturday,1,Winter,1,0,0,0,0,10,5.1,189,9.99,Tea,11,1832.33
2033-01-16,Sunday,1,Winter,1,0,0,1,0,6,9.3,232,7.25,Mocha,11,1775.27
2033-01-17,Monday,1,Winter,0,0,0,0,0,13,1.4,115,7.31,Americano,10,957.49
2033-01-18,Tuesday,1,Winter,0,0,0,0,0,17,0.0,146,9.5,Tea,10,1396.12
2033-01-19,Wednesday,1,Winter,0,0,0,0,0,18,0.8,157,5.59,Cappuccino,10,1010.37
2033-01-20,Thursday,1,Winter,0,0,0,0,0,8,3.9,148,4.96,Pastry,10,740.1
2033-01-21,Friday,1,Winter,0,0,0,1,0,11,0.0,180,9.14,Sandwich,10,1665.6
2033-01-22,Saturday,1,Winter,1,0,0,0,0,13,2.0,199,10.1,Sandwich,11,1934.18
2033-01-23,Sunday,1,Winter,1,0,0,1,1,12,9.2,282,6.48,Mocha,11,2090.14
2033-01-24,Monday,1,Winter,0,0,0,0,0,7,0.0,155,6.13,Espresso,10,1082.98
2033-01-25,Tuesday,1,Winter,0,0,0,1,0,6,3.7,180,7.96,Mocha,10,1511.63
2033-01-26,Wednesday,1,Winter,0,0,0,0,0,10,6.8,120,9.57,Mocha,10,1221.38
2033-01-27,Thursday,1,Winter,0,0,0,1,0,5,0.0,173,5.7,Sandwich,10,1018.36
2033-01-28,Friday,1,Winter,0,1,0,1,0,15,4.7,177,8.63,Cappuccino,10,1758.92
2033-01-29,Saturday,1,Winter,1,0,0,0,0,10,4.7,200,6.01,Tea,11,1138.0
2033-01-30,Sunday,1,Winter,1,0,0,0,0,7,5.0,182,6.4,Espresso,11,1283.0
2033-01-31,Monday,1,Winter,0,0,0,0,0,8,0.3,163,6.7,Latte,10,1210.24
2033-02-01,Tuesday,2,Winter,0,0,0,0,1,17,0.0,199,8.24,Latte,10,1811.42
2033-02-02,Wednesday,2,Winter,0,0,0,1,1,5,5.0,230,7.4,Mocha,10,1809.28
2033-02-03,Thursday,2,Winter,0,0,0,0,0,16,0.5,128,5.5,Mocha,10,641.51
2033-02-04,Friday,2,Winter,0,0,0,0,0,12,5.2,144,7.16,Latte,10,952.64
2033-02-05,Saturday,2,Winter,1,0,0,0,0,15,1.3,214,7.43,Tea,11,1660.87
2033-02-06,Sunday,2,Winter,1,0,0,1,1,16,0.0,329,9.9,Americano,11,3604.39
2033-02-07,Monday,2,Winter,0,1,0,0,0,9,4.9,125,7.17,Tea,10,971.48
2033-02-08,Tuesday,2,Winter,0,0,0,1,0,8,3.1,195,7.21,Cappuccino,10,1456.55
2033-02-09,Wednesday,2,Winter,0,0,0,0,0,16,7.3,109,9.27,Americano,10,886.46
2033-02-10,Thursday,2,Winter,0,0,0,0,0,17,6.9,141,8.31,Mocha,10,1242.89
2033-02-11,Friday,2,Winter,0,0,0,0,0,13,3.9,124,6.53,Latte,10,915.16
2033-02-12,Saturday,2,Winter,1,0,0,0,0,8,0.0,203,6.64,Cappuccino,11,1486.93
2033-02-13,Sunday,2,Winter,1,0,0,0,0,13,6.3,214,8.77,Tea,11,1790.55
2033-02-14,Monday,2,Winter,0,0,0,0,0,18,6.6,142,10.17,Pastry,10,1502.48
2033-02-15,Tuesday,2,Winter,0,0,0,1,0,14,0.0,177,9.14,Americano,10,1912.61
2033-02-16,Wednesday,2,Winter,0,0,0,0,0,5,2.5,114,6.99,Mocha,10,883.86
2033-02-17,Thursday,2,Winter,0,0,0,1,0,8,0.0,160,8.26,Latte,10,1525.54
2033-02-18,Friday,2,Winter,0,0,0,0,0,10,0.0,146,6.33,Pastry,10,1043.3
2033-02-19,Saturday,2,Winter,1,0,0,0,0,12,0.6,209,7.96,Americano,11,1780.29
2033-02-20,Sunday,2,Winter,1,0,0,0,1,12,5.3,242,7.04,Sandwich,11,1640.88
2033-02-21,Monday,2,Winter,0,0,0,1,1,15,6.2,241,6.02,Cappuccino,10,1572.52
2033-02-22,Tuesday,2,Winter,0,0,0,0,0,11,1.4,132,8.98,Latte,10,1088.1
2033-02-23,Wednesday,2,Winter,0,0,0,0,1,14,1.5,199,5.79,Americano,10,1278.11
2033-02-24,Thursday,2,Winter,0,0,0,0,0,8,0.0,124,7.72,Americano,10,863.11
2033-02-25,Friday,2,Winter,0,0,0,1,0,14,2.7,181,10.12,Cappuccino,10,1984.29
2033-02-26,Saturday,2,Winter,1,0,0,0,0,8,5.4,188,6.22,Latte,11,1097.51
2033-02-27,Sunday,2,Winter,1,0,0,0,1,7,0.0,275,8.3,Latte,11,2259.85
2033-02-28,Monday,2,Winter,0,0,0,1,0,9,1.5,163,6.42,Pastry,10,1032.46
2033-03-01,Tuesday,3,Spring,0,0,1,1,0,22,4.2,152,6.01,Mocha,10,1034.03
2033-03-02,Wednesday,3,Spring,0,0,0,1,0,22,5.5,163,4.65,Americano,10,824.46
2033-03-03,Thursday,3,Spring,0,0,1,1,0,26,0.0,169,9.54,Pastry,10,1678.4
2033-03-04,Friday,3,Spring,0,0,1,1,1,22,6.0,198,7.75,Latte,10,1798.95
2033-03-05,Saturday,3,Spring,1,0,0,0,0,26,2.4,226,7.87,Latte,11,1822.89
2033-03-06,Sunday,3,Spring,1,0,0,1,0,23,0.0,233,6.87,Pastry,11,1856.04
2033-03-07,Monday,3,Spring,0,0,1,0,1,23,0.0,166,5.35,Tea,10,885.95
2033-03-08,Tuesday,3,Spring,0,0,1,0,0,21,1.2,122,6.66,Mocha,10,848.3
2033-03-09,Wednesday,3,Spring,0,0,0,0,0,23,2.3,126,10.32,Pastry,10,1152.65
2033-03-10,Thursday,3,Spring,0,0,1,0,0,19,6.0,127,7.4,Cappuccino,10,1010.42
2033-03-11,Friday,3,Spring,0,0,0,0,0,28,0.0,158,9.8,Cappuccino,10,1554.24
2033-03-12,Saturday,3,Spring,1,1,1,1,0,29,0.0,243,7.78,Sandwich,11,2222.12
2033-03-13,Sunday,3,Spring,1,0,1,0,0,20,2.4,166,9.94,Pastry,11,1764.34
2033-03-14,Monday,3,Spring,0,0,1,0,0,24,5.8,112,9.72,Espresso,10,1101.6
2033-03-15,Tuesday,3,Spring,0,0,1,0,0,25,2.6,120,4.57,Americano,10,462.52
2033-03-16,Wednesday,3,Spring,0,0,0,0,0,20,1.3,127,6.34,Latte,10,787.68
2033-03-17,Thursday,3,Spring,0,0,1,0,0,18,0.0,109,8.59,Pastry,10,859.24
2033-03-18,Friday,3,Spring,0,0,1,0,0,18,5.7,135,9.29,Mocha,10,1312.46
2033-03-19,Saturday,3,Spring,1,0,0,0,0,26,5.8,190,5.06,Latte,11,863.89
2033-03-20,Sunday,3,Spring,1,0,1,0,0,22,8.6,180,7.63,Latte,11,1269.96
2033-03-21,Monday,3,Spring,0,0,0,0,0,20,4.9,126,5.26,Americano,10,651.89
2033-03-22,Tuesday,3,Spring,0,0,0,0,0,30,2.0,127,9.66,Americano,10,1265.14
2033-03-23,Wednesday,3,Spring,0,0,1,1,0,21,3.8,179,7.4,Sandwich,10,1342.78
2033-03-24,Thursday,3,Spring,0,0,1,0,0,22,1.6,124,10.17,Latte,10,1393.97
2033-03-25,Friday,3,Spring,0,0,1,0,0,20,6.2,118,7.66,Tea,10,863.45
2033-03-26,Saturday,3,Spring,1,0,1,0,0,29,4.5,197,9.82,Sandwich,11,1844.33
2033-03-27,Sunday,3,Spring,1,0,0,0,0,18,1.9,187,8.27,Espresso,11,1685.73
2033-03-28,Monday,3,Spring,0,0,0,1,0,30,2.3,170,5.33,Espresso,10,916.7
2033-03-29,Tuesday,3,Spring,0,0,1,0,0,27,0.0,107,10.14,Espresso,10,961.23
2033-03-30,Wednesday,3,Spring,0,0,1,1,0,28,3.6,163,6.3,Cappuccino,10,996.8
2033-03-31,Thursday,3,Spring,0,0,0,0,0,25,8.2,105,5.81,Latte,10,448.68
2033-04-01,Friday,4,Spring,0,0,1,0,0,22,0.0,113,9.26,Pastry,10,910.35
2033-04-02,Saturday,4,Spring,1,0,1,0,0,30,5.1,166,5.3,Cappuccino,11,873.36
2033-04-03,Sunday,4,Spring,1,1,1,0,0,22,3.6,203,7.89,Mocha,11,1619.05
2033-04-04,Monday,4,Spring,0,0,1,1,0,27,4.1,161,8.17,Latte,10,1373.28
2033-04-05,Tuesday,4,Spring,0,0,1,0,0,26,4.5,97,7.73,Mocha,10,667.69
2033-04-06,Wednesday,4,Spring,0,0,0,1,0,28,4.4,187,5.38,Mocha,10,1172.46
2033-04-07,Thursday,4,Spring,0,0,0,1,0,21,10.1,153,9.01,Cappuccino,10,1526.76
2033-04-08,Friday,4,Spring,0,0,1,0,1,20,0.0,158,8.07,Pastry,10,1196.9
2033-04-09,Saturday,4,Spring,1,0,1,1,0,22,4.8,216,5.28,Pastry,11,1253.62
2033-04-10,Sunday,4,Spring,1,0,1,0,0,25,0.9,192,9.07,Tea,11,1785.9
2033-04-11,Monday,4,Spring,0,1,0,0,0,30,4.1,102,5.23,Americano,10,445.39
2033-04-12,Tuesday,4,Spring,0,0,1,0,0,24,5.2,132,5.36,Cappuccino,10,794.55
2033-04-13,Wednesday,4,Spring,0,0,1,1,0,27,0.0,166,9.52,Espresso,10,1841.11
2033-04-14,Thursday,4,Spring,0,0,1,1,0,23,2.7,177,9.51,Tea,10,1800.54
2033-04-15,Friday,4,Spring,0,0,1,0,0,26,0.0,130,9.68,Cappuccino,10,1288.59
2033-04-16,Saturday,4,Spring,1,0,1,0,0,18,3.9,188,8.52,Mocha,11,1610.85
2033-04-17,Sunday,4,Spring,1,0,1,1,0,29,3.9,235,5.65,Sandwich,11,1356.97
2033-04-18,Monday,4,Spring,0,0,1,0,0,28,3.4,132,5.77,Tea,10,806.27
2033-04-19,Tuesday,4,Spring,0,0,1,1,0,24,3.8,178,8.86,Sandwich,10,1863.07
2033-04-20,Wednesday,4,Spring,0,0,0,0,0,26,12.6,134,8.41,Sandwich,10,1012.97
2033-04-21,Thursday,4,Spring,0,0,1,0,0,28,12.1,112,4.59,Cappuccino,10,603.8
2033-04-22,Friday,4,Spring,0,0,1,1,0,19,0.0,171,7.56,Espresso,10,1347.54
2033-04-23,Saturday,4,Spring,1,0,1,1,1,27,0.5,297,9.02,Latte,11,3200.92
2033-04-24,Sunday,4,Spring,1,0,0,0,0,30,2.6,213,7.71,Mocha,11,1788.11
2033-04-25,Monday,4,Spring,0,1,1,1,0,23,3.3,129,5.33,Pastry,10,844.73
2033-04-26,Tuesday,4,Spring,0,0,1,1,0,26,6.3,134,5.83,Cappuccino,10,958.31
2033-04-27,Wednesday,4,Spring,0,0,1,0,0,22,3.7,105,4.71,Tea,10,402.43
2033-04-28,Thursday,4,Spring,0,0,1,0,0,25,1.4,98,5.48,Tea,10,527.58
2033-04-29,Friday,4,Spring,0,0,1,0,0,26,3.3,142,4.98,Espresso,10,801.18
2033-04-30,Saturday,4,Spring,1,0,1,1,0,19,3.4,236,9.19,Americano,11,2473.19
2033-05-01,Sunday,5,Spring,1,0,0,1,0,26,0.0,279,9.11,Latte,11,2870.19
2033-05-02,Monday,5,Spring,0,0,0,0,0,25,4.7,109,5.03,Sandwich,10,560.61
2033-05-03,Tuesday,5,Spring,0,0,0,0,0,23,8.3,136,4.55,Pastry,10,464.92
2033-05-04,Wednesday,5,Spring,0,0,0,0,0,26,2.6,137,6.76,Pastry,10,784.46
2033-05-05,Thursday,5,Spring,0,0,0,1,0,21,4.0,166,5.54,Tea,10,1140.13
2033-05-06,Friday,5,Spring,0,0,0,0,0,25,5.1,113,7.88,Espresso,10,764.28
2033-05-07,Saturday,5,Spring,1,0,0,1,0,24,5.4,254,8.39,Sandwich,11,2444.84
2033-05-08,Sunday,5,Spring,1,0,0,0,0,20,6.2,222,9.57,Cappuccino,11,2047.65
2033-05-09,Monday,5,Spring,0,0,0,1,0,24,1.1,192,9.76,Mocha,10,2106.53
2033-05-10,Tuesday,5,Spring,0,0,0,1,0,30,4.4,169,10.43,Mocha,10,1893.52
2033-05-11,Wednesday,5,Spring,0,1,0,0,1,21,2.9,157,5.13,Sandwich,10,958.89
2033-05-12,Thursday,5,Spring,0,0,0,0,0,25,7.1,107,9.77,Sandwich,10,1175.99
2033-05-13,Friday,5,Spring,0,0,0,0,1,19,0.0,212,10.21,Cappuccino,10,2346.72
2033-05-14,Saturday,5,Spring,1,0,0,0,0,23,4.0,193,6.53,Mocha,11,1208.87
2033-05-15,Sunday,5,Spring,1,0,0,1,0,27,2.8,237,9.0,Tea,11,2375.45
2033-05-16,Monday,5,Spring,0,0,0,0,0,24,0.0,116,4.51,Pastry,10,465.75
2033-05-17,Tuesday,5,Spring,0,0,0,0,0,18,4.9,142,5.45,Sandwich,10,668.82
2033-05-18,Wednesday,5,Spring,0,0,0,0,0,27,3.7,140,5.02,Espresso,10,614.61
2033-05-19,Thursday,5,Spring,0,0,0,0,1,23,1.9,212,7.12,Mocha,10,1614.47
2033-05-20,Friday,5,Spring,0,0,0,1,0,28,5.7,175,8.24,Cappuccino,10,1472.59
2033-05-21,Saturday,5,Spring,1,0,0,0,1,19,1.2,246,7.05,Pastry,11,1837.2
2033-05-22,Sunday,5,Spring,1,0,0,0,0,22,4.6,201,9.74,Sandwich,11,2080.99
2033-05-23,Monday,5,Spring,0,0,0,1,0,20,1.0,190,6.47,Latte,10,1444.16
2033-05-24,Tuesday,5,Spring,0,0,0,0,0,30,5.0,135,10.32,Mocha,10,1417.3
2033-05-25,Wednesday,5,Spring,0,0,0,0,0,23,2.5,125,5.32,Sandwich,10,678.44
2033-05-26,Thursday,5,Spring,0,0,0,0,0,20,3.1,109,6.32,Espresso,10,653.91
2033-05-27,Friday,5,Spring,0,0,0,0,1,19,0.3,220,6.07,Latte,10,1481.57
2033-05-28,Saturday,5,Spring,1,0,0,0,0,28,3.1,214,6.25,Tea,11,1395.54
2033-05-29,Sunday,5,Spring,1,0,0,1,1,21,5.8,280,10.08,Latte,11,3271.97
2033-05-30,Monday,5,Spring,0,0,0,0,0,27,6.3,146,5.85,Pastry,10,893.81
2033-05-31,Tuesday,5,Spring,0,0,0,0,0,29,5.9,151,4.67,Tea,10,704.15
2033-06-01,Wednesday,6,Summer,0,0,0,0,0,34,3.9,113,5.59,Americano,10,686.26
2033-06-02,Thursday,6,Summer,0,0,0,0,0,39,3.5,131,4.55,Pastry,10,529.38
2033-06-03,Friday,6,Summer,0,0,0,0,0,29,6.5,136,9.56,Mocha,10,1271.87
2033-06-04,Saturday,6,Summer,1,1,0,0,1,37,0.0,248,4.87,Pastry,11,1399.96
2033-06-05,Sunday,6,Summer,1,0,0,0,0,34,0.0,218,9.1,Pastry,11,1903.84
2033-06-06,Monday,6,Summer,0,0,0,0,0,37,0.0,119,5.69,Tea,10,636.26
2033-06-07,Tuesday,6,Summer,0,0,0,0,0,36,2.3,128,7.2,Mocha,10,915.72
2033-06-08,Wednesday,6,Summer,0,0,0,0,0,39,0.0,122,8.26,Mocha,10,985.69
2033-06-09,Thursday,6,Summer,0,0,0,0,0,32,0.0,138,10.42,Pastry,10,1457.06
2033-06-10,Friday,6,Summer,0,0,0,0,0,32,0.0,142,5.63,Tea,10,910.55
2033-06-11,Saturday,6,Summer,1,0,0,0,0,35,0.0,225,6.77,Latte,11,1501.88
2033-06-12,Sunday,6,Summer,1,0,0,0,0,39,0.0,203,6.72,Latte,11,1350.13
2033-06-13,Monday,6,Summer,0,0,0,0,0,37,0.0,121,4.77,Mocha,10,439.18
2033-06-14,Tuesday,6,Summer,0,0,0,0,0,38,0.0,137,7.91,Cappuccino,10,1167.31
2033-06-15,Wednesday,6,Summer,0,0,0,1,0,32,0.0,169,8.25,Cappuccino,10,1459.25
2033-06-16,Thursday,6,Summer,0,0,0,0,0,39,3.0,109,6.59,Sandwich,10,683.31
2033-06-17,Friday,6,Summer,0,0,0,0,0,38,2.6,138,7.4,Tea,10,935.4
2033-06-18,Saturday,6,Summer,1,0,0,0,0,31,5.3,198,10.07,Espresso,11,1935.61
2033-06-19,Sunday,6,Summer,1,0,0,0,0,33,0.0,223,8.73,Sandwich,11,2028.13
2033-06-20,Monday,6,Summer,0,0,0,0,0,40,4.2,119,10.47,Americano,10,1386.32
2033-06-21,Tuesday,6,Summer,0,0,0,0,0,29,5.3,117,5.65,Espresso,10,765.32
2033-06-22,Wednesday,6,Summer,0,0,0,0,0,37,0.0,138,8.6,Tea,10,1213.2
2033-06-23,Thursday,6,Summer,0,0,0,0,0,34,5.4,118,7.35,Sandwich,10,912.36
2033-06-24,Friday,6,Summer,0,0,0,1,0,34,0.0,167,7.71,Mocha,10,1458.11
2033-06-25,Saturday,6,Summer,1,0,0,0,0,37,0.8,234,6.57,Sandwich,11,1468.48
2033-06-26,Sunday,6,Summer,1,0,0,1,1,35,0.0,330,10.36,Americano,11,3829.18
2033-06-27,Monday,6,Summer,0,0,0,1,0,33,1.8,172,9.93,Latte,10,1885.35
2033-06-28,Tuesday,6,Summer,0,0,0,1,0,40,2.1,160,7.82,Americano,10,1299.11
2033-06-29,Wednesday,6,Summer,0,0,0,0,0,32,1.8,150,7.7,Sandwich,10,1119.37
2033-06-30,Thursday,6,Summer,0,0,0,0,0,41,5.0,113,4.82,Latte,10,637.44
2033-07-01,Friday,7,Summer,0,0,0,0,0,33,0.5,116,5.77,Latte,10,612.99
2033-07-02,Saturday,7,Summer,1,0,0,0,0,37,3.4,220,6.67,Espresso,11,1577.63
2033-07-03,Sunday,7,Summer,1,0,0,1,0,37,0.9,267,5.35,Tea,11,1685.49
2033-07-04,Monday,7,Summer,0,0,0,1,1,37,3.4,240,9.88,Cappuccino,10,2754.61
2033-07-05,Tuesday,7,Summer,0,0,0,0,0,32,0.0,144,5.41,Americano,10,794.27
2033-07-06,Wednesday,7,Summer,0,0,0,1,0,37,0.0,189,7.08,Tea,10,1344.03
2033-07-07,Thursday,7,Summer,0,0,0,0,0,31,3.5,151,9.95,Espresso,10,1552.99
2033-07-08,Friday,7,Summer,0,0,0,0,0,36,3.2,112,8.53,Cappuccino,10,1091.62
2033-07-09,Saturday,7,Summer,1,0,0,0,0,29,4.2,190,8.39,Latte,11,1657.66
2033-07-10,Sunday,7,Summer,1,0,0,0,1,29,0.0,286,9.77,Americano,11,2811.98
2033-07-11,Monday,7,Summer,0,0,0,0,0,39,1.0,150,8.55,Tea,10,1388.23
2033-07-12,Tuesday,7,Summer,0,0,0,0,0,39,3.7,122,6.88,Sandwich,10,952.61
2033-07-13,Wednesday,7,Summer,0,0,0,0,0,30,0.0,159,7.9,Americano,10,1157.27
2033-07-14,Thursday,7,Summer,0,0,0,1,0,28,1.2,188,5.6,Americano,10,1137.54
2033-07-15,Friday,7,Summer,0,0,0,0,0,34,1.7,144,9.26,Pastry,10,1452.02
2033-07-16,Saturday,7,Summer,1,0,0,0,1,40,0.0,278,8.31,Americano,11,2480.29
2033-07-17,Sunday,7,Summer,1,0,0,0,0,40,0.1,188,6.46,Sandwich,11,1190.91
2033-07-18,Monday,7,Summer,0,0,0,1,0,42,1.6,181,8.88,Tea,10,1859.68
2033-07-19,Tuesday,7,Summer,0,0,0,1,0,37,2.4,205,5.34,Espresso,10,1313.89
2033-07-20,Wednesday,7,Summer,0,0,0,1,0,34,4.3,198,7.23,Tea,10,1599.64
2033-07-21,Thursday,7,Summer,0,0,0,0,0,28,5.3,112,8.76,Mocha,10,1076.9
2033-07-22,Friday,7,Summer,0,0,0,1,1,28,0.1,222,8.89,Mocha,10,2340.56
2033-07-23,Saturday,7,Summer,1,0,0,0,0,34,0.8,189,8.08,Espresso,11,1401.96
2033-07-24,Sunday,7,Summer,1,0,0,0,1,42,0.0,266,8.67,Espresso,11,2376.9
2033-07-25,Monday,7,Summer,0,0,0,0,0,38,0.0,133,10.5,Espresso,10,1531.44
2033-07-26,Tuesday,7,Summer,0,0,0,0,0,42,0.0,122,10.3,Espresso,10,1282.35
2033-07-27,Wednesday,7,Summer,0,0,0,0,1,41,0.0,190,9.61,Espresso,10,1812.41
2033-07-28,Thursday,7,Summer,0,0,0,0,1,33,4.2,201,10.3,Americano,10,2285.92
2033-07-29,Friday,7,Summer,0,0,0,1,0,37,2.2,174,7.12,Mocha,10,1315.2
2033-07-30,Saturday,7,Summer,1,0,0,1,0,34,4.4,254,7.29,Mocha,11,1979.33
2033-07-31,Sunday,7,Summer,1,0,0,0,0,29,0.1,233,7.19,Cappuccino,11,1738.74
2033-08-01,Monday,8,Summer,0,0,0,0,0,36,2.1,137,9.1,Sandwich,10,1234.78
2033-08-02,Tuesday,8,Summer,0,0,0,0,0,41,3.7,123,8.29,Pastry,10,875.3
2033-08-03,Wednesday,8,Summer,0,0,0,1,0,41,0.0,161,9.27,Americano,10,1597.7
2033-08-04,Thursday,8,Summer,0,0,0,0,0,28,6.2,107,4.8,Latte,10,579.36
2033-08-05,Friday,8,Summer,0,0,0,1,0,42,2.6,170,8.57,Pastry,10,1509.93
2033-08-06,Saturday,8,Summer,1,0,0,1,0,32,0.0,250,5.74,Tea,11,1516.94
2033-08-07,Sunday,8,Summer,1,0,0,0,0,40,0.0,225,7.22,Cappuccino,11,1646.44
2033-08-08,Monday,8,Summer,0,0,0,0,0,31,5.4,121,9.32,Americano,10,1008.66
2033-08-09,Tuesday,8,Summer,0,0,0,0,0,32,3.8,130,7.21,Mocha,10,990.64
2033-08-10,Wednesday,8,Summer,0,0,0,0,0,34,0.0,119,4.55,Latte,10,494.69
2033-08-11,Thursday,8,Summer,0,0,0,0,0,31,0.0,120,8.74,Mocha,10,1017.26
2033-08-12,Friday,8,Summer,0,0,0,0,0,37,0.0,146,9.73,Americano,10,1416.04
2033-08-13,Saturday,8,Summer,1,0,0,0,0,37,8.8,183,7.3,Cappuccino,11,1251.73
2033-08-14,Sunday,8,Summer,1,0,0,1,0,31,6.9,225,5.24,Cappuccino,11,1390.09
2033-08-15,Monday,8,Summer,0,0,0,0,0,35,0.0,135,9.21,Sandwich,10,1243.55
2033-08-16,Tuesday,8,Summer,0,0,0,0,0,33,5.0,132,5.4,Espresso,10,810.52
2033-08-17,Wednesday,8,Summer,0,0,0,0,0,39,0.0,143,9.93,Americano,10,1430.01
2033-08-18,Thursday,8,Summer,0,0,0,0,0,28,3.1,133,4.51,Espresso,10,604.44
2033-08-19,Friday,8,Summer,0,0,0,0,0,42,4.7,125,6.96,Tea,10,759.98
2033-08-20,Saturday,8,Summer,1,0,0,0,0,32,0.0,206,8.77,Latte,11,1944.48
2033-08-21,Sunday,8,Summer,1,0,0,0,0,40,3.3,192,6.68,Pastry,11,1185.81
2033-08-22,Monday,8,Summer,0,0,0,0,0,31,4.5,139,4.81,Cappuccino,10,768.26
2033-08-23,Tuesday,8,Summer,0,0,0,0,0,34,2.2,111,8.41,Pastry,10,819.78
2033-08-24,Wednesday,8,Summer,0,0,0,0,0,34,0.0,138,4.94,Sandwich,10,539.57
2033-08-25,Thursday,8,Summer,0,0,0,1,0,37,3.9,189,9.27,Latte,10,2058.66
2033-08-26,Friday,8,Summer,0,0,0,0,0,33,0.0,119,9.67,Espresso,10,1263.5
2033-08-27,Saturday,8,Summer,1,0,0,0,0,40,0.0,214,9.82,Mocha,11,2218.94
2033-08-28,Sunday,8,Summer,1,0,0,0,0,34,0.0,230,4.92,Mocha,11,1042.7
2033-08-29,Monday,8,Summer,0,0,0,1,0,32,1.4,173,8.18,Pastry,10,1480.34
2033-08-30,Tuesday,8,Summer,0,0,0,0,0,34,1.5,162,10.09,Cappuccino,10,1724.44
2033-08-31,Wednesday,8,Summer,0,0,0,1,0,42,0.0,205,9.4,Espresso,10,1985.93
2033-09-01,Thursday,9,Autumn,0,0,0,1,0,26,1.7,180,4.76,Pastry,10,873.48
2033-09-02,Friday,9,Autumn,0,0,0,1,0,20,6.2,178,8.66,Sandwich,10,1557.35
2033-09-03,Saturday,9,Autumn,1,0,0,0,0,23,4.3,211,9.38,Espresso,11,2076.74
2033-09-04,Sunday,9,Autumn,1,0,0,0,0,18,4.1,178,6.85,Latte,11,1309.97
2033-09-05,Monday,9,Autumn,0,0,0,1,0,29,9.0,180,7.61,Mocha,10,1551.26
2033-09-06,Tuesday,9,Autumn,0,0,0,0,0,28,0.0,149,10.1,Cappuccino,10,1454.99
2033-09-07,Wednesday,9,Autumn,0,0,0,0,0,23,3.7,114,6.17,Tea,10,577.02
2033-09-08,Thursday,9,Autumn,0,0,0,0,0,18,0.0,161,5.92,Cappuccino,10,1088.99
2033-09-09,Friday,9,Autumn,0,0,0,0,0,27,3.0,137,4.99,Latte,10,567.53
2033-09-10,Saturday,9,Autumn,1,0,0,0,0,30,7.0,218,10.45,Americano,11,2310.59
2033-09-11,Sunday,9,Autumn,1,0,0,0,0,23,5.5,207,9.17,Cappuccino,11,1781.69
2033-09-12,Monday,9,Autumn,0,0,0,1,0,23,0.1,164,10.36,Espresso,10,1953.6
2033-09-13,Tuesday,9,Autumn,0,0,0,0,1,18,6.8,198,7.81,Americano,10,1505.46
2033-09-14,Wednesday,9,Autumn,0,0,0,0,0,21,5.9,114,8.69,Mocha,10,1061.97
2033-09-15,Thursday,9,Autumn,0,0,0,1,0,26,2.4,164,9.91,Espresso,10,1647.19
2033-09-16,Friday,9,Autumn,0,1,0,0,0,21,4.0,121,9.91,Latte,10,1221.53
2033-09-17,Saturday,9,Autumn,1,0,0,0,0,30,4.6,185,8.25,Cappuccino,11,1458.53
2033-09-18,Sunday,9,Autumn,1,0,0,0,0,21,6.4,183,5.84,Cappuccino,11,1113.53
2033-09-19,Monday,9,Autumn,0,0,0,0,1,24,4.5,177,7.43,Latte,10,1453.18
2033-09-20,Tuesday,9,Autumn,0,0,0,0,0,26,2.3,122,8.75,Mocha,10,974.61
2033-09-21,Wednesday,9,Autumn,0,0,0,0,0,25,6.0,110,4.66,Latte,10,616.61
2033-09-22,Thursday,9,Autumn,0,0,0,0,0,26,5.2,136,9.06,Cappuccino,10,1177.18
2033-09-23,Friday,9,Autumn,0,0,0,0,0,29,3.5,126,6.62,Latte,10,822.3
2033-09-24,Saturday,9,Autumn,1,0,0,0,0,22,0.9,232,9.14,Americano,11,2138.55
2033-09-25,Sunday,9,Autumn,1,0,0,0,0,18,0.0,195,7.61,Sandwich,11,1558.23
2033-09-26,Monday,9,Autumn,0,0,0,0,0,30,2.5,121,10.04,Americano,10,1255.22
2033-09-27,Tuesday,9,Autumn,0,0,0,1,0,23,10.3,148,8.3,Sandwich,10,1284.91
2033-09-28,Wednesday,9,Autumn,0,0,0,0,0,27,3.4,133,5.93,Americano,10,748.36
2033-09-29,Thursday,9,Autumn,0,0,0,0,0,25,3.2,152,7.49,Mocha,10,1242.21
2033-09-30,Friday,9,Autumn,0,0,0,0,0,20,5.6,143,5.53,Sandwich,10,713.47
2033-10-01,Saturday,10,Autumn,1,0,0,0,0,27,12.9,208,7.31,Cappuccino,11,1521.72
2033-10-02,Sunday,10,Autumn,1,0,0,0,1,25,0.0,273,8.58,Tea,11,2458.51
2033-10-03,Monday,10,Autumn,0,0,0,0,0,19,7.4,135,5.63,Americano,10,710.72
2033-10-04,Tuesday,10,Autumn,0,0,0,0,0,23,3.2,129,8.69,Sandwich,10,1038.47
2033-10-05,Wednesday,10,Autumn,0,0,0,0,0,27,4.9,121,9.94,Espresso,10,1238.24
2033-10-06,Thursday,10,Autumn,0,0,0,0,0,23,0.0,152,9.14,Latte,10,1296.95
2033-10-07,Friday,10,Autumn,0,0,0,1,0,18,0.0,193,4.77,Sandwich,10,1088.41
2033-10-08,Saturday,10,Autumn,1,0,0,1,1,19,4.2,294,7.88,Espresso,11,2748.64
2033-10-09,Sunday,10,Autumn,1,0,0,0,0,24,0.0,222,7.74,Pastry,11,1640.9
2033-10-10,Monday,10,Autumn,0,0,0,0,0,23,3.5,127,6.5,Mocha,10,918.93
2033-10-11,Tuesday,10,Autumn,0,0,0,0,1,22,2.8,168,8.61,Cappuccino,10,1426.29
2033-10-12,Wednesday,10,Autumn,0,0,0,0,0,30,2.9,133,8.33,Sandwich,10,1248.96
2033-10-13,Thursday,10,Autumn,0,0,0,0,0,25,6.1,149,8.95,Pastry,10,1439.39
2033-10-14,Friday,10,Autumn,0,0,0,0,1,25,6.3,183,6.68,Espresso,10,1201.96
2033-10-15,Saturday,10,Autumn,1,0,0,1,0,23,4.2,239,9.61,Sandwich,11,2533.24
2033-10-16,Sunday,10,Autumn,1,0,0,1,0,30,0.0,231,9.51,Cappuccino,11,2474.44
2033-10-17,Monday,10,Autumn,0,0,0,0,0,27,5.0,127,5.13,Pastry,10,663.51
2033-10-18,Tuesday,10,Autumn,0,0,0,0,0,20,7.3,149,9.25,Cappuccino,10,1301.81
2033-10-19,Wednesday,10,Autumn,0,0,0,0,1,23,0.0,212,6.81,Latte,10,1424.84
2033-10-20,Thursday,10,Autumn,0,0,0,1,1,24,3.0,235,8.46,Pastry,10,2392.61
2033-10-21,Friday,10,Autumn,0,0,0,0,0,22,3.7,115,5.44,Mocha,10,583.73
2033-10-22,Saturday,10,Autumn,1,0,0,0,0,21,4.0,195,9.83,Pastry,11,1941.11
2033-10-23,Sunday,10,Autumn,1,0,0,0,0,21,0.0,233,6.37,Latte,11,1557.99
2033-10-24,Monday,10,Autumn,0,0,0,1,1,30,0.0,236,10.4,Tea,10,2880.79
2033-10-25,Tuesday,10,Autumn,0,0,0,1,1,25,7.6,231,6.66,Espresso,10,1647.52
2033-10-26,Wednesday,10,Autumn,0,0,0,1,1,30,5.3,249,5.16,Mocha,10,1445.71
2033-10-27,Thursday,10,Autumn,0,0,0,1,0,26,5.0,192,6.34,Latte,10,1337.37
2033-10-28,Friday,10,Autumn,0,0,0,0,0,18,0.0,119,7.42,Cappuccino,10,787.64
2033-10-29,Saturday,10,Autumn,1,0,0,0,0,24,4.1,209,6.76,Americano,11,1348.17
2033-10-30,Sunday,10,Autumn,1,0,0,1,0,19,3.8,246,9.76,Latte,11,2669.21
2033-10-31,Monday,10,Autumn,0,0,0,0,0,21,2.5,144,7.87,Tea,10,1191.24
2033-11-01,Tuesday,11,Autumn,0,0,0,0,1,27,1.7,167,7.28,Mocha,10,1296.94
2033-11-02,Wednesday,11,Autumn,0,0,0,0,0,27,11.0,97,8.85,Espresso,10,912.52
2033-11-03,Thursday,11,Autumn,0,0,0,0,1,21,5.5,163,6.45,Latte,10,1038.61
2033-11-04,Friday,11,Autumn,0,0,0,0,0,19,6.3,112,9.71,Mocha,10,1086.87
2033-11-05,Saturday,11,Autumn,1,0,0,1,0,26,1.1,236,5.47,Mocha,11,1497.2
2033-11-06,Sunday,11,Autumn,1,0,0,0,0,28,0.4,210,7.27,Pastry,11,1426.84
2033-11-07,Monday,11,Autumn,0,0,0,0,0,20,3.3,131,8.72,Latte,10,1129.16
2033-11-08,Tuesday,11,Autumn,0,0,0,0,0,29,7.8,142,10.41,Tea,10,1330.73
2033-11-09,Wednesday,11,Autumn,0,0,0,0,0,30,6.0,136,6.37,Sandwich,10,919.52
2033-11-10,Thursday,11,Autumn,0,0,0,1,0,27,2.0,184,7.72,Pastry,10,1534.97
2033-11-11,Friday,11,Autumn,0,0,0,0,0,23,6.1,151,9.64,Pastry,10,1549.81
2033-11-12,Saturday,11,Autumn,1,0,0,0,0,27,1.4,222,7.54,Latte,11,1579.51
2033-11-13,Sunday,11,Autumn,1,0,0,1,0,22,2.0,260,10.21,Sandwich,11,2830.99
2033-11-14,Monday,11,Autumn,0,0,0,0,0,30,5.2,152,5.53,Mocha,10,983.49
2033-11-15,Tuesday,11,Autumn,0,0,0,1,0,30,3.9,182,8.58,Pastry,10,1607.6
2033-11-16,Wednesday,11,Autumn,0,0,0,0,0,22,6.6,131,6.19,Cappuccino,10,680.08
2033-11-17,Thursday,11,Autumn,0,0,0,0,0,24,0.4,140,7.25,Tea,10,1053.47
2033-11-18,Friday,11,Autumn,0,0,0,0,0,19,4.6,110,10.23,Tea,10,1026.5
2033-11-19,Saturday,11,Autumn,1,0,0,0,0,18,2.6,185,8.06,Latte,11,1431.53
2033-11-20,Sunday,11,Autumn,1,1,0,1,0,26,4.7,219,7.1,Espresso,11,1699.0
2033-11-21,Monday,11,Autumn,0,0,0,0,0,24,4.3,141,6.38,Pastry,10,1008.14
2033-11-22,Tuesday,11,Autumn,0,0,0,0,0,27,6.1,135,5.4,Espresso,10,835.39
2033-11-23,Wednesday,11,Autumn,0,0,0,1,0,29,2.3,184,10.18,Pastry,10,1957.48
2033-11-24,Thursday,11,Autumn,0,0,0,0,0,24,0.0,135,10.16,Espresso,10,1415.83
2033-11-25,Friday,11,Autumn,0,0,0,0,0,25,0.6,140,10.41,Latte,10,1586.58
2033-11-26,Saturday,11,Autumn,1,0,0,0,1,19,9.6,257,7.75,Espresso,11,1951.7
2033-11-27,Sunday,11,Autumn,1,0,0,0,1,22,0.7,261,6.54,Espresso,11,1645.76
2033-11-28,Monday,11,Autumn,0,0,0,1,0,30,6.9,171,5.45,Sandwich,10,1129.71
2033-11-29,Tuesday,11,Autumn,0,0,0,1,0,24,4.4,172,7.69,Mocha,10,1591.68
2033-11-30,Wednesday,11,Autumn,0,0,0,1,0,27,0.0,176,8.78,Tea,10,1610.61
2033-12-01,Thursday,12,Winter,0,0,0,0,1,12,4.3,165,8.95,Cappuccino,10,1518.97
2033-12-02,Friday,12,Winter,0,0,0,1,0,6,3.6,161,10.03,Pastry,10,1768.92
2033-12-03,Saturday,12,Winter,1,0,0,0,1,10,1.8,279,9.89,Mocha,11,2918.88
2033-12-04,Sunday,12,Winter,1,0,0,0,1,12,0.7,259,5.06,Pastry,11,1475.17
2033-12-05,Monday,12,Winter,0,0,0,1,0,11,3.0,201,7.39,Pastry,10,1494.65
2033-12-06,Tuesday,12,Winter,0,0,0,1,0,12,6.8,186,6.56,Tea,10,1282.53
2033-12-07,Wednesday,12,Winter,0,0,0,0,0,15,1.7,134,7.97,Sandwich,10,1152.3
2033-12-08,Thursday,12,Winter,0,1,0,1,0,8,2.7,173,8.36,Espresso,10,1704.2
2033-12-09,Friday,12,Winter,0,0,0,1,1,15,6.3,246,6.45,Pastry,10,1705.79
2033-12-10,Saturday,12,Winter,1,0,0,1,0,10,7.1,242,5.19,Sandwich,11,1438.22
2033-12-11,Sunday,12,Winter,1,0,0,1,0,17,0.0,280,6.14,Cappuccino,11,1948.09
2033-12-12,Monday,12,Winter,0,0,0,0,0,18,4.8,125,7.35,Tea,10,839.3
2033-12-13,Tuesday,12,Winter,0,0,0,1,0,7,2.4,187,7.38,Pastry,10,1641.94
2033-12-14,Wednesday,12,Winter,0,0,0,0,0,8,4.9,109,7.14,Tea,10,793.26
2033-12-15,Thursday,12,Winter,0,0,0,0,1,14,5.3,164,5.45,Cappuccino,10,794.6
2033-12-16,Friday,12,Winter,0,0,0,0,0,11,0.0,165,4.51,Espresso,10,701.21
2033-12-17,Saturday,12,Winter,1,0,0,0,0,13,0.8,223,5.82,Sandwich,11,1394.76
2033-12-18,Sunday,12,Winter,1,0,0,0,0,6,2.5,191,8.66,Cappuccino,11,1554.82
2033-12-19,Monday,12,Winter,0,0,0,0,0,18,6.2,123,9.48,Mocha,10,1170.37
2033-12-20,Tuesday,12,Winter,0,0,0,0,0,13,7.3,116,8.27,Sandwich,10,972.35
2033-12-21,Wednesday,12,Winter,0,0,0,0,0,11,0.0,146,5.58,Sandwich,10,688.76
2033-12-22,Thursday,12,Winter,0,0,0,0,0,18,0.0,152,7.39,Pastry,10,979.43
2033-12-23,Friday,12,Winter,0,0,0,0,0,6,0.6,146,4.85,Mocha,10,689.43
2033-12-24,Saturday,12,Winter,1,0,0,0,0,11,0.7,202,9.54,Pastry,11,2019.0
2033-12-25,Sunday,12,Winter,1,0,0,1,1,6,0.0,308,5.64,Mocha,11,2036.06
2033-12-26,Monday,12,Winter,0,0,0,0,0,13,6.5,136,8.79,Latte,10,1062.47
2033-12-27,Tuesday,12,Winter,0,0,0,0,0,17,6.9,111,9.4,Cappuccino,10,1032.27
2033-12-28,Wednesday,12,Winter,0,0,0,1,0,6,8.9,156,7.34,Espresso,10,1325.21
2033-12-29,Thursday,12,Winter,0,0,0,0,1,12,2.4,186,7.46,Cappuccino,10,1512.32
2033-12-30,Friday,12,Winter,0,0,0,0,0,11,2.7,138,10.17,Cappuccino,10,1337.84
2033-12-31,Saturday,12,Winter,1,0,0,1,0,9,0.0,244,9.19,Sandwich,11,2395.78
2034-01-01,Sunday,1,Winter,1,0,0,0,0,10,0.0,227,8.57,Cappuccino,11,1886.5
2034-01-02,Monday,1,Winter,0,0,0,0,0,8,0.0,121,10.38,Espresso,10,1375.04
2034-01-03,Tuesday,1,Winter,0,0,0,0,0,11,0.0,122,10.05,Espresso,10,1186.72
2034-01-04,Wednesday,1,Winter,0,0,0,1,0,18,1.1,159,6.02,Latte,10,940.62
2034-01-05,Thursday,1,Winter,0,0,0,0,0,9,0.0,138,5.1,Pastry,10,579.5
2034-01-06,Friday,1,Winter,0,0,0,1,0,12,2.7,200,8.58,Americano,10,2013.14
2034-01-07,Saturday,1,Winter,1,0,0,1,0,14,3.9,224,5.72,Americano,11,1378.67
2034-01-08,Sunday,1,Winter,1,0,0,0,0,6,3.9,226,8.1,Pastry,11,1760.0
2034-01-09,Monday,1,Winter,0,0,0,0,0,10,1.0,155,5.25,Pastry,10,932.82
2034-01-10,Tuesday,1,Winter,0,0,0,0,0,11,1.8,130,4.88,Cappuccino,10,679.17
2034-01-11,Wednesday,1,Winter,0,0,0,1,0,16,1.1,185,10.11,Latte,10,1957.51
2034-01-12,Thursday,1,Winter,0,0,0,1,0,17,5.7,173,5.83,Pastry,10,1180.05
2034-01-13,Friday,1,Winter,0,0,0,1,0,11,0.0,200,7.05,Pastry,10,1521.4
2034-01-14,Saturday,1,Winter,1,0,0,0,0,9,0.3,215,9.99,Latte,11,2173.37
2034-01-15,Sunday,1,Winter,1,0,0,0,0,14,0.0,196,7.28,Tea,11,1397.74
2034-01-16,Monday,1,Winter,0,0,0,1,0,6,2.4,202,8.16,Cappuccino,10,1948.21
2034-01-17,Tuesday,1,Winter,0,0,0,0,0,12,3.8,132,7.08,Tea,10,1052.28
2034-01-18,Wednesday,1,Winter,0,0,0,1,0,6,2.7,167,6.14,Americano,10,1163.55
2034-01-19,Thursday,1,Winter,0,0,0,0,0,11,3.9,147,9.31,Cappuccino,10,1367.59
2034-01-20,Friday,1,Winter,0,0,0,0,0,10,0.7,149,8.12,Tea,10,1262.64
2034-01-21,Saturday,1,Winter,1,0,0,1,0,14,5.0,244,8.5,Pastry,11,2334.57
2034-01-22,Sunday,1,Winter,1,0,0,0,0,7,7.1,204,4.82,Mocha,11,956.14
2034-01-23,Monday,1,Winter,0,0,0,0,0,10,4.0,151,7.05,Tea,10,996.84
2034-01-24,Tuesday,1,Winter,0,0,0,0,0,12,1.9,114,8.11,Espresso,10,1034.43
2034-01-25,Wednesday,1,Winter,0,0,0,1,0,16,0.0,188,7.26,Sandwich,10,1495.1
2034-01-26,Thursday,1,Winter,0,0,0,0,0,6,4.6,113,6.34,Cappuccino,10,802.71
2034-01-27,Friday,1,Winter,0,0,0,1,0,10,0.0,178,10.06,Espresso,10,1893.79
2034-01-28,Saturday,1,Winter,1,0,0,0,0,13,1.6,222,6.86,Espresso,11,1406.55
2034-01-29,Sunday,1,Winter,1,0,0,0,0,17,0.9,224,10.13,Cappuccino,11,2279.59
2034-01-30,Monday,1,Winter,0,0,0,0,0,9,0.0,147,9.94,Latte,10,1543.73
2034-01-31,Tuesday,1,Winter,0,0,0,0,0,18,0.0,142,9.85,Cappuccino,10,1269.36
2034-02-01,Wednesday,2,Winter,0,0,0,0,0,8,0.0,127,9.81,Pastry,10,1277.02
2034-02-02,Thursday,2,Winter,0,0,0,1,0,18,8.4,172,4.53,Tea,10,731.95
2034-02-03,Friday,2,Winter,0,0,0,0,1,9,5.7,204,6.85,Americano,10,1386.53
2034-02-04,Saturday,2,Winter,1,0,0,0,0,10,6.7,191,9.37,Pastry,11,1754.44
2034-02-05,Sunday,2,Winter,1,0,0,0,0,8,3.3,202,6.47,Tea,11,1311.13
2034-02-06,Monday,2,Winter,0,0,0,0,0,14,4.3,128,7.24,Sandwich,10,795.97
2034-02-07,Tuesday,2,Winter,0,0,0,0,1,9,3.6,190,6.44,Latte,10,1196.8
2034-02-08,Wednesday,2,Winter,0,0,0,1,0,16,8.0,146,4.74,Sandwich,10,679.91
2034-02-09,Thursday,2,Winter,0,0,0,0,0,13,3.2,151,9.98,Latte,10,1427.29
2034-02-10,Friday,2,Winter,0,0,0,0,0,11,0.0,129,4.9,Espresso,10,608.1
2034-02-11,Saturday,2,Winter,1,0,0,0,0,15,2.9,225,6.9,Pastry,11,1672.27
2034-02-12,Sunday,2,Winter,1,0,0,0,0,6,3.8,221,8.67,Sandwich,11,2001.53
2034-02-13,Monday,2,Winter,0,0,0,1,0,18,7.8,159,4.89,Tea,10,848.21
2034-02-14,Tuesday,2,Winter,0,0,0,0,0,9,0.0,119,7.53,Espresso,10,933.96
2034-02-15,Wednesday,2,Winter,0,0,0,1,0,11,5.3,192,5.34,Latte,10,1263.34
2034-02-16,Thursday,2,Winter,0,0,0,0,0,5,0.0,163,7.97,Pastry,10,1347.22
2034-02-17,Friday,2,Winter,0,0,0,1,0,18,3.7,160,6.78,Sandwich,10,1117.46
2034-02-18,Saturday,2,Winter,1,0,0,0,0,9,3.5,182,8.58,Tea,11,1703.62
2034-02-19,Sunday,2,Winter,1,0,0,0,0,18,3.6,217,7.89,Mocha,11,1783.42
2034-02-20,Monday,2,Winter,0,0,0,1,0,5,4.9,169,10.48,Tea,10,2090.4
2034-02-21,Tuesday,2,Winter,0,0,0,1,0,12,0.0,201,6.08,Latte,10,1260.09
2034-02-22,Wednesday,2,Winter,0,0,0,0,0,13,0.0,150,8.86,Sandwich,10,1330.77
2034-02-23,Thursday,2,Winter,0,0,0,0,1,10,2.3,214,7.51,Cappuccino,10,1643.66
2034-02-24,Friday,2,Winter,0,0,0,0,0,15,6.4,122,6.76,Americano,10,920.84
2034-02-25,Saturday,2,Winter,1,0,0,0,0,14,1.3,211,7.76,Espresso,11,1654.12
2034-02-26,Sunday,2,Winter,1,0,0,0,0,11,5.4,209,9.12,Cappuccino,11,1764.23
2034-02-27,Monday,2,Winter,0,0,0,0,0,13,4.8,150,9.3,Pastry,10,1292.33
2034-02-28,Tuesday,2,Winter,0,0,0,0,0,17,0.0,156,5.41,Pastry,10,968.96
2034-03-01,Wednesday,3,Spring,0,0,1,1,0,26,1.8,163,7.81,Latte,10,1502.92
2034-03-02,Thursday,3,Spring,0,0,0,0,0,18,0.7,154,5.81,Americano,10,843.88
2034-03-03,Friday,3,Spring,0,0,0,1,0,29,7.4,170,9.12,Sandwich,10,1727.66
2034-03-04,Saturday,3,Spring,1,0,1,0,0,24,5.8,195,6.02,Espresso,11,1229.4
2034-03-05,Sunday,3,Spring,1,0,1,1,1,20,0.0,288,9.25,Mocha,11,3077.65
2034-03-06,Monday,3,Spring,0,1,1,0,0,20,0.0,136,7.49,Americano,10,945.19
2034-03-07,Tuesday,3,Spring,0,0,0,0,0,25,7.3,110,10.28,Mocha,10,1112.71
2034-03-08,Wednesday,3,Spring,0,0,0,0,0,21,7.3,147,5.21,Cappuccino,10,846.72
2034-03-09,Thursday,3,Spring,0,0,1,0,0,19,2.0,133,4.91,Latte,10,658.77
2034-03-10,Friday,3,Spring,0,0,0,1,0,23,5.8,159,5.16,Americano,10,872.25
2034-03-11,Saturday,3,Spring,1,0,1,0,0,18,0.0,175,9.15,Latte,11,1510.34
2034-03-12,Sunday,3,Spring,1,0,1,0,0,21,4.5,163,6.3,Latte,11,991.27
2034-03-13,Monday,3,Spring,0,0,1,0,0,20,1.4,106,8.14,Mocha,10,765.66
2034-03-14,Tuesday,3,Spring,0,0,0,1,0,24,3.5,186,5.93,Espresso,10,1165.08
2034-03-15,Wednesday,3,Spring,0,0,0,0,0,27,4.7,132,5.3,Sandwich,10,744.18
2034-03-16,Thursday,3,Spring,0,0,1,1,0,21,10.2,131,5.19,Mocha,10,718.69
2034-03-17,Friday,3,Spring,0,0,1,0,0,30,1.6,128,6.22,Americano,10,731.92
2034-03-18,Saturday,3,Spring,1,0,0,0,0,27,0.0,190,7.52,Espresso,11,1458.35
2034-03-19,Sunday,3,Spring,1,0,1,0,0,19,7.5,187,9.66,Sandwich,11,1846.86
2034-03-20,Monday,3,Spring,0,0,1,1,0,26,0.0,164,7.6,Cappuccino,10,1483.22
2034-03-21,Tuesday,3,Spring,0,0,1,1,0,26,6.7,156,6.84,Sandwich,10,1112.98
2034-03-22,Wednesday,3,Spring,0,0,1,0,0,26,4.1,136,4.55,Mocha,10,683.86
2034-03-23,Thursday,3,Spring,0,0,1,1,1,24,7.7,213,6.47,Pastry,10,1726.91
2034-03-24,Friday,3,Spring,0,0,1,0,0,18,2.7,132,5.97,Mocha,10,788.09
2034-03-25,Saturday,3,Spring,1,0,0,1,0,19,6.3,263,10.17,Tea,11,2852.78
2034-03-26,Sunday,3,Spring,1,0,0,0,0,24,0.0,218,7.62,Mocha,11,1589.61
2034-03-27,Monday,3,Spring,0,0,1,0,0,30,3.8,104,7.86,Cappuccino,10,808.33
2034-03-28,Tuesday,3,Spring,0,0,1,0,1,18,3.4,154,10.07,Espresso,10,1515.91
2034-03-29,Wednesday,3,Spring,0,0,1,0,0,27,0.0,116,7.41,Mocha,10,739.2
2034-03-30,Thursday,3,Spring,0,0,0,0,1,25,1.9,184,6.73,Mocha,10,1381.23
2034-03-31,Friday,3,Spring,0,0,0,0,0,19,0.0,149,8.51,Americano,10,1135.27
2034-04-01,Saturday,4,Spring,1,0,1,0,0,26,4.2,194,7.8,Sandwich,11,1572.52
2034-04-02,Sunday,4,Spring,1,0,1,1,1,27,5.4,281,4.66,Sandwich,11,1451.23
2034-04-03,Monday,4,Spring,0,0,1,0,0,21,4.4,133,8.97,Pastry,10,1307.49
2034-04-04,Tuesday,4,Spring,0,0,1,1,0,25,7.5,170,5.96,Sandwich,10,1049.24
2034-04-05,Wednesday,4,Spring,0,0,1,0,0,26,5.5,131,8.09,Latte,10,943.46
2034-04-06,Thursday,4,Spring,0,1,1,0,0,22,3.9,83,8.28,Tea,10,599.83
2034-04-07,Friday,4,Spring,0,0,1,0,0,30,0.0,110,7.23,Sandwich,10,715.98
2034-04-08,Saturday,4,Spring,1,0,0,0,0,27,0.0,206,9.32,Pastry,11,1890.7
2034-04-09,Sunday,4,Spring,1,0,1,0,0,25,1.4,198,9.92,Mocha,11,2075.1
2034-04-10,Monday,4,Spring,0,1,1,0,0,29,0.0,113,8.74,Cappuccino,10,957.57
2034-04-11,Tuesday,4,Spring,0,0,1,1,0,29,0.1,156,5.41,Espresso,10,1051.33
2034-04-12,Wednesday,4,Spring,0,0,1,1,0,30,8.0,153,9.4,Espresso,10,1718.74
2034-04-13,Thursday,4,Spring,0,0,1,0,0,21,0.2,102,5.84,Tea,10,541.03
2034-04-14,Friday,4,Spring,0,0,0,0,0,23,5.8,131,6.58,Mocha,10,965.23
2034-04-15,Saturday,4,Spring,1,0,1,1,0,30,0.8,240,4.91,Sandwich,11,1266.53
2034-04-16,Sunday,4,Spring,1,0,1,0,0,22,4.0,174,5.77,Latte,11,1152.61
2034-04-17,Monday,4,Spring,0,0,1,1,0,24,0.0,146,10.02,Espresso,10,1572.74
2034-04-18,Tuesday,4,Spring,0,0,1,0,0,25,6.4,136,6.75,Latte,10,1026.41
2034-04-19,Wednesday,4,Spring,0,1,0,1,0,18,3.0,188,7.02,Pastry,10,1481.76
2034-04-20,Thursday,4,Spring,0,0,0,0,1,28,3.2,204,8.49,Sandwich,10,1847.26
2034-04-21,Friday,4,Spring,0,0,0,0,0,22,2.1,142,7.39,Sandwich,10,1102.53
2034-04-22,Saturday,4,Spring,1,0,1,1,1,27,3.2,287,5.74,Pastry,11,1844.66
2034-04-23,Sunday,4,Spring,1,0,1,1,0,29,1.8,249,5.77,Mocha,11,1632.66
2034-04-24,Monday,4,Spring,0,0,1,0,0,22,6.2,113,6.45,Americano,10,866.7
2034-04-25,Tuesday,4,Spring,0,0,1,0,0,21,4.9,116,8.81,Tea,10,1158.64
2034-04-26,Wednesday,4,Spring,0,0,0,1,0,23,8.3,170,6.74,Mocha,10,1085.54
2034-04-27,Thursday,4,Spring,0,0,1,0,0,18,4.5,129,8.84,Americano,10,1105.48
2034-04-28,Friday,4,Spring,0,0,0,1,0,28,1.7,157,9.1,Americano,10,1468.82
2034-04-29,Saturday,4,Spring,1,0,1,0,0,28,3.2,170,5.07,Mocha,11,938.81
2034-04-30,Sunday,4,Spring,1,0,0,0,0,19,2.9,211,8.13,Cappuccino,11,1851.39
2034-05-01,Monday,5,Spring,0,0,0,1,1,30,3.6,247,5.21,Pastry,10,1378.07
2034-05-02,Tuesday,5,Spring,0,0,0,1,0,24,8.8,187,5.43,Tea,10,1034.81
2034-05-03,Wednesday,5,Spring,0,0,0,0,0,19,0.0,152,7.76,Americano,10,1041.54
2034-05-04,Thursday,5,Spring,0,0,0,0,0,20,3.8,134,9.56,Espresso,10,1276.38
2034-05-05,Friday,5,Spring,0,0,0,1,0,24,4.7,187,6.93,Cappuccino,10,1432.43
2034-05-06,Saturday,5,Spring,1,0,0,0,1,27,3.3,273,7.35,Cappuccino,11,2148.2
2034-05-07,Sunday,5,Spring,1,0,0,0,0,28,5.3,187,7.37,Mocha,11,1302.48
2034-05-08,Monday,5,Spring,0,0,0,1,0,25,0.0,162,6.07,Cappuccino,10,1195.87
2034-05-09,Tuesday,5,Spring,0,0,0,0,0,23,11.8,93,9.97,Cappuccino,10,816.12
2034-05-10,Wednesday,5,Spring,0,0,0,1,1,27,6.0,225,8.29,Americano,10,2127.73
2034-05-11,Thursday,5,Spring,0,0,0,0,0,25,0.0,125,7.57,Tea,10,828.28
2034-05-12,Friday,5,Spring,0,0,0,0,0,23,0.0,149,8.32,Tea,10,1386.65
2034-05-13,Saturday,5,Spring,1,0,0,0,1,24,3.8,236,8.0,Tea,11,1874.86
2034-05-14,Sunday,5,Spring,1,0,0,0,0,26,0.0,190,5.73,Mocha,11,1066.63
2034-05-15,Monday,5,Spring,0,0,0,0,0,20,6.0,111,6.43,Mocha,10,567.8
2034-05-16,Tuesday,5,Spring,0,0,0,1,0,30,4.2,194,7.48,Mocha,10,1462.91
2034-05-17,Wednesday,5,Spring,0,0,0,0,0,23,6.3,114,8.77,Pastry,10,949.09
2034-05-18,Thursday,5,Spring,0,0,0,0,0,18,5.0,140,5.92,Mocha,10,863.51
2034-05-19,Friday,5,Spring,0,0,0,1,1,22,7.3,237,6.29,Americano,10,1749.53
2034-05-20,Saturday,5,Spring,1,0,0,0,0,20,2.1,213,10.05,Cappuccino,11,2191.86
2034-05-21,Sunday,5,Spring,1,0,0,1,0,26,6.8,241,6.9,Pastry,11,1907.97
2034-05-22,Monday,5,Spring,0,0,0,0,0,30,3.3,157,6.54,Mocha,10,1096.09
2034-05-23,Tuesday,5,Spring,0,0,0,0,1,27,1.3,176,6.99,Cappuccino,10,1414.23
2034-05-24,Wednesday,5,Spring,0,0,0,1,0,19,0.3,186,9.55,Latte,10,1998.94
2034-05-25,Thursday,5,Spring,0,1,0,0,0,22,8.0,90,8.67,Espresso,10,670.19
2034-05-26,Friday,5,Spring,0,0,0,1,1,24,6.5,252,7.83,Pastry,10,2355.69
2034-05-27,Saturday,5,Spring,1,0,0,1,0,23,0.0,252,7.19,Espresso,11,1983.28
2034-05-28,Sunday,5,Spring,1,0,0,0,0,19,0.0,223,9.68,Sandwich,11,2113.0
2034-05-29,Monday,5,Spring,0,0,0,0,0,28,4.6,156,7.87,Sandwich,10,1219.88
2034-05-30,Tuesday,5,Spring,0,0,0,1,0,18,0.0,172,4.87,Pastry,10,885.19
2034-05-31,Wednesday,5,Spring,0,0,0,0,0,18,3.5,110,10.07,Tea,10,999.09
2034-06-01,Thursday,6,Summer,0,0,0,0,0,31,1.6,162,9.47,Americano,10,1571.16
2034-06-02,Friday,6,Summer,0,0,0,0,0,37,0.0,133,6.35,Latte,10,921.81
2034-06-03,Saturday,6,Summer,1,0,0,1,0,41,0.0,238,10.5,Cappuccino,11,2767.38
2034-06-04,Sunday,6,Summer,1,0,0,1,1,36,2.4,315,8.24,Mocha,11,3055.95
2034-06-05,Monday,6,Summer,0,0,0,0,0,29,2.2,152,7.96,Americano,10,1340.86
2034-06-06,Tuesday,6,Summer,0,0,0,0,0,40,1.9,136,7.36,Latte,10,959.57
2034-06-07,Wednesday,6,Summer,0,0,0,0,0,29,3.0,137,4.54,Tea,10,723.01
2034-06-08,Thursday,6,Summer,0,0,0,0,0,38,2.2,113,4.92,Latte,10,645.25
2034-06-09,Friday,6,Summer,0,0,0,0,0,35,3.0,147,9.38,Latte,10,1364.81
2034-06-10,Saturday,6,Summer,1,0,0,0,0,31,5.6,183,5.23,Pastry,11,1081.86
2034-06-11,Sunday,6,Summer,1,0,0,0,0,41,2.5,220,7.34,Espresso,11,1591.47
2034-06-12,Monday,6,Summer,0,0,0,0,0,37,3.7,152,5.78,Espresso,10,873.59
2034-06-13,Tuesday,6,Summer,0,0,0,1,0,28,0.0,166,7.16,Espresso,10,1452.77
2034-06-14,Wednesday,6,Summer,0,0,0,0,0,28,0.0,148,4.88,Espresso,10,770.98
2034-06-15,Thursday,6,Summer,0,0,0,0,0,41,0.8,144,9.43,Cappuccino,10,1441.07
2034-06-16,Friday,6,Summer,0,0,0,0,0,37,7.3,133,6.84,Mocha,10,803.57
2034-06-17,Saturday,6,Summer,1,0,0,0,0,37,3.0,211,8.94,Latte,11,1902.66
2034-06-18,Sunday,6,Summer,1,0,0,0,0,29,0.4,230,8.25,Pastry,11,1859.87
2034-06-19,Monday,6,Summer,0,0,0,0,0,30,5.0,123,4.78,Pastry,10,701.3
2034-06-20,Tuesday,6,Summer,0,0,0,0,0,41,0.0,136,9.03,Latte,10,1094.22
2034-06-21,Wednesday,6,Summer,0,0,0,0,0,40,0.0,162,5.87,Pastry,10,906.68
2034-06-22,Thursday,6,Summer,0,0,0,0,0,33,0.0,130,8.91,Pastry,10,1030.28
2034-06-23,Friday,6,Summer,0,0,0,1,0,31,0.0,209,9.85,Sandwich,10,2135.62
2034-06-24,Saturday,6,Summer,1,0,0,0,0,36,1.3,206,7.61,Tea,11,1577.38
2034-06-25,Sunday,6,Summer,1,0,0,0,0,31,0.0,202,8.64,Americano,11,1645.56
2034-06-26,Monday,6,Summer,0,0,0,1,0,40,7.2,196,8.03,Tea,10,1639.92
2034-06-27,Tuesday,6,Summer,0,0,0,1,0,35,1.9,180,7.36,Sandwich,10,1570.3
2034-06-28,Wednesday,6,Summer,0,0,0,0,0,29,0.0,144,10.12,Americano,10,1443.18
2034-06-29,Thursday,6,Summer,0,0,0,1,0,32,6.2,171,7.69,Tea,10,1463.75
2034-06-30,Friday,6,Summer,0,0,0,1,0,30,0.8,183,9.29,Mocha,10,1783.72
2034-07-01,Saturday,7,Summer,1,0,0,0,0,32,0.1,228,10.46,Cappuccino,11,2266.51
2034-07-02,Sunday,7,Summer,1,0,0,1,0,38,0.5,235,8.3,Tea,11,2185.34
2034-07-03,Monday,7,Summer,0,0,0,0,0,32,0.0,163,5.33,Sandwich,10,992.89
2034-07-04,Tuesday,7,Summer,0,0,0,0,0,36,0.0,124,5.99,Espresso,10,667.39
2034-07-05,Wednesday,7,Summer,0,0,0,0,1,34,0.0,209,10.12,Latte,10,2109.13
2034-07-06,Thursday,7,Summer,0,0,0,0,0,42,0.0,133,5.29,Pastry,10,721.85
2034-07-07,Friday,7,Summer,0,0,0,1,0,36,0.9,174,7.27,Americano,10,1460.76
2034-07-08,Saturday,7,Summer,1,0,0,0,0,31,8.0,201,5.77,Tea,11,1264.61
2034-07-09,Sunday,7,Summer,1,0,0,1,0,39,5.8,250,8.12,Mocha,11,2232.81
2034-07-10,Monday,7,Summer,0,0,0,0,1,39,3.9,198,4.68,Mocha,10,1025.5
2034-07-11,Tuesday,7,Summer,0,0,0,0,0,31,0.0,121,7.11,Cappuccino,10,802.8
2034-07-12,Wednesday,7,Summer,0,0,0,0,0,29,2.8,112,9.63,Pastry,10,1147.62
2034-07-13,Thursday,7,Summer,0,0,0,0,1,31,0.0,196,5.1,Mocha,10,1139.03
2034-07-14,Friday,7,Summer,0,0,0,0,0,35,2.0,126,7.91,Latte,10,973.79
2034-07-15,Saturday,7,Summer,1,1,0,0,0,40,5.7,182,8.39,Americano,11,1467.35
2034-07-16,Sunday,7,Summer,1,0,0,0,0,33,0.1,208,4.89,Pastry,11,924.03
2034-07-17,Monday,7,Summer,0,0,0,0,0,37,0.0,124,6.31,Tea,10,690.41
2034-07-18,Tuesday,7,Summer,0,0,0,1,0,28,3.2,182,8.44,Americano,10,1647.96
2034-07-19,Wednesday,7,Summer,0,0,0,0,0,42,0.7,161,7.04,Latte,10,1237.82
2034-07-20,Thursday,7,Summer,0,1,0,0,0,39,0.0,144,8.17,Americano,10,1320.44
2034-07-21,Friday,7,Summer,0,0,0,0,0,31,0.0,118,10.27,Cappuccino,10,1092.63
2034-07-22,Saturday,7,Summer,1,1,0,1,0,36,2.2,258,4.85,Mocha,11,1519.11
2034-07-23,Sunday,7,Summer,1,0,0,0,1,37,0.0,253,4.83,Cappuccino,11,1344.96
2034-07-24,Monday,7,Summer,0,0,0,1,0,38,0.7,195,5.77,Espresso,10,1124.05
2034-07-25,Tuesday,7,Summer,0,0,0,0,0,28,3.2,114,5.42,Latte,10,635.21
2034-07-26,Wednesday,7,Summer,0,0,0,0,0,38,1.4,155,9.14,Sandwich,10,1447.9
2034-07-27,Thursday,7,Summer,0,0,0,0,0,40,0.9,135,6.81,Latte,10,992.47
2034-07-28,Friday,7,Summer,0,0,0,0,0,30,0.0,132,9.77,Pastry,10,1379.51
2034-07-29,Saturday,7,Summer,1,0,0,1,0,41,0.5,239,10.08,Espresso,11,2787.9
2034-07-30,Sunday,7,Summer,1,0,0,0,0,41,0.0,228,8.79,Espresso,11,1961.07
2034-07-31,Monday,7,Summer,0,0,0,0,0,42,0.0,146,9.58,Cappuccino,10,1458.41
2034-08-01,Tuesday,8,Summer,0,0,0,0,0,34,4.0,123,8.16,Mocha,10,1084.78
2034-08-02,Wednesday,8,Summer,0,0,0,0,0,38,0.0,127,6.45,Mocha,10,781.55
2034-08-03,Thursday,8,Summer,0,0,0,0,1,34,0.0,209,8.01,Sandwich,10,1767.86
2034-08-04,Friday,8,Summer,0,0,0,1,0,32,0.0,187,4.51,Mocha,10,1055.43
2034-08-05,Saturday,8,Summer,1,0,0,1,1,38,0.0,310,5.09,Espresso,11,1762.45
2034-08-06,Sunday,8,Summer,1,1,0,1,1,40,0.0,314,10.38,Cappuccino,11,3731.52
2034-08-07,Monday,8,Summer,0,0,0,0,0,29,6.3,105,9.58,Tea,10,984.35
2034-08-08,Tuesday,8,Summer,0,0,0,0,1,33,1.3,186,6.75,Sandwich,10,1290.96
2034-08-09,Wednesday,8,Summer,0,0,0,0,0,38,0.0,122,6.3,Pastry,10,862.55
2034-08-10,Thursday,8,Summer,0,0,0,0,0,38,0.0,136,8.54,Americano,10,1272.76
2034-08-11,Friday,8,Summer,0,0,0,0,0,39,1.9,151,8.24,Sandwich,10,1176.85
2034-08-12,Saturday,8,Summer,1,0,0,0,0,34,3.6,211,5.51,Pastry,11,1199.17
2034-08-13,Sunday,8,Summer,1,0,0,0,0,28,0.8,186,8.74,Americano,11,1738.3
2034-08-14,Monday,8,Summer,0,0,0,0,0,40,0.4,139,5.97,Pastry,10,709.13
2034-08-15,Tuesday,8,Summer,0,0,0,0,0,31,0.0,118,8.26,Pastry,10,1068.32
2034-08-16,Wednesday,8,Summer,0,0,0,0,1,34,2.2,196,8.48,Mocha,10,1654.73
2034-08-17,Thursday,8,Summer,0,0,0,0,0,28,0.7,130,10.04,Americano,10,1448.93
2034-08-18,Friday,8,Summer,0,0,0,0,0,39,1.1,134,10.47,Tea,10,1326.07
2034-08-19,Saturday,8,Summer,1,0,0,0,0,36,3.3,200,4.63,Tea,11,788.88
2034-08-20,Sunday,8,Summer,1,0,0,0,1,36,0.8,283,5.72,Cappuccino,11,1626.72
2034-08-21,Monday,8,Summer,0,0,0,1,0,32,0.0,191,9.91,Pastry,10,2117.15
2034-08-22,Tuesday,8,Summer,0,0,0,0,0,38,1.9,137,10.37,Latte,10,1324.56
2034-08-23,Wednesday,8,Summer,0,0,0,0,0,32,1.0,119,6.42,Cappuccino,10,700.45
2034-08-24,Thursday,8,Summer,0,0,0,0,0,38,1.1,151,8.07,Latte,10,1198.05
2034-08-25,Friday,8,Summer,0,0,0,1,0,37,3.3,174,9.32,Latte,10,1662.19
2034-08-26,Saturday,8,Summer,1,0,0,0,0,42,0.0,206,7.85,Espresso,11,1757.54
2034-08-27,Sunday,8,Summer,1,0,0,0,0,31,0.0,208,4.72,Cappuccino,11,961.28
2034-08-28,Monday,8,Summer,0,0,0,0,0,41,0.0,146,10.1,Mocha,10,1571.31
2034-08-29,Tuesday,8,Summer,0,0,0,1,0,32,2.3,177,7.61,Tea,10,1451.75
2034-08-30,Wednesday,8,Summer,0,0,0,0,0,37,1.7,138,4.63,Cappuccino,10,689.21
2034-08-31,Thursday,8,Summer,0,0,0,1,0,35,0.0,187,10.28,Pastry,10,1969.75
2034-09-01,Friday,9,Autumn,0,0,0,1,0,24,5.2,159,5.0,Latte,10,872.58
2034-09-02,Saturday,9,Autumn,1,0,0,0,0,23,2.3,231,9.99,Latte,11,2430.01
2034-09-03,Sunday,9,Autumn,1,0,0,0,0,21,0.0,235,7.07,Americano,11,1655.65
2034-09-04,Monday,9,Autumn,0,0,0,0,0,19,0.0,141,4.59,Sandwich,10,738.17
2034-09-05,Tuesday,9,Autumn,0,0,0,1,0,28,1.5,162,4.51,Latte,10,895.33
2034-09-06,Wednesday,9,Autumn,0,0,0,0,0,25,0.0,126,5.01,Americano,10,626.76
2034-09-07,Thursday,9,Autumn,0,1,0,1,0,24,2.4,152,10.18,Sandwich,10,1848.42
2034-09-08,Friday,9,Autumn,0,0,0,0,0,29,7.6,137,8.71,Cappuccino,10,1097.05
2034-09-09,Saturday,9,Autumn,1,0,0,1,0,21,4.6,246,5.19,Cappuccino,11,1553.48
2034-09-10,Sunday,9,Autumn,1,0,0,0,0,29,0.0,223,5.26,Espresso,11,1241.83
2034-09-11,Monday,9,Autumn,0,0,0,1,0,19,4.1,182,5.6,Latte,10,1063.56
2034-09-12,Tuesday,9,Autumn,0,0,0,0,0,25,4.4,124,6.37,Latte,10,772.32
2034-09-13,Wednesday,9,Autumn,0,0,0,0,0,29,3.8,118,6.32,Pastry,10,823.97
2034-09-14,Thursday,9,Autumn,0,0,0,1,0,30,1.6,160,5.12,Cappuccino,10,909.44
2034-09-15,Friday,9,Autumn,0,0,0,1,1,20,0.0,243,6.6,Sandwich,10,1831.65
2034-09-16,Saturday,9,Autumn,1,0,0,1,0,24,5.2,238,10.14,Tea,11,2739.2
2034-09-17,Sunday,9,Autumn,1,0,0,0,0,29,0.0,202,7.87,Pastry,11,1703.8
2034-09-18,Monday,9,Autumn,0,0,0,0,0,29,5.5,149,10.49,Mocha,10,1617.24
2034-09-19,Tuesday,9,Autumn,0,0,0,0,1,22,1.0,182,9.62,Pastry,10,1706.73
2034-09-20,Wednesday,9,Autumn,0,0,0,0,0,19,6.9,144,8.43,Sandwich,10,1337.19
2034-09-21,Thursday,9,Autumn,0,0,0,1,0,27,4.5,163,8.39,Espresso,10,1405.49
2034-09-22,Friday,9,Autumn,0,0,0,1,0,19,5.6,167,9.84,Mocha,10,1769.05
2034-09-23,Saturday,9,Autumn,1,0,0,0,0,26,3.0,205,6.97,Espresso,11,1326.71
2034-09-24,Sunday,9,Autumn,1,0,0,0,0,28,3.8,178,7.08,Tea,11,1274.52
2034-09-25,Monday,9,Autumn,0,0,0,0,0,19,0.0,162,6.37,Cappuccino,10,925.67
2034-09-26,Tuesday,9,Autumn,0,0,0,0,0,26,0.0,145,5.67,Espresso,10,897.39
2034-09-27,Wednesday,9,Autumn,0,0,0,0,0,20,0.9,133,5.36,Latte,10,849.01
2034-09-28,Thursday,9,Autumn,0,0,0,0,0,25,2.5,145,6.05,Pastry,10,989.3
2034-09-29,Friday,9,Autumn,0,0,0,1,0,20,0.0,178,6.07,Latte,10,1236.2
2034-09-30,Saturday,9,Autumn,1,0,0,0,0,19,5.8,211,6.8,Cappuccino,11,1409.57
2034-10-01,Sunday,10,Autumn,1,0,0,1,0,25,0.0,268,7.68,Americano,11,2362.92
2034-10-02,Monday,10,Autumn,0,0,0,1,0,21,6.8,178,8.99,Mocha,10,1760.3
2034-10-03,Tuesday,10,Autumn,0,0,0,0,0,30,1.3,122,6.95,Latte,10,959.94
2034-10-04,Wednesday,10,Autumn,0,0,0,0,0,30,3.9,152,9.87,Tea,10,1380.56
2034-10-05,Thursday,10,Autumn,0,0,0,1,1,26,3.8,210,8.57,Americano,10,1939.11
2034-10-06,Friday,10,Autumn,0,0,0,1,1,29,4.4,234,10.37,Mocha,10,2855.9
2034-10-07,Saturday,10,Autumn,1,0,0,1,0,18,3.8,271,7.08,Sandwich,11,2112.45
2034-10-08,Sunday,10,Autumn,1,0,0,0,0,30,1.1,213,7.4,Latte,11,1441.32
2034-10-09,Monday,10,Autumn,0,1,0,0,0,18,0.4,140,6.83,Latte,10,808.32
2034-10-10,Tuesday,10,Autumn,0,0,0,0,0,23,1.9,126,5.62,Americano,10,587.39
2034-10-11,Wednesday,10,Autumn,0,0,0,0,0,27,5.9,124,9.88,Pastry,10,1364.57
2034-10-12,Thursday,10,Autumn,0,0,0,1,0,22,3.6,181,6.15,Pastry,10,1162.28
2034-10-13,Friday,10,Autumn,0,0,0,1,0,27,2.8,177,6.31,Sandwich,10,1202.43
2034-10-14,Saturday,10,Autumn,1,0,0,1,1,20,4.3,310,9.83,Latte,11,3422.58
2034-10-15,Sunday,10,Autumn,1,0,0,0,0,29,6.4,219,9.35,Mocha,11,1999.51
2034-10-16,Monday,10,Autumn,0,0,0,0,0,24,5.2,123,7.05,Sandwich,10,1006.96
2034-10-17,Tuesday,10,Autumn,0,0,0,0,0,28,1.4,148,5.94,Americano,10,744.19
2034-10-18,Wednesday,10,Autumn,0,0,0,1,0,28,0.0,208,6.0,Latte,10,1415.31
2034-10-19,Thursday,10,Autumn,0,0,0,1,0,30,4.6,167,6.33,Cappuccino,10,1129.83
2034-10-20,Friday,10,Autumn,0,0,0,1,0,24,3.2,190,9.3,Mocha,10,1880.84
2034-10-21,Saturday,10,Autumn,1,0,0,1,0,30,6.4,227,7.91,Americano,11,1985.63
2034-10-22,Sunday,10,Autumn,1,0,0,0,1,30,3.1,261,9.83,Americano,11,2770.5
2034-10-23,Monday,10,Autumn,0,0,0,0,0,19,5.9,147,4.65,Tea,10,635.3
2034-10-24,Tuesday,10,Autumn,0,0,0,0,0,21,3.6,140,8.65,Pastry,10,1290.63
2034-10-25,Wednesday,10,Autumn,0,0,0,1,0,24,2.0,191,8.06,Espresso,10,1563.09
2034-10-26,Thursday,10,Autumn,0,0,0,0,0,23,5.1,130,5.26,Latte,10,713.23
2034-10-27,Friday,10,Autumn,0,0,0,1,0,20,1.2,187,4.78,Espresso,10,947.24
2034-10-28,Saturday,10,Autumn,1,0,0,1,0,19,3.5,260,4.74,Americano,11,1216.82
2034-10-29,Sunday,10,Autumn,1,0,0,0,0,30,6.4,182,7.72,Latte,11,1381.09
2034-10-30,Monday,10,Autumn,0,0,0,0,0,21,0.0,139,10.42,Cappuccino,10,1491.52
2034-10-31,Tuesday,10,Autumn,0,0,0,1,0,23,5.9,159,6.76,Pastry,10,1265.87
2034-11-01,Wednesday,11,Autumn,0,1,0,1,0,20,2.6,157,10.09,Pastry,10,1737.74
2034-11-02,Thursday,11,Autumn,0,0,0,0,0,24,1.0,126,9.86,Tea,10,1373.17
2034-11-03,Friday,11,Autumn,0,0,0,0,0,21,0.0,153,9.33,Tea,10,1427.94
2034-11-04,Saturday,11,Autumn,1,0,0,0,0,30,1.9,216,9.73,Tea,11,2179.71
2034-11-05,Sunday,11,Autumn,1,0,0,0,0,29,0.0,219,6.0,Sandwich,11,1247.14
2034-11-06,Monday,11,Autumn,0,0,0,1,0,29,0.0,174,6.23,Latte,10,1311.83
2034-11-07,Tuesday,11,Autumn,0,0,0,0,0,24,0.4,148,5.92,Mocha,10,906.39
2034-11-08,Wednesday,11,Autumn,0,0,0,1,0,29,2.8,166,4.77,Americano,10,792.35
2034-11-09,Thursday,11,Autumn,0,0,0,0,1,29,6.5,185,8.77,Sandwich,10,1704.77
2034-11-10,Friday,11,Autumn,0,0,0,1,0,28,3.7,192,10.39,Mocha,10,2296.04
2034-11-11,Saturday,11,Autumn,1,0,0,0,0,20,5.1,197,6.73,Mocha,11,1451.53
2034-11-12,Sunday,11,Autumn,1,0,0,1,0,25,4.0,254,9.53,Latte,11,2679.79
2034-11-13,Monday,11,Autumn,0,0,0,1,0,26,6.7,177,10.45,Sandwich,10,2151.8
2034-11-14,Tuesday,11,Autumn,0,0,0,0,0,28,2.0,142,6.73,Cappuccino,10,1080.49
2034-11-15,Wednesday,11,Autumn,0,0,0,1,0,27,3.2,198,7.4,Tea,10,1588.79
2034-11-16,Thursday,11,Autumn,0,0,0,0,0,18,5.7,107,5.17,Americano,10,447.04
2034-11-17,Friday,11,Autumn,0,0,0,0,0,30,8.6,115,10.42,Americano,10,1148.16
2034-11-18,Saturday,11,Autumn,1,0,0,0,0,20,2.4,207,6.08,Pastry,11,1404.99
2034-11-19,Sunday,11,Autumn,1,0,0,0,1,29,7.4,245,6.55,Mocha,11,1652.48
2034-11-20,Monday,11,Autumn,0,0,0,0,0,18,7.4,141,8.57,Mocha,10,1119.16
2034-11-21,Tuesday,11,Autumn,0,0,0,0,0,21,1.3,121,8.31,Mocha,10,930.2
2034-11-22,Wednesday,11,Autumn,0,0,0,0,0,22,0.8,131,9.69,Tea,10,1198.04
2034-11-23,Thursday,11,Autumn,0,0,0,0,0,28,6.1,111,9.71,Mocha,10,1159.29
2034-11-24,Friday,11,Autumn,0,0,0,0,0,24,2.5,139,10.06,Espresso,10,1481.84
2034-11-25,Saturday,11,Autumn,1,1,0,0,1,19,2.2,240,5.3,Cappuccino,11,1391.96
2034-11-26,Sunday,11,Autumn,1,0,0,0,1,25,3.5,261,8.95,Pastry,11,2567.85
2034-11-27,Monday,11,Autumn,0,0,0,0,0,23,2.9,149,5.08,Americano,10,612.64
2034-11-28,Tuesday,11,Autumn,0,0,0,0,0,29,2.2,132,9.3,Espresso,10,1116.82
2034-11-29,Wednesday,11,Autumn,0,0,0,0,1,20,5.2,183,8.02,Americano,10,1394.48
2034-11-30,Thursday,11,Autumn,0,1,0,0,0,18,5.9,107,6.42,Latte,10,669.41
2034-12-01,Friday,12,Winter,0,0,0,1,0,12,0.2,208,5.01,Tea,10,1252.31
2034-12-02,Saturday,12,Winter,1,0,0,1,0,13,4.0,229,8.54,Mocha,11,2080.24
2034-12-03,Sunday,12,Winter,1,0,0,1,1,16,1.3,293,8.62,Sandwich,11,2898.18
2034-12-04,Monday,12,Winter,0,0,0,0,0,6,3.9,158,6.98,Pastry,10,1000.56
2034-12-05,Tuesday,12,Winter,0,0,0,0,0,9,1.9,125,9.27,Mocha,10,1014.5
2034-12-06,Wednesday,12,Winter,0,0,0,0,0,17,3.6,132,8.28,Sandwich,10,1239.7
2034-12-07,Thursday,12,Winter,0,0,0,0,0,12,0.7,115,5.0,Cappuccino,10,445.52
2034-12-08,Friday,12,Winter,0,0,0,0,1,12,1.1,207,6.21,Sandwich,10,1437.9
2034-12-09,Saturday,12,Winter,1,1,0,1,0,10,5.0,248,7.68,Pastry,11,2025.6
2034-12-10,Sunday,12,Winter,1,0,0,1,0,9,2.5,232,7.98,Pastry,11,1944.32
2034-12-11,Monday,12,Winter,0,0,0,0,0,10,7.1,121,8.94,Cappuccino,10,1136.79
2034-12-12,Tuesday,12,Winter,0,0,0,0,0,12,0.5,115,10.37,Latte,10,1237.72
2034-12-13,Wednesday,12,Winter,0,0,0,0,0,12,1.6,112,5.01,Cappuccino,10,494.66
2034-12-14,Thursday,12,Winter,0,0,0,0,0,7,1.1,135,8.71,Cappuccino,10,1218.4
2034-12-15,Friday,12,Winter,0,0,0,1,1,16,0.0,249,4.59,Sandwich,10,1249.46
2034-12-16,Saturday,12,Winter,1,0,0,1,0,17,5.0,239,7.17,Sandwich,11,1757.86
2034-12-17,Sunday,12,Winter,1,0,0,1,0,6,3.7,231,5.5,Mocha,11,1404.15
2034-12-18,Monday,12,Winter,0,0,0,1,0,17,0.0,193,6.51,Sandwich,10,1238.25
2034-12-19,Tuesday,12,Winter,0,0,0,1,0,16,1.2,192,9.81,Tea,10,2019.1
2034-12-20,Wednesday,12,Winter,0,0,0,1,0,15,3.2,175,5.43,Pastry,10,1160.44
2034-12-21,Thursday,12,Winter,0,0,0,1,0,12,5.8,149,9.14,Latte,10,1350.85
2034-12-22,Friday,12,Winter,0,0,0,0,0,9,6.3,144,10.48,Americano,10,1530.83
2034-12-23,Saturday,12,Winter,1,0,0,0,0,17,0.3,213,6.94,Pastry,11,1356.47
2034-12-24,Sunday,12,Winter,1,0,0,0,0,18,5.1,216,9.46,Americano,11,2190.06
2034-12-25,Monday,12,Winter,0,0,0,1,0,12,5.2,151,5.17,Tea,10,765.8
2034-12-26,Tuesday,12,Winter,0,0,0,0,0,5,2.0,122,10.16,Sandwich,10,1165.56
2034-12-27,Wednesday,12,Winter,0,0,0,0,1,11,0.0,207,10.44,Pastry,10,2309.54
2034-12-28,Thursday,12,Winter,0,0,0,0,0,17,6.4,103,9.13,Espresso,10,1075.86
2034-12-29,Friday,12,Winter,0,1,0,1,0,9,5.2,158,4.67,Pastry,10,793.68
2034-12-30,Saturday,12,Winter,1,0,0,1,0,14,7.8,230,10.28,Pastry,11,2738.86
2034-12-31,Sunday,12,Winter,1,0,0,1,0,15,3.3,235,6.4,Americano,11,1607.18
2035-01-01,Monday,1,Winter,0,0,0,0,0,13,4.8,107,9.63,Espresso,10,989.86
2035-01-02,Tuesday,1,Winter,0,0,0,0,0,17,5.2,146,6.24,Latte,10,956.52
2035-01-03,Wednesday,1,Winter,0,0,0,0,0,13,7.3,114,9.18,Americano,10,1141.71
2035-01-04,Thursday,1,Winter,0,0,0,0,0,13,7.9,144,5.21,Espresso,10,681.39
2035-01-05,Friday,1,Winter,0,0,0,0,0,15,4.1,132,5.42,Espresso,10,697.61
2035-01-06,Saturday,1,Winter,1,0,0,0,0,12,0.7,232,8.92,Pastry,11,2112.38
2035-01-07,Sunday,1,Winter,1,0,0,0,0,9,5.5,186,5.52,Pastry,11,910.32
2035-01-08,Monday,1,Winter,0,0,0,0,0,12,3.9,157,7.58,Tea,10,1205.62
2035-01-09,Tuesday,1,Winter,0,0,0,0,0,7,2.2,137,9.96,Sandwich,10,1381.21
2035-01-10,Wednesday,1,Winter,0,0,0,1,0,15,8.7,161,4.81,Espresso,10,944.77
2035-01-11,Thursday,1,Winter,0,0,0,1,0,16,4.6,172,6.19,Tea,10,1273.19
2035-01-12,Friday,1,Winter,0,0,0,1,0,7,2.1,166,9.26,Espresso,10,1758.59
2035-01-13,Saturday,1,Winter,1,0,0,1,0,9,2.5,231,9.5,Tea,11,2326.48
2035-01-14,Sunday,1,Winter,1,0,0,0,0,13,2.7,216,7.44,Sandwich,11,1687.42
2035-01-15,Monday,1,Winter,0,1,0,0,0,16,3.3,109,9.99,Americano,10,1160.8
2035-01-16,Tuesday,1,Winter,0,0,0,1,0,7,7.0,182,5.13,Pastry,10,901.74
2035-01-17,Wednesday,1,Winter,0,0,0,1,0,11,3.8,187,6.0,Mocha,10,1176.07
2035-01-18,Thursday,1,Winter,0,0,0,1,0,18,0.0,166,4.95,Americano,10,922.62
2035-01-19,Friday,1,Winter,0,0,0,0,0,5,4.2,138,7.05,Tea,10,954.25
2035-01-20,Saturday,1,Winter,1,0,0,0,0,6,7.5,176,5.4,Cappuccino,11,868.64
2035-01-21,Sunday,1,Winter,1,0,0,1,0,15,4.8,264,6.48,Americano,11,1891.21
2035-01-22,Monday,1,Winter,0,0,0,0,0,13,0.5,131,6.62,Espresso,10,721.72
2035-01-23,Tuesday,1,Winter,0,0,0,0,0,11,5.3,154,8.32,Latte,10,1280.29
2035-01-24,Wednesday,1,Winter,0,0,0,0,0,17,4.5,107,7.52,Pastry,10,855.63
2035-01-25,Thursday,1,Winter,0,1,0,0,1,17,3.2,186,5.46,Tea,10,1200.07
2035-01-26,Friday,1,Winter,0,0,0,0,0,9,4.4,121,7.4,Espresso,10,1028.38
2035-01-27,Saturday,1,Winter,1,0,0,1,0,7,0.0,248,9.89,Cappuccino,11,2561.05
2035-01-28,Sunday,1,Winter,1,0,0,0,0,15,5.7,192,9.26,Sandwich,11,1716.0
2035-01-29,Monday,1,Winter,0,0,0,0,0,16,3.6,117,10.41,Cappuccino,10,1324.71
2035-01-30,Tuesday,1,Winter,0,0,0,1,0,14,1.2,166,8.09,Pastry,10,1443.03
2035-01-31,Wednesday,1,Winter,0,0,0,1,0,17,7.7,163,5.01,Americano,10,754.59
2035-02-01,Thursday,2,Winter,0,0,0,1,0,6,0.3,185,7.49,Latte,10,1474.14
2035-02-02,Friday,2,Winter,0,0,0,0,0,14,6.1,138,10.38,Sandwich,10,1430.89
2035-02-03,Saturday,2,Winter,1,0,0,1,0,17,2.8,272,8.07,Pastry,11,2528.49
2035-02-04,Sunday,2,Winter,1,1,0,0,0,13,0.4,180,9.43,Pastry,11,1790.09
2035-02-05,Monday,2,Winter,0,0,0,0,0,9,4.4,107,4.83,Mocha,10,606.11
2035-02-06,Tuesday,2,Winter,0,0,0,0,0,17,5.9,122,6.59,Espresso,10,704.34
2035-02-07,Wednesday,2,Winter,0,0,0,0,0,5,0.8,143,8.81,Latte,10,1124.99
2035-02-08,Thursday,2,Winter,0,0,0,0,0,16,2.7,150,6.28,Espresso,10,972.6
2035-02-09,Friday,2,Winter,0,0,0,1,0,9,5.5,157,9.55,Espresso,10,1612.37
2035-02-10,Saturday,2,Winter,1,0,0,0,0,12,0.4,203,5.68,Americano,11,1035.7
2035-02-11,Sunday,2,Winter,1,0,0,0,0,5,0.9,184,8.04,Pastry,11,1489.76
2035-02-12,Monday,2,Winter,0,0,0,0,0,13,1.2,146,7.47,Espresso,10,1211.77
2035-02-13,Tuesday,2,Winter,0,0,0,1,0,10,3.5,155,8.51,Cappuccino,10,1586.49
2035-02-14,Wednesday,2,Winter,0,0,0,0,0,12,3.3,149,7.05,Americano,10,1155.31
2035-02-15,Thursday,2,Winter,0,0,0,0,0,11,0.0,137,5.99,Espresso,10,837.45
2035-02-16,Friday,2,Winter,0,0,0,1,1,18,3.9,227,6.57,Cappuccino,10,1788.71
2035-02-17,Saturday,2,Winter,1,0,0,0,1,18,4.2,262,4.72,Latte,11,1441.11
2035-02-18,Sunday,2,Winter,1,0,0,0,1,16,0.0,253,9.34,Latte,11,2509.99
2035-02-19,Monday,2,Winter,0,0,0,1,0,5,0.0,190,4.86,Espresso,10,953.53
2035-02-20,Tuesday,2,Winter,0,0,0,0,1,15,4.6,204,8.82,Espresso,10,1987.25
2035-02-21,Wednesday,2,Winter,0,0,0,1,0,8,6.8,189,9.31,Tea,10,1891.27
2035-02-22,Thursday,2,Winter,0,0,0,0,0,14,7.0,127,10.16,Cappuccino,10,1272.85
2035-02-23,Friday,2,Winter,0,0,0,1,0,10,1.4,159,10.27,Cappuccino,10,1762.35
2035-02-24,Saturday,2,Winter,1,0,0,0,0,6,4.5,221,10.29,Mocha,11,2399.67
2035-02-25,Sunday,2,Winter,1,0,0,0,0,6,0.9,187,5.21,Sandwich,11,919.56
2035-02-26,Monday,2,Winter,0,0,0,1,0,8,0.9,193,9.81,Sandwich,10,2135.71
2035-02-27,Tuesday,2,Winter,0,0,0,1,0,17,6.7,162,5.77,Americano,10,1102.39
2035-02-28,Wednesday,2,Winter,0,0,0,0,0,12,0.0,132,4.98,Tea,10,628.55
2035-03-01,Thursday,3,Spring,0,0,1,1,0,20,3.9,172,7.28,Latte,10,1298.9
2035-03-02,Friday,3,Spring,0,1,1,0,1,26,0.0,149,5.06,Sandwich,10,742.11
2035-03-03,Saturday,3,Spring,1,0,1,1,0,23,5.5,209,9.24,Mocha,11,2197.02
2035-03-04,Sunday,3,Spring,1,0,1,0,0,21,3.4,197,10.26,Cappuccino,11,2106.97
2035-03-05,Monday,3,Spring,0,0,1,1,0,18,4.3,152,10.11,Latte,10,1756.38
2035-03-06,Tuesday,3,Spring,0,0,1,0,0,24,3.9,106,7.62,Cappuccino,10,919.86
2035-03-07,Wednesday,3,Spring,0,0,1,0,0,22,6.0,97,7.9,Mocha,10,650.04
2035-03-08,Thursday,3,Spring,0,0,0,1,0,25,0.3,183,4.6,Americano,10,942.96
2035-03-09,Friday,3,Spring,0,0,0,1,0,28,0.0,210,4.95,Sandwich,10,1221.98
2035-03-10,Saturday,3,Spring,1,0,1,0,0,25,2.1,205,6.01,Sandwich,11,1191.27
2035-03-11,Sunday,3,Spring,1,0,0,0,0,23,10.4,187,8.99,Cappuccino,11,1753.11
2035-03-12,Monday,3,Spring,0,0,0,1,0,20,5.0,154,8.09,Sandwich,10,1337.11
2035-03-13,Tuesday,3,Spring,0,0,0,0,1,18,5.1,196,6.84,Cappuccino,10,1411.51
2035-03-14,Wednesday,3,Spring,0,0,1,0,0,22,4.8,141,9.14,Sandwich,10,1165.27
2035-03-15,Thursday,3,Spring,0,0,1,0,0,18,1.0,121,4.73,Sandwich,10,643.91
2035-03-16,Friday,3,Spring,0,0,0,0,0,28,4.3,146,8.83,Pastry,10,1190.42
2035-03-17,Saturday,3,Spring,1,0,1,0,0,24,0.0,176,10.43,Tea,11,1897.58
2035-03-18,Sunday,3,Spring,1,0,1,1,1,22,0.0,279,8.75,Tea,11,2675.45
2035-03-19,Monday,3,Spring,0,0,1,0,1,21,4.5,190,6.92,Americano,10,1452.71
2035-03-20,Tuesday,3,Spring,0,0,1,0,0,30,2.6,141,8.49,Latte,10,1105.64
2035-03-21,Wednesday,3,Spring,0,0,1,1,0,18,0.0,162,7.28,Cappuccino,10,1384.36
2035-03-22,Thursday,3,Spring,0,0,0,0,0,21,2.1,140,6.73,Latte,10,824.83
2035-03-23,Friday,3,Spring,0,0,1,1,0,26,2.8,152,4.73,Cappuccino,10,737.02
2035-03-24,Saturday,3,Spring,1,0,0,0,0,24,2.6,188,4.73,Sandwich,11,833.15
2035-03-25,Sunday,3,Spring,1,0,1,0,1,29,0.0,232,4.9,Americano,11,1287.5
2035-03-26,Monday,3,Spring,0,0,1,1,0,23,0.9,178,10.08,Americano,10,2007.55
2035-03-27,Tuesday,3,Spring,0,0,0,1,0,20,3.2,197,7.77,Americano,10,1639.59
2035-03-28,Wednesday,3,Spring,0,0,1,0,0,28,2.4,142,5.83,Pastry,10,949.24
2035-03-29,Thursday,3,Spring,0,0,1,0,0,24,4.0,101,10.26,Americano,10,1118.68
2035-03-30,Friday,3,Spring,0,0,0,1,0,21,2.4,172,6.09,Mocha,10,1140.65
2035-03-31,Saturday,3,Spring,1,0,1,0,0,29,3.3,194,4.56,Tea,11,891.84
2035-04-01,Sunday,4,Spring,1,0,1,0,0,19,7.9,188,5.77,Mocha,11,1188.94
2035-04-02,Monday,4,Spring,0,0,0,0,0,21,4.9,125,6.92,Sandwich,10,978.26
2035-04-03,Tuesday,4,Spring,0,0,1,0,0,19,2.5,115,7.32,Mocha,10,896.99
2035-04-04,Wednesday,4,Spring,0,0,1,1,0,20,3.8,142,8.9,Cappuccino,10,1349.03
2035-04-05,Thursday,4,Spring,0,0,0,1,1,27,3.7,258,8.51,Latte,10,2379.08
2035-04-06,Friday,4,Spring,0,0,0,0,0,29,0.0,116,8.28,Mocha,10,993.72
2035-04-07,Saturday,4,Spring,1,0,1,0,0,28,0.5,174,7.48,Cappuccino,11,1209.27
2035-04-08,Sunday,4,Spring,1,0,1,0,0,18,5.3,196,10.42,Latte,11,2087.43
2035-04-09,Monday,4,Spring,0,0,0,1,1,30,4.3,214,5.36,Espresso,10,1447.59
2035-04-10,Tuesday,4,Spring,0,0,1,0,0,26,5.1,129,7.46,Sandwich,10,899.32
2035-04-11,Wednesday,4,Spring,0,0,1,0,0,18,0.9,103,6.48,Americano,10,581.95
2035-04-12,Thursday,4,Spring,0,0,1,0,0,27,7.2,119,5.54,Mocha,10,549.38
2035-04-13,Friday,4,Spring,0,0,1,0,0,30,2.6,109,10.25,Mocha,10,974.68
2035-04-14,Saturday,4,Spring,1,0,1,1,0,29,3.8,211,8.31,Americano,11,1876.04
2035-04-15,Sunday,4,Spring,1,0,0,0,0,27,5.3,218,7.85,Americano,11,1758.47
2035-04-16,Monday,4,Spring,0,0,1,1,0,29,0.0,155,9.33,Cappuccino,10,1595.92
2035-04-17,Tuesday,4,Spring,0,0,0,0,0,28,0.0,142,5.89,Latte,10,768.78
2035-04-18,Wednesday,4,Spring,0,0,1,1,0,29,11.9,131,8.81,Latte,10,1226.75
2035-04-19,Thursday,4,Spring,0,0,1,0,1,26,5.4,195,9.38,Americano,10,1791.12
2035-04-20,Friday,4,Spring,0,0,1,0,0,25,0.0,128,10.43,Pastry,10,1353.02
2035-04-21,Saturday,4,Spring,1,1,1,0,0,18,5.9,178,9.88,Sandwich,11,1672.94
2035-04-22,Sunday,4,Spring,1,0,1,0,0,21,0.7,191,6.39,Tea,11,1225.54
2035-04-23,Monday,4,Spring,0,0,1,1,0,21,6.3,148,9.51,Sandwich,10,1635.54
2035-04-24,Tuesday,4,Spring,0,0,0,0,0,27,0.0,137,9.17,Mocha,10,1321.17
2035-04-25,Wednesday,4,Spring,0,0,1,0,0,21,2.7,106,8.47,Tea,10,808.44
2035-04-26,Thursday,4,Spring,0,0,1,1,0,25,9.2,163,6.96,Tea,10,1110.15
2035-04-27,Friday,4,Spring,0,0,0,1,0,29,1.8,164,6.85,Mocha,10,1338.15
2035-04-28,Saturday,4,Spring,1,0,1,1,0,29,4.2,250,10.04,Espresso,11,2694.6
2035-04-29,Sunday,4,Spring,1,0,1,0,0,22,0.0,206,6.17,Tea,11,1279.02
2035-04-30,Monday,4,Spring,0,0,1,0,0,24,2.4,136,10.35,Sandwich,10,1446.35
2035-05-01,Tuesday,5,Spring,0,0,0,0,1,20,2.6,169,9.5,Espresso,10,1796.51
2035-05-02,Wednesday,5,Spring,0,0,0,0,0,26,4.2,123,7.17,Tea,10,859.48
2035-05-03,Thursday,5,Spring,0,0,0,0,0,29,2.3,149,6.91,Sandwich,10,1059.37
2035-05-04,Friday,5,Spring,0,0,0,0,0,20,5.9,129,7.76,Tea,10,1056.74
2035-05-05,Saturday,5,Spring,1,0,0,0,0,21,0.3,191,9.27,Cappuccino,11,1680.25
2035-05-06,Sunday,5,Spring,1,0,0,0,0,25,0.0,192,8.46,Americano,11,1631.5
2035-05-07,Monday,5,Spring,0,0,0,0,0,30,2.8,144,4.9,Espresso,10,776.36
2035-05-08,Tuesday,5,Spring,0,0,0,0,0,22,6.6,147,9.39,Latte,10,1386.71
2035-05-09,Wednesday,5,Spring,0,0,0,0,0,25,5.3,122,4.6,Latte,10,614.92
2035-05-10,Thursday,5,Spring,0,0,0,0,0,24,5.1,139,8.59,Latte,10,1298.34
2035-05-11,Friday,5,Spring,0,0,0,0,1,28,3.0,211,7.22,Americano,10,1736.21
2035-05-12,Saturday,5,Spring,1,0,0,0,0,20,0.0,211,5.43,Sandwich,11,1014.82
2035-05-13,Sunday,5,Spring,1,0,0,0,0,22,3.5,188,10.47,Espresso,11,1942.74
2035-05-14,Monday,5,Spring,0,0,0,0,0,24,5.6,110,9.57,Pastry,10,917.87
2035-05-15,Tuesday,5,Spring,0,0,0,0,0,23,0.1,115,8.7,Americano,10,1026.77
2035-05-16,Wednesday,5,Spring,0,0,0,0,0,22,0.0,164,7.09,Pastry,10,1022.2
2035-05-17,Thursday,5,Spring,0,0,0,0,0,21,5.0,115,8.21,Pastry,10,1028.57
2035-05-18,Friday,5,Spring,0,0,0,0,0,22,3.1,150,7.08,Espresso,10,1209.99
2035-05-19,Saturday,5,Spring,1,0,0,0,0,23,6.6,220,9.34,Mocha,11,1918.34
2035-05-20,Sunday,5,Spring,1,0,0,0,0,30,1.1,210,6.55,Tea,11,1274.81
2035-05-21,Monday,5,Spring,0,0,0,0,0,29,5.4,132,8.49,Espresso,10,1099.29
2035-05-22,Tuesday,5,Spring,0,0,0,0,0,21,0.0,122,7.97,Americano,10,1058.32
2035-05-23,Wednesday,5,Spring,0,0,0,0,0,26,0.0,129,5.79,Espresso,10,888.75
2035-05-24,Thursday,5,Spring,0,0,0,0,0,22,8.7,126,7.76,Tea,10,929.82
2035-05-25,Friday,5,Spring,0,0,0,0,0,21,4.7,147,9.23,Cappuccino,10,1303.81
2035-05-26,Saturday,5,Spring,1,0,0,0,0,24,0.8,187,8.84,Cappuccino,11,1508.3
2035-05-27,Sunday,5,Spring,1,0,0,0,0,26,0.8,209,6.04,Americano,11,1301.81
2035-05-28,Monday,5,Spring,0,0,0,1,0,30,2.9,172,6.27,Latte,10,1156.04
2035-05-29,Tuesday,5,Spring,0,0,0,0,0,30,4.0,108,10.07,Mocha,10,1235.84
2035-05-30,Wednesday,5,Spring,0,0,0,0,1,29,7.1,195,5.48,Sandwich,10,1048.07
2035-05-31,Thursday,5,Spring,0,0,0,0,1,18,7.1,177,4.61,Mocha,10,757.95
2035-06-01,Friday,6,Summer,0,0,0,0,0,37,4.6,108,8.92,Americano,10,1010.54
2035-06-02,Saturday,6,Summer,1,0,0,0,0,37,0.4,195,8.69,Mocha,11,1794.3
2035-06-03,Sunday,6,Summer,1,0,0,0,0,35,1.5,208,9.34,Espresso,11,2056.99
2035-06-04,Monday,6,Summer,0,0,0,0,1,32,1.5,191,9.32,Mocha,10,1898.65
2035-06-05,Tuesday,6,Summer,0,0,0,1,0,38,3.6,179,8.52,Espresso,10,1548.4
2035-06-06,Wednesday,6,Summer,0,0,0,0,0,42,0.4,132,5.31,Sandwich,10,732.86
2035-06-07,Thursday,6,Summer,0,0,0,0,0,39,9.6,115,5.23,Americano,10,503.72
2035-06-08,Friday,6,Summer,0,0,0,0,0,42,1.4,117,9.32,Latte,10,1119.22
2035-06-09,Saturday,6,Summer,1,0,0,0,0,42,0.7,233,8.07,Espresso,11,2000.84
2035-06-10,Sunday,6,Summer,1,0,0,0,0,41,0.3,230,7.65,Cappuccino,11,1852.91
2035-06-11,Monday,6,Summer,0,0,0,0,0,32,1.5,155,4.89,Mocha,10,823.66
2035-06-12,Tuesday,6,Summer,0,0,0,1,0,35,0.7,194,5.69,Tea,10,1158.12
2035-06-13,Wednesday,6,Summer,0,0,0,0,1,32,5.4,178,6.88,Americano,10,1428.01
2035-06-14,Thursday,6,Summer,0,0,0,0,1,35,5.1,187,10.37,Sandwich,10,2109.74
2035-06-15,Friday,6,Summer,0,0,0,1,0,35,0.0,181,10.36,Latte,10,2062.07
2035-06-16,Saturday,6,Summer,1,0,0,0,1,29,0.0,259,7.37,Tea,11,2026.05
2035-06-17,Sunday,6,Summer,1,0,0,0,1,33,2.7,268,8.3,Pastry,11,2446.78
2035-06-18,Monday,6,Summer,0,0,0,0,0,31,0.0,139,5.99,Espresso,10,843.78
2035-06-19,Tuesday,6,Summer,0,0,0,0,0,36,0.1,126,9.32,Espresso,10,1208.05
2035-06-20,Wednesday,6,Summer,0,0,0,0,0,33,0.0,150,7.76,Cappuccino,10,1189.38
2035-06-21,Thursday,6,Summer,0,1,0,0,0,39,0.6,117,6.06,Pastry,10,728.58
2035-06-22,Friday,6,Summer,0,0,0,0,0,40,0.0,119,4.6,Espresso,10,538.6
2035-06-23,Saturday,6,Summer,1,0,0,1,0,36,0.0,234,5.07,Americano,11,1346.12
2035-06-24,Sunday,6,Summer,1,0,0,1,0,40,0.0,275,5.4,Cappuccino,11,1690.47
2035-06-25,Monday,6,Summer,0,0,0,0,0,34,0.1,164,8.62,Pastry,10,1516.73
2035-06-26,Tuesday,6,Summer,0,0,0,1,0,41,0.8,191,4.99,Tea,10,1007.07
2035-06-27,Wednesday,6,Summer,0,0,0,0,0,30,2.6,116,8.57,Tea,10,981.05
2035-06-28,Thursday,6,Summer,0,0,0,1,0,40,0.0,161,5.08,Mocha,10,803.01
2035-06-29,Friday,6,Summer,0,0,0,0,0,33,3.9,109,9.04,Sandwich,10,953.83
2035-06-30,Saturday,6,Summer,1,0,0,1,0,40,0.0,236,6.43,Mocha,11,1574.98
2035-07-01,Sunday,7,Summer,1,0,0,0,0,32,0.0,235,7.39,Americano,11,1839.2
2035-07-02,Monday,7,Summer,0,0,0,0,1,30,0.0,218,8.06,Americano,10,1785.13
2035-07-03,Tuesday,7,Summer,0,0,0,0,0,28,5.2,122,6.13,Latte,10,848.13
2035-07-04,Wednesday,7,Summer,0,0,0,1,0,41,3.0,158,8.6,Espresso,10,1456.38
2035-07-05,Thursday,7,Summer,0,0,0,0,1,31,2.1,181,7.31,Americano,10,1388.39
2035-07-06,Friday,7,Summer,0,0,0,0,0,42,0.0,127,7.8,Sandwich,10,955.16
2035-07-07,Saturday,7,Summer,1,1,0,1,0,30,3.8,213,8.21,Tea,11,1981.47
2035-07-08,Sunday,7,Summer,1,0,0,0,1,32,3.6,267,4.94,Americano,11,1389.47
2035-07-09,Monday,7,Summer,0,0,0,1,0,36,1.2,207,5.1,Latte,10,1209.72
2035-07-10,Tuesday,7,Summer,0,0,0,1,0,34,3.1,193,8.69,Latte,10,1802.76
2035-07-11,Wednesday,7,Summer,0,0,0,0,0,29,3.0,138,8.69,Espresso,10,1310.37
2035-07-12,Thursday,7,Summer,0,0,0,0,0,34,2.7,139,8.49,Sandwich,10,1119.42
2035-07-13,Friday,7,Summer,0,1,0,0,0,36,0.0,144,4.65,Americano,10,703.65
2035-07-14,Saturday,7,Summer,1,0,0,0,0,28,2.0,226,6.18,Espresso,11,1325.36
2035-07-15,Sunday,7,Summer,1,0,0,1,0,37,3.2,265,6.85,Tea,11,2084.03
2035-07-16,Monday,7,Summer,0,0,0,0,0,36,0.0,127,8.13,Cappuccino,10,1069.61
2035-07-17,Tuesday,7,Summer,0,0,0,0,0,35,0.9,153,7.5,Espresso,10,1211.32
2035-07-18,Wednesday,7,Summer,0,0,0,0,0,38,2.3,111,5.21,Espresso,10,478.84
2035-07-19,Thursday,7,Summer,0,0,0,0,1,35,0.0,212,7.57,Tea,10,1732.51
2035-07-20,Friday,7,Summer,0,0,0,0,0,41,1.3,138,9.1,Mocha,10,1341.79
2035-07-21,Saturday,7,Summer,1,0,0,0,0,30,0.0,217,10.1,Espresso,11,2226.36
2035-07-22,Sunday,7,Summer,1,0,0,1,0,36,0.0,265,9.94,Americano,11,2977.19
2035-07-23,Monday,7,Summer,0,0,0,0,0,28,0.0,154,7.84,Tea,10,1068.34
2035-07-24,Tuesday,7,Summer,0,1,0,1,0,31,0.0,186,9.96,Pastry,10,2003.58
2035-07-25,Wednesday,7,Summer,0,0,0,1,0,40,1.8,169,5.45,Tea,10,1000.58
2035-07-26,Thursday,7,Summer,0,0,0,1,0,42,0.0,192,7.51,Americano,10,1694.0
2035-07-27,Friday,7,Summer,0,0,0,1,0,41,0.1,195,8.6,Pastry,10,1857.26
2035-07-28,Saturday,7,Summer,1,0,0,0,0,33,0.7,202,4.86,Sandwich,11,880.29
2035-07-29,Sunday,7,Summer,1,0,0,1,0,41,0.1,265,5.49,Tea,11,1560.75
2035-07-30,Monday,7,Summer,0,0,0,1,1,29,2.0,243,9.29,Mocha,10,2675.96
2035-07-31,Tuesday,7,Summer,0,0,0,1,0,39,0.1,185,5.4,Mocha,10,1247.28
2035-08-01,Wednesday,8,Summer,0,0,0,0,1,41,4.3,183,6.74,Mocha,10,1157.19
2035-08-02,Thursday,8,Summer,0,0,0,0,0,35,2.8,122,10.49,Sandwich,10,1398.32
2035-08-03,Friday,8,Summer,0,0,0,0,1,39,0.1,191,5.82,Tea,10,1189.22
2035-08-04,Saturday,8,Summer,1,0,0,0,0,32,0.5,194,5.6,Mocha,11,1012.29
2035-08-05,Sunday,8,Summer,1,0,0,0,0,39,2.2,221,5.75,Mocha,11,1283.31
2035-08-06,Monday,8,Summer,0,0,0,1,0,42,0.1,172,6.74,Latte,10,1169.62
2035-08-07,Tuesday,8,Summer,0,0,0,0,0,42,1.2,120,6.48,Americano,10,651.22
2035-08-08,Wednesday,8,Summer,0,0,0,0,0,42,0.5,138,8.73,Espresso,10,1307.01
2035-08-09,Thursday,8,Summer,0,0,0,1,0,33,0.0,195,7.19,Pastry,10,1441.43
2035-08-10,Friday,8,Summer,0,0,0,0,0,28,1.9,142,5.38,Mocha,10,733.61
2035-08-11,Saturday,8,Summer,1,0,0,0,0,38,0.0,224,9.74,Sandwich,11,2172.78
2035-08-12,Sunday,8,Summer,1,0,0,1,1,39,2.1,319,8.83,Espresso,11,3156.4
2035-08-13,Monday,8,Summer,0,0,0,0,0,28,6.1,120,9.85,Mocha,10,1241.76
2035-08-14,Tuesday,8,Summer,0,0,0,0,0,37,1.8,113,5.36,Espresso,10,537.67
2035-08-15,Wednesday,8,Summer,0,0,0,0,1,33,0.0,183,6.43,Mocha,10,1128.56
2035-08-16,Thursday,8,Summer,0,0,0,0,0,34,2.1,156,9.53,Sandwich,10,1591.68
2035-08-17,Friday,8,Summer,0,0,0,0,0,31,2.6,115,6.01,Americano,10,763.4
2035-08-18,Saturday,8,Summer,1,0,0,0,0,39,3.7,211,4.58,Americano,11,869.01
2035-08-19,Sunday,8,Summer,1,0,0,1,0,40,2.5,269,9.08,Tea,11,2771.89
2035-08-20,Monday,8,Summer,0,0,0,0,0,36,1.1,124,7.45,Mocha,10,1016.77
2035-08-21,Tuesday,8,Summer,0,0,0,0,1,38,5.9,180,9.31,Mocha,10,1609.9
2035-08-22,Wednesday,8,Summer,0,0,0,1,0,39,2.6,195,6.86,Mocha,10,1578.02
2035-08-23,Thursday,8,Summer,0,0,0,1,0,34,0.1,177,10.35,Cappuccino,10,1945.0
2035-08-24,Friday,8,Summer,0,0,0,0,0,30,3.1,135,7.37,Latte,10,995.04
2035-08-25,Saturday,8,Summer,1,0,0,1,0,35,0.0,267,8.74,Mocha,11,2700.65
2035-08-26,Sunday,8,Summer,1,0,0,1,0,36,3.0,266,6.37,Cappuccino,11,1981.54
2035-08-27,Monday,8,Summer,0,1,0,0,0,30,0.0,114,7.86,Tea,10,951.5
2035-08-28,Tuesday,8,Summer,0,0,0,1,1,37,3.2,227,5.48,Pastry,10,1361.89
2035-08-29,Wednesday,8,Summer,0,0,0,0,0,40,3.9,151,6.86,Sandwich,10,1071.85
2035-08-30,Thursday,8,Summer,0,0,0,0,0,38,1.3,139,5.83,Tea,10,914.15
2035-08-31,Friday,8,Summer,0,0,0,0,0,39,2.0,139,8.47,Tea,10,1099.63
2035-09-01,Saturday,9,Autumn,1,0,0,0,0,25,3.9,190,7.43,Pastry,11,1360.3
2035-09-02,Sunday,9,Autumn,1,0,0,0,0,29,3.6,186,9.97,Cappuccino,11,1888.59
2035-09-03,Monday,9,Autumn,0,0,0,0,0,22,7.8,146,6.25,Mocha,10,783.23
2035-09-04,Tuesday,9,Autumn,0,0,0,0,1,29,3.3,187,6.26,Pastry,10,1123.43
2035-09-05,Wednesday,9,Autumn,0,0,0,0,0,28,0.4,156,10.4,Latte,10,1512.74
2035-09-06,Thursday,9,Autumn,0,0,0,0,0,29,2.9,123,6.89,Mocha,10,752.06
2035-09-07,Friday,9,Autumn,0,0,0,0,1,23,3.0,204,6.32,Cappuccino,10,1383.39
2035-09-08,Saturday,9,Autumn,1,0,0,1,0,25,3.2,267,6.27,Mocha,11,1950.09
2035-09-09,Sunday,9,Autumn,1,0,0,0,0,25,3.4,216,9.99,Mocha,11,2126.04
2035-09-10,Monday,9,Autumn,0,0,0,0,0,22,0.0,133,5.18,Tea,10,586.67
2035-09-11,Tuesday,9,Autumn,0,0,0,0,0,28,3.9,113,9.14,Espresso,10,1168.52
2035-09-12,Wednesday,9,Autumn,0,0,0,0,1,29,3.6,188,7.85,Tea,10,1524.89
2035-09-13,Thursday,9,Autumn,0,0,0,0,0,24,2.5,147,7.22,Pastry,10,1159.53
2035-09-14,Friday,9,Autumn,0,0,0,1,0,23,2.6,200,7.1,Tea,10,1432.45
2035-09-15,Saturday,9,Autumn,1,1,0,0,1,30,5.1,248,8.52,Tea,11,2108.07
2035-09-16,Sunday,9,Autumn,1,0,0,0,0,26,3.0,180,9.5,Pastry,11,1612.0
2035-09-17,Monday,9,Autumn,0,0,0,0,0,24,5.6,108,5.88,Latte,10,524.13
2035-09-18,Tuesday,9,Autumn,0,0,0,0,0,18,2.3,113,5.78,Latte,10,600.24
2035-09-19,Wednesday,9,Autumn,0,0,0,0,1,24,0.0,212,7.03,Pastry,10,1584.77
2035-09-20,Thursday,9,Autumn,0,0,0,0,0,25,3.6,145,8.93,Latte,10,1380.64
2035-09-21,Friday,9,Autumn,0,0,0,0,0,24,0.0,153,6.52,Pastry,10,961.99
2035-09-22,Saturday,9,Autumn,1,0,0,0,0,27,2.3,213,8.4,Americano,11,1894.11
2035-09-23,Sunday,9,Autumn,1,0,0,1,0,18,0.7,240,5.53,Mocha,11,1604.65
2035-09-24,Monday,9,Autumn,0,0,0,0,1,19,0.0,182,4.59,Cappuccino,10,861.93
2035-09-25,Tuesday,9,Autumn,0,0,0,0,1,21,6.5,191,7.41,Latte,10,1476.12
2035-09-26,Wednesday,9,Autumn,0,1,0,0,0,21,0.0,107,5.72,Latte,10,711.5
2035-09-27,Thursday,9,Autumn,0,0,0,0,1,28,5.7,195,5.94,Sandwich,10,1189.65
2035-09-28,Friday,9,Autumn,0,0,0,0,0,29,8.6,115,10.23,Latte,10,1221.44
2035-09-29,Saturday,9,Autumn,1,0,0,1,0,22,3.6,256,8.76,Americano,11,2474.81
2035-09-30,Sunday,9,Autumn,1,0,0,0,0,26,4.7,176,6.49,Sandwich,11,1000.66
2035-10-01,Monday,10,Autumn,0,0,0,0,0,28,3.2,159,9.0,Mocha,10,1376.92
2035-10-02,Tuesday,10,Autumn,0,0,0,0,1,25,6.9,159,8.42,Cappuccino,10,1441.91
2035-10-03,Wednesday,10,Autumn,0,0,0,0,0,20,2.0,127,8.29,Latte,10,1012.32
2035-10-04,Thursday,10,Autumn,0,1,0,0,0,24,1.6,121,5.73,Americano,10,708.31
2035-10-05,Friday,10,Autumn,0,0,0,0,1,25,1.3,206,5.43,Pastry,10,1268.51
2035-10-06,Saturday,10,Autumn,1,0,0,0,0,20,0.0,196,6.27,Mocha,11,1196.71
2035-10-07,Sunday,10,Autumn,1,0,0,0,1,30,1.6,278,10.37,Pastry,11,3115.04
2035-10-08,Monday,10,Autumn,0,0,0,0,0,27,4.9,112,6.67,Latte,10,663.37
2035-10-09,Tuesday,10,Autumn,0,0,0,0,0,23,4.0,136,10.14,Tea,10,1367.78
2035-10-10,Wednesday,10,Autumn,0,0,0,1,0,20,1.4,172,4.5,Americano,10,879.94
2035-10-11,Thursday,10,Autumn,0,0,0,0,0,20,1.6,122,5.44,Americano,10,646.77
2035-10-12,Friday,10,Autumn,0,0,0,0,0,25,0.5,145,10.36,Latte,10,1388.28
2035-10-13,Saturday,10,Autumn,1,0,0,0,0,21,4.6,211,9.05,Americano,11,2054.77
2035-10-14,Sunday,10,Autumn,1,0,0,0,1,26,1.2,240,6.45,Americano,11,1567.29
2035-10-15,Monday,10,Autumn,0,0,0,1,1,18,0.0,243,4.83,Pastry,10,1412.73
2035-10-16,Tuesday,10,Autumn,0,0,0,0,0,18,4.6,129,9.49,Americano,10,1188.74
2035-10-17,Wednesday,10,Autumn,0,0,0,1,0,28,2.5,169,8.92,Cappuccino,10,1731.35
2035-10-18,Thursday,10,Autumn,0,0,0,0,0,22,5.3,121,9.66,Pastry,10,1230.65
2035-10-19,Friday,10,Autumn,0,0,0,0,1,19,2.5,203,10.29,Tea,10,2332.47
2035-10-20,Saturday,10,Autumn,1,0,0,0,0,29,4.3,200,4.63,Mocha,11,1020.45
2035-10-21,Sunday,10,Autumn,1,0,0,1,0,28,7.3,230,10.42,Tea,11,2538.58
2035-10-22,Monday,10,Autumn,0,0,0,1,0,20,2.9,190,9.97,Cappuccino,10,2071.02
2035-10-23,Tuesday,10,Autumn,0,0,0,1,1,25,0.6,218,8.13,Sandwich,10,2020.89
2035-10-24,Wednesday,10,Autumn,0,0,0,1,0,27,2.2,161,8.71,Espresso,10,1447.77
2035-10-25,Thursday,10,Autumn,0,0,0,0,0,20,0.3,131,10.25,Sandwich,10,1452.89
2035-10-26,Friday,10,Autumn,0,1,0,1,0,24,0.0,167,5.02,Espresso,10,830.72
2035-10-27,Saturday,10,Autumn,1,0,0,0,0,25,7.5,170,9.7,Sandwich,11,1597.31
2035-10-28,Sunday,10,Autumn,1,0,0,0,1,26,1.7,258,7.37,Espresso,11,2021.31
2035-10-29,Monday,10,Autumn,0,0,0,0,0,18,6.9,131,9.39,Latte,10,1368.84
2035-10-30,Tuesday,10,Autumn,0,0,0,0,0,19,2.0,111,7.57,Mocha,10,916.83
2035-10-31,Wednesday,10,Autumn,0,0,0,0,0,23,5.1,142,4.51,Mocha,10,591.76
2035-11-01,Thursday,11,Autumn,0,0,0,1,0,27,2.1,205,5.63,Latte,10,1237.36
2035-11-02,Friday,11,Autumn,0,0,0,0,0,22,1.5,146,9.93,Cappuccino,10,1382.86
2035-11-03,Saturday,11,Autumn,1,0,0,0,0,23,1.0,185,7.94,Espresso,11,1372.45
2035-11-04,Sunday,11,Autumn,1,0,0,0,0,29,3.3,207,8.71,Latte,11,1797.78
2035-11-05,Monday,11,Autumn,0,1,0,1,0,21,0.0,192,6.27,Latte,10,1414.04
2035-11-06,Tuesday,11,Autumn,0,0,0,0,0,24,0.0,128,7.04,Americano,10,931.39
2035-11-07,Wednesday,11,Autumn,0,0,0,0,0,25,0.0,165,10.49,Mocha,10,1766.75
2035-11-08,Thursday,11,Autumn,0,0,0,0,1,28,0.8,211,5.55,Latte,10,1243.26
2035-11-09,Friday,11,Autumn,0,0,0,0,0,20,5.2,148,7.53,Cappuccino,10,1067.68
2035-11-10,Saturday,11,Autumn,1,0,0,1,1,20,5.9,316,10.3,Espresso,11,3858.06
2035-11-11,Sunday,11,Autumn,1,0,0,1,0,21,1.4,272,9.28,Pastry,11,2817.81
2035-11-12,Monday,11,Autumn,0,0,0,0,0,18,5.0,151,9.13,Pastry,10,1380.23
2035-11-13,Tuesday,11,Autumn,0,0,0,0,1,21,2.9,209,8.38,Mocha,10,1903.99
2035-11-14,Wednesday,11,Autumn,0,0,0,1,0,20,4.1,180,8.48,Sandwich,10,1556.96
2035-11-15,Thursday,11,Autumn,0,0,0,1,0,27,3.6,162,8.92,Americano,10,1687.38
2035-11-16,Friday,11,Autumn,0,0,0,0,0,21,0.0,122,8.66,Espresso,10,923.88
2035-11-17,Saturday,11,Autumn,1,0,0,0,0,25,5.8,209,6.7,Pastry,11,1421.62
2035-11-18,Sunday,11,Autumn,1,0,0,1,0,29,0.1,279,5.55,Espresso,11,1709.23
2035-11-19,Monday,11,Autumn,0,0,0,0,0,27,5.1,135,9.42,Sandwich,10,1244.28
2035-11-20,Tuesday,11,Autumn,0,0,0,0,1,27,0.0,218,7.53,Latte,10,1639.92
2035-11-21,Wednesday,11,Autumn,0,1,0,0,0,19,3.3,138,6.11,Mocha,10,783.92
2035-11-22,Thursday,11,Autumn,0,0,0,0,0,20,5.2,121,9.0,Sandwich,10,1228.61
2035-11-23,Friday,11,Autumn,0,1,0,0,0,25,3.7,137,5.04,Latte,10,744.79
2035-11-24,Saturday,11,Autumn,1,0,0,1,1,20,3.7,299,8.74,Cappuccino,11,2876.29
2035-11-25,Sunday,11,Autumn,1,0,0,0,0,21,0.0,194,7.76,Americano,11,1412.73
2035-11-26,Monday,11,Autumn,0,0,0,0,0,20,3.6,152,6.44,Americano,10,959.66
2035-11-27,Tuesday,11,Autumn,0,0,0,0,0,25,5.4,143,6.32,Pastry,10,763.92
2035-11-28,Wednesday,11,Autumn,0,0,0,0,1,24,3.7,175,5.27,Espresso,10,1048.56
2035-11-29,Thursday,11,Autumn,0,0,0,0,0,21,0.0,165,5.68,Pastry,10,1010.38
2035-11-30,Friday,11,Autumn,0,0,0,0,0,19,1.7,138,10.36,Mocha,10,1326.09
2035-12-01,Saturday,12,Winter,1,0,0,0,1,8,3.2,272,5.68,Cappuccino,11,1583.31
2035-12-02,Sunday,12,Winter,1,0,0,0,0,11,7.6,215,8.94,Latte,11,1777.87
2035-12-03,Monday,12,Winter,0,0,0,1,0,10,11.5,145,10.35,Cappuccino,10,1635.88
2035-12-04,Tuesday,12,Winter,0,0,0,1,0,12,4.4,181,5.34,Pastry,10,963.89
2035-12-05,Wednesday,12,Winter,0,0,0,0,0,8,4.5,134,9.3,Mocha,10,1162.66
2035-12-06,Thursday,12,Winter,0,0,0,0,0,18,0.1,160,5.5,Tea,10,923.24
2035-12-07,Friday,12,Winter,0,0,0,1,0,16,2.3,164,9.5,Mocha,10,1574.38
2035-12-08,Saturday,12,Winter,1,0,0,0,0,16,3.5,185,7.29,Espresso,11,1377.61
2035-12-09,Sunday,12,Winter,1,0,0,0,0,17,7.7,216,8.87,Mocha,11,1849.08
2035-12-10,Monday,12,Winter,0,0,0,1,0,12,2.9,192,9.66,Pastry,10,1977.83
2035-12-11,Tuesday,12,Winter,0,0,0,0,0,16,4.0,120,6.46,Latte,10,921.53
2035-12-12,Wednesday,12,Winter,0,0,0,0,0,8,5.6,144,4.87,Latte,10,827.16
2035-12-13,Thursday,12,Winter,0,0,0,0,1,12,2.1,167,6.7,Cappuccino,10,1316.79
2035-12-14,Friday,12,Winter,0,0,0,1,0,13,1.7,164,7.0,Cappuccino,10,1188.54
2035-12-15,Saturday,12,Winter,1,0,0,1,0,10,6.1,228,7.51,Mocha,11,1883.29
2035-12-16,Sunday,12,Winter,1,0,0,0,0,6,1.3,184,5.13,Espresso,11,1014.86
2035-12-17,Monday,12,Winter,0,0,0,0,0,13,0.0,141,9.2,Pastry,10,1244.95
2035-12-18,Tuesday,12,Winter,0,0,0,0,0,15,0.0,145,9.45,Espresso,10,1271.93
2035-12-19,Wednesday,12,Winter,0,0,0,0,0,8,4.6,150,9.61,Tea,10,1335.88
2035-12-20,Thursday,12,Winter,0,0,0,0,0,10,4.3,128,7.86,Espresso,10,1091.84
2035-12-21,Friday,12,Winter,0,0,0,0,0,10,2.7,139,7.53,Latte,10,1054.58
2035-12-22,Saturday,12,Winter,1,0,0,0,0,8,3.4,193,7.03,Latte,11,1393.94
2035-12-23,Sunday,12,Winter,1,0,0,1,0,6,0.0,253,5.51,Cappuccino,11,1546.72
2035-12-24,Monday,12,Winter,0,0,0,1,0,16,6.2,161,8.19,Americano,10,1359.65
2035-12-25,Tuesday,12,Winter,0,0,0,0,0,14,4.0,157,5.15,Latte,10,807.9
2035-12-26,Wednesday,12,Winter,0,0,0,1,0,18,2.8,198,7.22,Tea,10,1640.95
2035-12-27,Thursday,12,Winter,0,0,0,0,0,16,2.2,147,8.44,Mocha,10,1270.06
2035-12-28,Friday,12,Winter,0,0,0,1,1,18,1.0,222,7.22,Tea,10,1805.14
2035-12-29,Saturday,12,Winter,1,0,0,1,0,16,4.2,271,6.25,Latte,11,1815.63
2035-12-30,Sunday,12,Winter,1,0,0,1,0,16,2.4,235,8.05,Americano,11,2214.12
2035-12-31,Monday,12,Winter,0,0,0,0,0,16,5.0,133,9.68,Sandwich,10,1189.9
2036-01-01,Tuesday,1,Winter,0,0,0,0,0,10,5.5,115,4.73,Pastry,10,650.97
2036-01-02,Wednesday,1,Winter,0,0,0,0,0,18,2.6,112,5.88,Cappuccino,10,714.67
2036-01-03,Thursday,1,Winter,0,0,0,0,0,6,4.0,134,10.41,Americano,10,1413.44
2036-01-04,Friday,1,Winter,0,0,0,1,1,8,1.0,246,6.43,Espresso,10,1736.59
2036-01-05,Saturday,1,Winter,1,0,0,0,0,16,2.2,219,7.49,Latte,11,1566.9
2036-01-06,Sunday,1,Winter,1,0,0,1,0,5,6.6,221,8.15,Tea,11,1904.36
2036-01-07,Monday,1,Winter,0,0,0,0,0,15,3.7,118,5.01,Americano,10,734.09
2036-01-08,Tuesday,1,Winter,0,0,0,1,0,5,2.1,173,5.09,Pastry,10,877.26
2036-01-09,Wednesday,1,Winter,0,0,0,0,0,9,5.7,141,8.35,Tea,10,1135.89
2036-01-10,Thursday,1,Winter,0,0,0,0,0,8,0.0,159,7.16,Mocha,10,1127.3
2036-01-11,Friday,1,Winter,0,0,0,0,0,13,9.1,145,7.94,Cappuccino,10,1154.76
2036-01-12,Saturday,1,Winter,1,0,0,1,0,6,1.1,259,10.42,Latte,11,2938.76
2036-01-13,Sunday,1,Winter,1,0,0,0,0,12,6.1,212,8.43,Sandwich,11,1760.82
2036-01-14,Monday,1,Winter,0,0,0,0,0,10,2.1,155,7.73,Tea,10,1315.79
2036-01-15,Tuesday,1,Winter,0,0,0,0,0,5,3.8,141,5.48,Sandwich,10,905.49
2036-01-16,Wednesday,1,Winter,0,0,0,1,0,10,2.3,197,4.79,Sandwich,10,897.95
2036-01-17,Thursday,1,Winter,0,0,0,0,0,14,0.0,141,9.03,Mocha,10,1205.48
2036-01-18,Friday,1,Winter,0,0,0,0,0,16,6.2,125,4.6,Sandwich,10,535.53
2036-01-19,Saturday,1,Winter,1,0,0,0,0,6,0.0,215,6.33,Sandwich,11,1351.14
2036-01-20,Sunday,1,Winter,1,0,0,1,0,9,0.6,239,5.64,Americano,11,1452.35
2036-01-21,Monday,1,Winter,0,0,0,0,0,9,5.8,117,4.93,Pastry,10,676.01
2036-01-22,Tuesday,1,Winter,0,0,0,1,0,14,4.0,200,4.84,Latte,10,978.87
2036-01-23,Wednesday,1,Winter,0,0,0,1,0,7,2.0,193,7.82,Americano,10,1703.13
2036-01-24,Thursday,1,Winter,0,0,0,0,1,16,6.3,167,5.87,Cappuccino,10,1136.13
2036-01-25,Friday,1,Winter,0,0,0,0,1,14,0.0,195,9.08,Sandwich,10,1730.07
2036-01-26,Saturday,1,Winter,1,1,0,0,0,11,6.5,195,6.48,Latte,11,1352.84
2036-01-27,Sunday,1,Winter,1,0,0,1,0,8,5.0,251,8.58,Latte,11,2346.52
2036-01-28,Monday,1,Winter,0,0,0,0,0,7,2.6,130,9.8,Mocha,10,1236.49
2036-01-29,Tuesday,1,Winter,0,0,0,0,0,12,0.0,123,7.53,Latte,10,805.83
2036-01-30,Wednesday,1,Winter,0,0,0,0,1,18,2.5,191,8.94,Mocha,10,1669.57
2036-01-31,Thursday,1,Winter,0,0,0,1,0,10,4.7,193,9.45,Mocha,10,2112.35
2036-02-01,Friday,2,Winter,0,0,0,0,0,9,4.5,132,4.81,Cappuccino,10,772.03
2036-02-02,Saturday,2,Winter,1,0,0,0,0,9,5.2,207,9.22,Latte,11,1854.01
2036-02-03,Sunday,2,Winter,1,0,0,0,0,6,4.2,198,5.09,Cappuccino,11,1021.13
2036-02-04,Monday,2,Winter,0,0,0,0,0,11,3.6,153,7.94,Espresso,10,1320.11
2036-02-05,Tuesday,2,Winter,0,0,0,0,0,11,2.4,112,6.58,Americano,10,803.07
2036-02-06,Wednesday,2,Winter,0,0,0,0,0,15,3.8,129,5.06,Sandwich,10,786.36
2036-02-07,Thursday,2,Winter,0,0,0,1,0,6,3.5,187,5.86,Pastry,10,1120.54
2036-02-08,Friday,2,Winter,0,0,0,1,0,13,0.0,161,8.14,Americano,10,1430.93
2036-02-09,Saturday,2,Winter,1,0,0,1,0,6,9.2,261,8.04,Pastry,11,2172.64
2036-02-10,Sunday,2,Winter,1,0,0,0,0,16,5.7,195,5.6,Tea,11,1041.98
2036-02-11,Monday,2,Winter,0,0,0,0,0,14,1.5,137,7.2,Tea,10,841.68
2036-02-12,Tuesday,2,Winter,0,0,0,0,0,14,6.2,128,6.36,Sandwich,10,902.49
2036-02-13,Wednesday,2,Winter,0,0,0,1,0,5,6.0,148,7.22,Cappuccino,10,1235.97
2036-02-14,Thursday,2,Winter,0,1,0,0,1,16,4.4,194,8.55,Americano,10,1682.46
2036-02-15,Friday,2,Winter,0,0,0,1,0,15,6.1,167,6.82,Latte,10,1175.32
2036-02-16,Saturday,2,Winter,1,0,0,1,0,5,1.9,277,7.5,Pastry,11,2201.88
2036-02-17,Sunday,2,Winter,1,0,0,0,1,13,0.0,244,4.68,Sandwich,11,1065.67
2036-02-18,Monday,2,Winter,0,0,0,0,1,6,2.3,171,5.29,Sandwich,10,1005.49
2036-02-19,Tuesday,2,Winter,0,0,0,0,0,17,3.7,133,6.78,Pastry,10,824.25
2036-02-20,Wednesday,2,Winter,0,0,0,0,1,16,1.8,176,7.3,Espresso,10,1395.45
2036-02-21,Thursday,2,Winter,0,0,0,1,0,13,1.7,186,4.71,Espresso,10,1036.83
2036-02-22,Friday,2,Winter,0,0,0,0,0,14,7.6,127,8.98,Americano,10,1271.08
2036-02-23,Saturday,2,Winter,1,0,0,0,0,16,0.0,194,8.5,Latte,11,1761.49
2036-02-24,Sunday,2,Winter,1,0,0,0,0,16,0.0,212,9.35,Espresso,11,1960.97
2036-02-25,Monday,2,Winter,0,0,0,0,1,12,5.8,168,8.33,Sandwich,10,1463.46
2036-02-26,Tuesday,2,Winter,0,0,0,1,0,9,4.0,167,9.32,Mocha,10,1653.3
2036-02-27,Wednesday,2,Winter,0,0,0,1,0,8,4.1,175,5.94,Pastry,10,1086.32
2036-02-28,Thursday,2,Winter,0,0,0,0,0,14,5.3,108,8.06,Mocha,10,965.06
2036-02-29,Friday,2,Winter,0,0,0,0,0,12,2.6,136,7.47,Tea,10,1164.18
2036-03-01,Saturday,3,Spring,1,0,0,0,1,20,1.8,285,6.13,Sandwich,11,1957.22
2036-03-02,Sunday,3,Spring,1,0,0,0,0,29,0.0,187,4.61,Sandwich,11,736.05
2036-03-03,Monday,3,Spring,0,0,0,0,0,27,2.8,124,7.88,Sandwich,10,1080.21
2036-03-04,Tuesday,3,Spring,0,0,1,0,0,19,5.7,89,6.62,Mocha,10,624.03
2036-03-05,Wednesday,3,Spring,0,0,1,0,0,28,0.0,120,5.29,Latte,10,588.87
2036-03-06,Thursday,3,Spring,0,0,0,0,0,21,3.1,133,9.29,Tea,10,1151.86
2036-03-07,Friday,3,Spring,0,0,0,0,0,26,4.1,150,4.97,Mocha,10,801.45
2036-03-08,Saturday,3,Spring,1,0,0,0,0,30,1.7,211,9.97,Mocha,11,2047.56
2036-03-09,Sunday,3,Spring,1,0,1,0,0,30,6.1,201,10.0,Cappuccino,11,1929.87
2036-03-10,Monday,3,Spring,0,0,0,0,1,18,0.0,184,9.2,Cappuccino,10,1762.9
2036-03-11,Tuesday,3,Spring,0,0,1,1,0,24,2.1,175,6.57,Pastry,10,1228.19
2036-03-12,Wednesday,3,Spring,0,0,0,0,0,19,5.4,144,7.1,Tea,10,904.16
2036-03-13,Thursday,3,Spring,0,0,1,1,1,26,0.1,236,7.11,Tea,10,2008.84
2036-03-14,Friday,3,Spring,0,0,1,1,0,30,2.1,181,5.06,Americano,10,996.07
2036-03-15,Saturday,3,Spring,1,0,0,1,0,26,0.1,279,5.81,Americano,11,1636.15
2036-03-16,Sunday,3,Spring,1,0,1,0,1,25,0.0,230,7.36,Latte,11,1642.09
2036-03-17,Monday,3,Spring,0,0,0,1,1,21,5.7,212,7.15,Mocha,10,1618.39
2036-03-18,Tuesday,3,Spring,0,0,0,0,1,19,5.1,182,8.18,Mocha,10,1432.59
2036-03-19,Wednesday,3,Spring,0,0,1,0,0,27,3.3,126,4.89,Cappuccino,10,664.2
2036-03-20,Thursday,3,Spring,0,0,1,0,0,22,4.0,112,5.1,Espresso,10,648.42
2036-03-21,Friday,3,Spring,0,0,1,0,1,22,4.3,153,5.27,Americano,10,783.17
2036-03-22,Saturday,3,Spring,1,0,1,0,1,26,3.4,241,5.16,Pastry,11,1418.37
2036-03-23,Sunday,3,Spring,1,1,1,0,0,27,0.0,208,7.8,Latte,11,1477.29
2036-03-24,Monday,3,Spring,0,0,1,1,1,20,3.4,226,6.85,Cappuccino,10,1654.03
2036-03-25,Tuesday,3,Spring,0,0,1,0,0,19,1.5,104,6.77,Americano,10,674.19
2036-03-26,Wednesday,3,Spring,0,0,1,0,0,19,0.0,146,7.54,Latte,10,1078.57
2036-03-27,Thursday,3,Spring,0,0,0,0,1,25,0.0,203,9.54,Americano,10,2093.0
2036-03-28,Friday,3,Spring,0,0,0,1,0,30,0.0,188,7.77,Mocha,10,1600.85
2036-03-29,Saturday,3,Spring,1,0,0,1,0,27,0.0,231,5.92,Americano,11,1628.94
2036-03-30,Sunday,3,Spring,1,0,0,1,0,27,5.5,262,6.38,Pastry,11,1906.53
2036-03-31,Monday,3,Spring,0,0,1,1,1,26,3.3,217,6.13,Americano,10,1552.13
2036-04-01,Tuesday,4,Spring,0,0,1,0,0,21,0.0,132,8.56,Espresso,10,1055.07
2036-04-02,Wednesday,4,Spring,0,0,0,0,0,19,2.5,155,9.17,Mocha,10,1381.21
2036-04-03,Thursday,4,Spring,0,0,0,0,0,25,3.1,142,10.18,Cappuccino,10,1375.05
2036-04-04,Friday,4,Spring,0,0,1,1,1,28,3.7,201,10.23,Sandwich,10,2453.02
2036-04-05,Saturday,4,Spring,1,0,0,1,0,23,0.8,229,6.3,Sandwich,11,1458.0
2036-04-06,Sunday,4,Spring,1,0,0,0,0,28,1.8,219,7.13,Latte,11,1437.23
2036-04-07,Monday,4,Spring,0,0,0,1,1,18,10.9,242,6.73,Americano,10,1695.46
2036-04-08,Tuesday,4,Spring,0,0,1,0,1,29,2.0,183,7.19,Tea,10,1282.2
2036-04-09,Wednesday,4,Spring,0,0,1,0,0,28,7.1,94,6.85,Espresso,10,623.26
2036-04-10,Thursday,4,Spring,0,0,0,0,0,28,3.5,125,10.42,Americano,10,1347.08
2036-04-11,Friday,4,Spring,0,0,1,0,1,22,5.1,169,8.1,Mocha,10,1370.91
2036-04-12,Saturday,4,Spring,1,0,0,0,0,20,0.0,207,9.48,Mocha,11,1989.44
2036-04-13,Sunday,4,Spring,1,0,1,1,0,24,6.1,245,8.27,Sandwich,11,2325.32
2036-04-14,Monday,4,Spring,0,0,1,0,0,22,0.0,139,8.25,Tea,10,1138.71
2036-04-15,Tuesday,4,Spring,0,0,1,0,0,21,1.3,120,5.39,Latte,10,550.67
2036-04-16,Wednesday,4,Spring,0,0,1,0,0,24,0.0,107,6.17,Sandwich,10,774.78
2036-04-17,Thursday,4,Spring,0,0,1,0,0,21,2.7,113,5.28,Mocha,10,694.06
2036-04-18,Friday,4,Spring,0,0,1,0,1,28,5.2,154,9.06,Mocha,10,1440.2
2036-04-19,Saturday,4,Spring,1,0,0,0,1,24,8.6,272,10.18,Pastry,11,2867.51
2036-04-20,Sunday,4,Spring,1,0,1,0,0,28,7.3,199,7.96,Pastry,11,1448.83
2036-04-21,Monday,4,Spring,0,0,1,0,0,26,0.0,107,5.98,Pastry,10,492.91
2036-04-22,Tuesday,4,Spring,0,0,1,0,0,22,2.7,126,4.84,Pastry,10,507.06
2036-04-23,Wednesday,4,Spring,0,0,0,0,0,23,2.4,127,7.97,Pastry,10,991.99
2036-04-24,Thursday,4,Spring,0,0,0,0,0,23,0.0,132,9.98,Americano,10,1347.18
2036-04-25,Friday,4,Spring,0,0,0,1,0,20,2.7,195,7.22,Mocha,10,1419.29
2036-04-26,Saturday,4,Spring,1,0,0,0,0,25,3.2,202,4.84,Pastry,11,1063.55
2036-04-27,Sunday,4,Spring,1,0,1,0,1,19,3.5,227,7.0,Mocha,11,1574.22
2036-04-28,Monday,4,Spring,0,0,0,1,1,20,0.9,223,7.42,Espresso,10,1778.78
2036-04-29,Tuesday,4,Spring,0,0,0,0,0,24,3.1,146,5.85,Espresso,10,970.41
2036-04-30,Wednesday,4,Spring,0,0,0,0,0,29,6.0,133,9.27,Americano,10,1178.59
2036-05-01,Thursday,5,Spring,0,0,0,0,0,25,4.7,132,9.48,Espresso,10,1190.99
2036-05-02,Friday,5,Spring,0,0,0,0,0,20,0.0,156,8.1,Tea,10,1269.73
2036-05-03,Saturday,5,Spring,1,1,0,1,0,20,0.8,223,8.43,Mocha,11,1936.88
2036-05-04,Sunday,5,Spring,1,0,0,1,0,18,0.0,265,6.81,Cappuccino,11,1939.08
2036-05-05,Monday,5,Spring,0,0,0,0,0,24,1.3,120,6.95,Sandwich,10,842.28
2036-05-06,Tuesday,5,Spring,0,0,0,0,0,20,2.3,144,9.43,Espresso,10,1216.11
2036-05-07,Wednesday,5,Spring,0,0,0,0,1,18,0.0,177,5.73,Latte,10,1052.83
2036-05-08,Thursday,5,Spring,0,0,0,0,0,21,5.3,113,7.55,Sandwich,10,915.25
2036-05-09,Friday,5,Spring,0,0,0,0,0,21,6.6,128,4.64,Cappuccino,10,640.39
2036-05-10,Saturday,5,Spring,1,0,0,0,0,28,0.0,218,9.18,Americano,11,2092.07
2036-05-11,Sunday,5,Spring,1,0,0,1,0,28,3.6,253,10.34,Pastry,11,2886.76
2036-05-12,Monday,5,Spring,0,0,0,0,0,24,6.1,123,7.99,Cappuccino,10,834.34
2036-05-13,Tuesday,5,Spring,0,0,0,0,0,23,5.7,120,5.98,Tea,10,709.37
2036-05-14,Wednesday,5,Spring,0,0,0,1,0,25,2.7,172,4.86,Espresso,10,904.23
2036-05-15,Thursday,5,Spring,0,0,0,0,1,24,3.0,175,10.12,Latte,10,1998.81
2036-05-16,Friday,5,Spring,0,0,0,1,0,22,6.5,173,8.06,Pastry,10,1432.04
2036-05-17,Saturday,5,Spring,1,0,0,1,0,19,1.5,232,10.2,Pastry,11,2554.78
2036-05-18,Sunday,5,Spring,1,0,0,0,0,28,6.1,181,8.4,Latte,11,1546.51
2036-05-19,Monday,5,Spring,0,0,0,1,0,26,0.0,168,4.5,Tea,10,853.53
2036-05-20,Tuesday,5,Spring,0,0,0,0,0,26,7.3,120,8.71,Mocha,10,1136.66
2036-05-21,Wednesday,5,Spring,0,0,0,0,0,28,6.8,122,5.76,Cappuccino,10,745.71
2036-05-22,Thursday,5,Spring,0,0,0,0,0,24,0.0,140,6.63,Mocha,10,833.1
2036-05-23,Friday,5,Spring,0,0,0,1,0,27,1.5,166,5.01,Sandwich,10,998.77
2036-05-24,Saturday,5,Spring,1,0,0,1,0,18,0.0,268,10.49,Americano,11,3161.11
2036-05-25,Sunday,5,Spring,1,0,0,0,0,29,0.7,202,7.17,Mocha,11,1587.25
2036-05-26,Monday,5,Spring,0,0,0,1,0,20,0.0,205,7.78,Espresso,10,1833.6
2036-05-27,Tuesday,5,Spring,0,0,0,0,0,28,0.0,151,8.24,Cappuccino,10,1314.99
2036-05-28,Wednesday,5,Spring,0,0,0,0,0,27,8.4,126,8.81,Pastry,10,1005.21
2036-05-29,Thursday,5,Spring,0,0,0,1,0,18,8.5,155,6.34,Tea,10,1154.95
2036-05-30,Friday,5,Spring,0,0,0,0,0,28,2.3,122,8.88,Cappuccino,10,1074.52
2036-05-31,Saturday,5,Spring,1,0,0,0,0,30,8.5,177,6.44,Cappuccino,11,1119.12
2036-06-01,Sunday,6,Summer,1,0,0,0,0,30,3.1,184,8.63,Cappuccino,11,1531.6
2036-06-02,Monday,6,Summer,0,0,0,0,1,36,0.0,215,8.38,Latte,10,1972.46
2036-06-03,Tuesday,6,Summer,0,0,0,0,0,39,4.7,142,7.24,Cappuccino,10,1074.41
2036-06-04,Wednesday,6,Summer,0,0,0,0,0,38,0.0,120,8.73,Espresso,10,936.69
2036-06-05,Thursday,6,Summer,0,0,0,1,1,42,0.0,224,6.84,Latte,10,1624.51
2036-06-06,Friday,6,Summer,0,0,0,0,0,35,0.0,151,10.48,Americano,10,1624.56
2036-06-07,Saturday,6,Summer,1,0,0,1,0,36,0.4,263,6.08,Mocha,11,1648.48
2036-06-08,Sunday,6,Summer,1,0,0,0,0,28,7.9,180,6.06,Cappuccino,11,979.13
2036-06-09,Monday,6,Summer,0,0,0,0,0,33,2.1,130,5.18,Latte,10,810.86
2036-06-10,Tuesday,6,Summer,0,0,0,0,0,38,0.0,161,8.99,Latte,10,1533.6
2036-06-11,Wednesday,6,Summer,0,0,0,1,0,31,2.9,158,7.12,Sandwich,10,1089.22
2036-06-12,Thursday,6,Summer,0,0,0,0,0,40,2.8,144,9.43,Pastry,10,1242.06
2036-06-13,Friday,6,Summer,0,0,0,1,0,37,3.5,167,10.39,Mocha,10,1790.36
2036-06-14,Saturday,6,Summer,1,0,0,0,0,33,3.6,209,6.6,Mocha,11,1499.52
2036-06-15,Sunday,6,Summer,1,0,0,0,0,35,6.5,188,5.74,Latte,11,1147.1
2036-06-16,Monday,6,Summer,0,0,0,0,0,29,0.0,149,6.91,Sandwich,10,886.53
2036-06-17,Tuesday,6,Summer,0,1,0,1,0,40,0.0,166,8.47,Mocha,10,1480.1
2036-06-18,Wednesday,6,Summer,0,0,0,1,0,40,3.1,192,7.77,Tea,10,1625.98
2036-06-19,Thursday,6,Summer,0,0,0,0,0,38,0.0,130,5.1,Espresso,10,536.81
2036-06-20,Friday,6,Summer,0,0,0,1,0,38,0.0,163,5.23,Espresso,10,819.39
2036-06-21,Saturday,6,Summer,1,0,0,0,0,40,0.0,224,5.3,Pastry,11,1290.0
2036-06-22,Sunday,6,Summer,1,0,0,0,1,41,3.5,246,6.56,Pastry,11,1838.46
2036-06-23,Monday,6,Summer,0,0,0,1,0,29,0.0,210,10.12,Pastry,10,2195.1
2036-06-24,Tuesday,6,Summer,0,0,0,0,0,34,0.0,128,5.23,Espresso,10,667.84
2036-06-25,Wednesday,6,Summer,0,0,0,0,0,40,0.6,131,6.77,Americano,10,781.47
2036-06-26,Thursday,6,Summer,0,0,0,0,0,29,3.8,117,8.39,Pastry,10,1021.06
2036-06-27,Friday,6,Summer,0,0,0,1,0,39,1.1,174,6.67,Sandwich,10,1240.26
2036-06-28,Saturday,6,Summer,1,0,0,0,0,37,1.6,225,9.41,Mocha,11,2202.01
2036-06-29,Sunday,6,Summer,1,0,0,0,0,36,3.6,178,8.41,Cappuccino,11,1532.94
2036-06-30,Monday,6,Summer,0,0,0,0,0,36,3.7,153,8.4,Latte,10,1239.14
2036-07-01,Tuesday,7,Summer,0,0,0,0,1,41,3.8,196,6.57,Tea,10,1312.64
2036-07-02,Wednesday,7,Summer,0,0,0,0,0,34,0.0,134,5.61,Tea,10,875.17
2036-07-03,Thursday,7,Summer,0,0,0,1,0,38,4.5,166,7.12,Espresso,10,1220.37
2036-07-04,Friday,7,Summer,0,0,0,1,0,35,0.0,164,10.12,Cappuccino,10,1798.58
2036-07-05,Saturday,7,Summer,1,0,0,0,0,42,0.7,192,9.97,Latte,11,2000.77
2036-07-06,Sunday,7,Summer,1,0,0,1,0,36,0.0,236,9.9,Pastry,11,2694.94
2036-07-07,Monday,7,Summer,0,0,0,1,0,32,0.0,204,4.93,Cappuccino,10,1123.04
2036-07-08,Tuesday,7,Summer,0,0,0,1,0,31,6.1,175,8.33,Mocha,10,1528.18
2036-07-09,Wednesday,7,Summer,0,0,0,0,0,31,0.0,143,7.8,Mocha,10,1121.31
2036-07-10,Thursday,7,Summer,0,0,0,1,0,29,2.0,173,9.13,Cappuccino,10,1742.68
2036-07-11,Friday,7,Summer,0,0,0,1,0,34,0.6,188,8.57,Cappuccino,10,1736.19
2036-07-12,Saturday,7,Summer,1,0,0,1,0,36,0.0,242,6.3,Mocha,11,1630.12
2036-07-13,Sunday,7,Summer,1,0,0,0,0,30,0.5,231,5.75,Latte,11,1452.05
2036-07-14,Monday,7,Summer,0,0,0,0,0,30,3.1,155,5.74,Latte,10,935.63
2036-07-15,Tuesday,7,Summer,0,0,0,1,0,28,0.0,167,10.14,Espresso,10,1886.68
2036-07-16,Wednesday,7,Summer,0,0,0,1,1,36,4.5,209,9.85,Espresso,10,2299.17
2036-07-17,Thursday,7,Summer,0,0,0,0,1,32,0.0,177,7.05,Pastry,10,1325.83
2036-07-18,Friday,7,Summer,0,0,0,0,0,34,4.4,133,7.68,Latte,10,995.65
2036-07-19,Saturday,7,Summer,1,0,0,0,0,39,1.3,225,6.42,Cappuccino,11,1510.98
2036-07-20,Sunday,7,Summer,1,0,0,0,0,34,2.2,211,8.59,Latte,11,1933.51
2036-07-21,Monday,7,Summer,0,0,0,0,0,36,3.1,120,8.67,Latte,10,1021.97
2036-07-22,Tuesday,7,Summer,0,0,0,0,0,39,0.9,131,6.9,Sandwich,10,810.91
2036-07-23,Wednesday,7,Summer,0,1,0,0,0,40,4.3,133,10.45,Espresso,10,1331.03
2036-07-24,Thursday,7,Summer,0,0,0,0,1,42,2.0,184,6.96,Pastry,10,1359.89
2036-07-25,Friday,7,Summer,0,0,0,0,0,32,2.8,131,10.0,Americano,10,1275.7
2036-07-26,Saturday,7,Summer,1,0,0,0,0,32,0.0,233,6.65,Mocha,11,1572.03
2036-07-27,Sunday,7,Summer,1,0,0,0,0,33,2.7,203,7.9,Mocha,11,1595.81
2036-07-28,Monday,7,Summer,0,0,0,1,0,40,2.2,186,6.52,Sandwich,10,1433.7
2036-07-29,Tuesday,7,Summer,0,0,0,1,0,30,2.7,163,9.44,Mocha,10,1599.17
2036-07-30,Wednesday,7,Summer,0,0,0,1,1,37,0.0,245,8.83,Espresso,10,2598.1
2036-07-31,Thursday,7,Summer,0,0,0,0,0,32,2.2,145,5.21,Latte,10,784.38
2036-08-01,Friday,8,Summer,0,0,0,0,0,34,0.0,120,5.11,Cappuccino,10,652.32
2036-08-02,Saturday,8,Summer,1,0,0,0,0,34,0.0,214,6.2,Americano,11,1296.67
2036-08-03,Sunday,8,Summer,1,0,0,0,0,40,1.6,204,9.31,Pastry,11,2018.16
2036-08-04,Monday,8,Summer,0,0,0,1,0,38,0.0,175,4.9,Cappuccino,10,866.38
2036-08-05,Tuesday,8,Summer,0,0,0,1,0,31,1.1,203,7.31,Espresso,10,1768.62
2036-08-06,Wednesday,8,Summer,0,0,0,1,0,33,4.7,159,4.62,Cappuccino,10,741.73
2036-08-07,Thursday,8,Summer,0,0,0,0,0,28,2.7,151,9.27,Latte,10,1359.5
2036-08-08,Friday,8,Summer,0,0,0,0,0,42,0.3,139,4.97,Americano,10,644.08
2036-08-09,Saturday,8,Summer,1,0,0,0,0,40,0.3,185,10.19,Mocha,11,1980.07
2036-08-10,Sunday,8,Summer,1,0,0,0,0,35,0.0,213,6.35,Americano,11,1382.85
2036-08-11,Monday,8,Summer,0,0,0,1,0,29,2.9,168,5.31,Mocha,10,940.79
2036-08-12,Tuesday,8,Summer,0,0,0,1,1,33,4.5,253,8.95,Espresso,10,2467.77
2036-08-13,Wednesday,8,Summer,0,0,0,0,0,29,2.2,138,4.64,Americano,10,512.91
2036-08-14,Thursday,8,Summer,0,0,0,0,0,38,1.4,158,5.5,Americano,10,792.33
2036-08-15,Friday,8,Summer,0,0,0,0,0,32,0.0,144,7.19,Mocha,10,1160.17
2036-08-16,Saturday,8,Summer,1,0,0,1,0,40,4.5,225,4.8,Tea,11,1143.07
2036-08-17,Sunday,8,Summer,1,1,0,1,0,36,0.0,270,7.69,Pastry,11,2404.16
2036-08-18,Monday,8,Summer,0,0,0,0,0,37,5.3,122,6.93,Mocha,10,758.12
2036-08-19,Tuesday,8,Summer,0,0,0,1,0,34,0.0,176,4.98,Mocha,10,1059.58
2036-08-20,Wednesday,8,Summer,0,0,0,1,0,42,0.5,177,6.99,Espresso,10,1502.58
2036-08-21,Thursday,8,Summer,0,0,0,1,0,40,0.6,198,9.68,Sandwich,10,2031.26
2036-08-22,Friday,8,Summer,0,0,0,0,0,30,0.2,126,10.44,Sandwich,10,1239.64
2036-08-23,Saturday,8,Summer,1,0,0,1,0,38,3.9,269,6.08,Cappuccino,11,1680.53
2036-08-24,Sunday,8,Summer,1,0,0,0,0,39,2.5,212,6.24,Pastry,11,1257.41
2036-08-25,Monday,8,Summer,0,0,0,1,0,40,4.1,200,10.31,Mocha,10,2367.83
2036-08-26,Tuesday,8,Summer,0,0,0,1,0,34,4.1,184,9.63,Tea,10,1900.87
2036-08-27,Wednesday,8,Summer,0,0,0,0,0,39,0.0,122,9.19,Tea,10,991.59
2036-08-28,Thursday,8,Summer,0,0,0,1,0,37,0.0,210,7.7,Tea,10,1856.47
2036-08-29,Friday,8,Summer,0,0,0,1,1,35,3.9,257,10.13,Pastry,10,3000.6
2036-08-30,Saturday,8,Summer,1,0,0,1,0,38,0.0,237,9.96,Tea,11,2521.84
2036-08-31,Sunday,8,Summer,1,0,0,0,0,39,0.7,188,8.3,Tea,11,1655.58
2036-09-01,Monday,9,Autumn,0,0,0,0,1,27,2.7,194,8.79,Mocha,10,1806.4
2036-09-02,Tuesday,9,Autumn,0,0,0,0,0,22,0.6,135,5.04,Espresso,10,822.61
2036-09-03,Wednesday,9,Autumn,0,0,0,0,0,27,1.9,161,6.9,Pastry,10,999.08
2036-09-04,Thursday,9,Autumn,0,0,0,0,0,26,9.5,114,4.99,Cappuccino,10,580.56
2036-09-05,Friday,9,Autumn,0,0,0,0,0,20,5.6,108,8.07,Americano,10,859.87
2036-09-06,Saturday,9,Autumn,1,0,0,1,0,25,0.9,230,10.21,Cappuccino,11,2585.26
2036-09-07,Sunday,9,Autumn,1,0,0,0,0,27,2.7,216,7.22,Mocha,11,1519.29
2036-09-08,Monday,9,Autumn,0,0,0,0,0,25,0.2,143,9.24,Cappuccino,10,1383.71
